,County,City,Lat,Long,RdNm1,RdNm2,rank_SW,rank_SA,rank_delta_SA_minus_SW,Latitude,Longitude,intersection_key
0,LUBBOCK,ABERNATHY,33.8197,-101.8412,FM0597,SL0369,1312.0,877.0,-435.0,33.8197,-101.8412,LUBBOCK|ABERNATHY|33.8197|-101.8412|FM0597|SL0369
1,LUBBOCK,ABERNATHY,33.8262,-101.8379,,CR2400,4152.0,3090.0,-1062.0,33.8262,-101.8379,LUBBOCK|ABERNATHY|33.8262|-101.8379||CR2400
2,LUBBOCK,ABERNATHY,33.8264,-101.8431,3RD STREET,AVENUE D,4152.0,2769.0,-1383.0,33.8264,-101.8431,LUBBOCK|ABERNATHY|33.8264|-101.8431|3RD STREET|AVENUE D
3,LUBBOCK,ABERNATHY,33.8271,-101.8410,IH0027,NOT REPORTED,4152.0,5680.0,1528.0,33.8271,-101.841,LUBBOCK|ABERNATHY|33.8271|-101.8410|IH0027|NOT REPORTED
4,LUBBOCK,BUFFALO SPRINGS (LUBBOCK),33.5241,-101.7275,,FM0835,4152.0,3510.0,-642.0,33.5241,-101.7275,LUBBOCK|BUFFALO SPRINGS (LUBBOCK)|33.5241|-101.7275||FM0835
5,LUBBOCK,BUFFALO SPRINGS (LUBBOCK),33.5313,-101.7087,,PONY EXPRESS TRL,4152.0,2930.0,-1222.0,33.5313,-101.7087,LUBBOCK|BUFFALO SPRINGS (LUBBOCK)|33.5313|-101.7087||PONY EXPRESS TRL
6,LUBBOCK,BUFFALO SPRINGS (LUBBOCK),33.5332,-101.7143,,PONY EXPRESS TRL,4152.0,4273.0,121.0,33.5332,-101.7143,LUBBOCK|BUFFALO SPRINGS (LUBBOCK)|33.5332|-101.7143||PONY EXPRESS TRL
7,LUBBOCK,BUFFALO SPRINGS (LUBBOCK),33.5332,-101.7222,,COMANCHE DRIVE,1312.0,3139.0,1827.0,33.5332,-101.7222,LUBBOCK|BUFFALO SPRINGS (LUBBOCK)|33.5332|-101.7222||COMANCHE DRIVE
8,LUBBOCK,BUFFALO SPRINGS (LUBBOCK),33.5338,-101.7176,,COMANCHE DRIVE,1312.0,4367.0,3055.0,33.5338,-101.7176,LUBBOCK|BUFFALO SPRINGS (LUBBOCK)|33.5338|-101.7176||COMANCHE DRIVE
9,LUBBOCK,BUFFALO SPRINGS (LUBBOCK),33.5351,-101.7260,,FM0835,390.5,1094.0,703.5,33.5351,-101.726,LUBBOCK|BUFFALO SPRINGS (LUBBOCK)|33.5351|-101.7260||FM0835
10,LUBBOCK,IDALOU,33.6616,-101.6762,,E 6TH STREET,4152.0,3168.0,-984.0,33.6616,-101.6762,LUBBOCK|IDALOU|33.6616|-101.6762||E 6TH STREET
11,LUBBOCK,IDALOU,33.6646,-101.6829,WALNUT STREET,WALNUT STREET,1312.0,4319.0,3007.0,33.6646,-101.6829,LUBBOCK|IDALOU|33.6646|-101.6829|WALNUT STREET|WALNUT STREET
12,LUBBOCK,IDALOU,33.6649,-101.6887,FM0400,US0062,1312.0,5091.0,3779.0,33.6649,-101.6887,LUBBOCK|IDALOU|33.6649|-101.6887|FM0400|US0062
13,LUBBOCK,IDALOU,33.6651,-101.6884,FM0400,US0062,4152.0,1859.0,-2293.0,33.6651,-101.6884,LUBBOCK|IDALOU|33.6651|-101.6884|FM0400|US0062
14,LUBBOCK,IDALOU,33.6667,-101.6830,FM0400,US0062,4152.0,3841.0,-311.0,33.6667,-101.683,LUBBOCK|IDALOU|33.6667|-101.6830|FM0400|US0062
15,LUBBOCK,LUBBOCK,33.4730,-101.8951,,134TH STREET,4152.0,5236.0,1084.0,33.473,-101.8951,LUBBOCK|LUBBOCK|33.4730|-101.8951||134TH STREET
16,LUBBOCK,LUBBOCK,33.4753,-101.9223,,FM1730,4152.0,1282.0,-2870.0,33.4753,-101.9223,LUBBOCK|LUBBOCK|33.4753|-101.9223||FM1730
17,LUBBOCK,LUBBOCK,33.4754,-101.9049,,QUAKER AVENUE,4152.0,4560.0,408.0,33.4754,-101.9049,LUBBOCK|LUBBOCK|33.4754|-101.9049||QUAKER AVENUE
18,LUBBOCK,LUBBOCK,33.4757,-101.8876,,INDIANA AVENUE,4152.0,3941.0,-211.0,33.4757,-101.8876,LUBBOCK|LUBBOCK|33.4757|-101.8876||INDIANA AVENUE
19,LUBBOCK,LUBBOCK,33.4760,-101.9395,FM1585,FM1730,4152.0,3391.0,-761.0,33.476,-101.9395,LUBBOCK|LUBBOCK|33.4760|-101.9395|FM1585|FM1730
20,LUBBOCK,LUBBOCK,33.4760,-101.9396,FM1585,FRANKFORD AVENUE,4152.0,4169.0,17.0,33.476,-101.9396,LUBBOCK|LUBBOCK|33.4760|-101.9396|FM1585|FRANKFORD AVENUE
21,LUBBOCK,LUBBOCK,33.4760,-101.9482,,130TH STREET,4152.0,2096.0,-2056.0,33.476,-101.9482,LUBBOCK|LUBBOCK|33.4760|-101.9482||130TH STREET
22,LUBBOCK,LUBBOCK,33.4760,-101.9570,130TH STREET,MILWAUKEE AVENUE,4152.0,4057.0,-95.0,33.476,-101.957,LUBBOCK|LUBBOCK|33.4760|-101.9570|130TH STREET|MILWAUKEE AVENUE
23,LUBBOCK,LUBBOCK,33.4760,-101.9580,,130TH STREET,4152.0,4105.0,-47.0,33.476,-101.958,LUBBOCK|LUBBOCK|33.4760|-101.9580||130TH STREET
24,LUBBOCK,LUBBOCK,33.4760,-101.9724,,FM1585,4152.0,4886.0,734.0,33.476,-101.9724,LUBBOCK|LUBBOCK|33.4760|-101.9724||FM1585
25,LUBBOCK,LUBBOCK,33.4760,-101.9744,FM0179,FM1585,135.5,440.0,304.5,33.476,-101.9744,LUBBOCK|LUBBOCK|33.4760|-101.9744|FM0179|FM1585
26,LUBBOCK,LUBBOCK,33.4760,-101.9744,FM1585,UPLAND AVENUE,75.0,94.0,19.0,33.476,-101.9744,LUBBOCK|LUBBOCK|33.4760|-101.9744|FM1585|UPLAND AVENUE
27,LUBBOCK,LUBBOCK,33.4762,-101.8833,,FM1585,4152.0,4165.0,13.0,33.4762,-101.8833,LUBBOCK|LUBBOCK|33.4762|-101.8833||FM1585
28,LUBBOCK,LUBBOCK,33.4762,-101.8876,130TH STREET,INDIANA AVENUE,4152.0,2675.0,-1477.0,33.4762,-101.8876,LUBBOCK|LUBBOCK|33.4762|-101.8876|130TH STREET|INDIANA AVENUE
29,LUBBOCK,LUBBOCK,33.4762,-101.8876,FM1585,INDIANA AVENUE,669.0,126.0,-543.0,33.4762,-101.8876,LUBBOCK|LUBBOCK|33.4762|-101.8876|FM1585|INDIANA AVENUE
30,LUBBOCK,LUBBOCK,33.4762,-101.8918,FM1585,KNOXVILLE AVENUE,2031.5,407.0,-1624.5,33.4762,-101.8918,LUBBOCK|LUBBOCK|33.4762|-101.8918|FM1585|KNOXVILLE AVENUE
31,LUBBOCK,LUBBOCK,33.4762,-101.8961,130TH STREET,MEMPHIS AVENUE,4152.0,2067.0,-2085.0,33.4762,-101.8961,LUBBOCK|LUBBOCK|33.4762|-101.8961|130TH STREET|MEMPHIS AVENUE
32,LUBBOCK,LUBBOCK,33.4762,-101.8964,FM1585,MEMPHIS AVENUE,4152.0,2920.0,-1232.0,33.4762,-101.8964,LUBBOCK|LUBBOCK|33.4762|-101.8964|FM1585|MEMPHIS AVENUE
33,LUBBOCK,LUBBOCK,33.4762,-101.9052,130TH STREET,QUAKER AVENUE,2031.5,402.0,-1629.5,33.4762,-101.9052,LUBBOCK|LUBBOCK|33.4762|-101.9052|130TH STREET|QUAKER AVENUE
34,LUBBOCK,LUBBOCK,33.4762,-101.9052,FM1585,QUAKER AVENUE,2031.5,480.0,-1551.5,33.4762,-101.9052,LUBBOCK|LUBBOCK|33.4762|-101.9052|FM1585|QUAKER AVENUE
35,LUBBOCK,LUBBOCK,33.4762,-101.9180,,FM1585,4152.0,2254.0,-1898.0,33.4762,-101.918,LUBBOCK|LUBBOCK|33.4762|-101.9180||FM1585
36,LUBBOCK,LUBBOCK,33.4762,-101.9223,FM1585,FM1730,99.0,184.0,85.0,33.4762,-101.9223,LUBBOCK|LUBBOCK|33.4762|-101.9223|FM1585|FM1730
37,LUBBOCK,LUBBOCK,33.4762,-101.9226,FM1585,FM1730,4152.0,2150.0,-2002.0,33.4762,-101.9226,LUBBOCK|LUBBOCK|33.4762|-101.9226|FM1585|FM1730
38,LUBBOCK,LUBBOCK,33.4768,-101.8876,,INDIANA AVENUE,4152.0,5212.0,1060.0,33.4768,-101.8876,LUBBOCK|LUBBOCK|33.4768|-101.8876||INDIANA AVENUE
39,LUBBOCK,LUBBOCK,33.4776,-101.8876,,INDIANA AVENUE,1312.0,1884.0,572.0,33.4776,-101.8876,LUBBOCK|LUBBOCK|33.4776|-101.8876||INDIANA AVENUE
40,LUBBOCK,LUBBOCK,33.4807,-101.9049,,QUAKER AVENUE,4152.0,2736.0,-1416.0,33.4807,-101.9049,LUBBOCK|LUBBOCK|33.4807|-101.9049||QUAKER AVENUE
41,LUBBOCK,LUBBOCK,33.4810,-101.8819,,125TH STREET,4152.0,1581.0,-2571.0,33.481,-101.8819,LUBBOCK|LUBBOCK|33.4810|-101.8819||125TH STREET
42,LUBBOCK,LUBBOCK,33.4814,-101.9049,,QUAKER AVENUE,1312.0,1656.0,344.0,33.4814,-101.9049,LUBBOCK|LUBBOCK|33.4814|-101.9049||QUAKER AVENUE
43,LUBBOCK,LUBBOCK,33.4832,-101.9396,122ND STREET,FRANKFORD AVENUE,4152.0,2115.0,-2037.0,33.4832,-101.9396,LUBBOCK|LUBBOCK|33.4832|-101.9396|122ND STREET|FRANKFORD AVENUE
44,LUBBOCK,LUBBOCK,33.4833,-101.9396,122ND STREET,FRANKFORD AVENUE,4152.0,5419.0,1267.0,33.4833,-101.9396,LUBBOCK|LUBBOCK|33.4833|-101.9396|122ND STREET|FRANKFORD AVENUE
45,LUBBOCK,LUBBOCK,33.4834,-101.8876,122ND STREET,INDIANA AVENUE,4152.0,2183.0,-1969.0,33.4834,-101.8876,LUBBOCK|LUBBOCK|33.4834|-101.8876|122ND STREET|INDIANA AVENUE
46,LUBBOCK,LUBBOCK,33.4834,-101.9049,122ND STREET,QUAKER AVENUE,2031.5,404.0,-1627.5,33.4834,-101.9049,LUBBOCK|LUBBOCK|33.4834|-101.9049|122ND STREET|QUAKER AVENUE
47,LUBBOCK,LUBBOCK,33.4846,-101.9223,121ST STREET,FM 1730,4152.0,5064.0,912.0,33.4846,-101.9223,LUBBOCK|LUBBOCK|33.4846|-101.9223|121ST STREET|FM 1730
48,LUBBOCK,LUBBOCK,33.4854,-101.9396,,FRANKFORD AVENUE,4152.0,4427.0,275.0,33.4854,-101.9396,LUBBOCK|LUBBOCK|33.4854|-101.9396||FRANKFORD AVENUE
49,LUBBOCK,LUBBOCK,33.4855,-101.9396,,FRANKFORD AVENUE,4152.0,1538.0,-2614.0,33.4855,-101.9396,LUBBOCK|LUBBOCK|33.4855|-101.9396||FRANKFORD AVENUE
50,LUBBOCK,LUBBOCK,33.4862,-101.9396,,FRANKFORD AVENUE,4152.0,1855.0,-2297.0,33.4862,-101.9396,LUBBOCK|LUBBOCK|33.4862|-101.9396||FRANKFORD AVENUE
51,LUBBOCK,LUBBOCK,33.4866,-101.9049,,QUAKER AVENUE,4152.0,4434.0,282.0,33.4866,-101.9049,LUBBOCK|LUBBOCK|33.4866|-101.9049||QUAKER AVENUE
52,LUBBOCK,LUBBOCK,33.4871,-101.8876,118TH STREET,INDIANA AVENUE,135.5,46.0,-89.5,33.4871,-101.8876,LUBBOCK|LUBBOCK|33.4871|-101.8876|118TH STREET|INDIANA AVENUE
53,LUBBOCK,LUBBOCK,33.4889,-101.8876,116TH STREET,INDIANA AVENUE,4152.0,5160.0,1008.0,33.4889,-101.8876,LUBBOCK|LUBBOCK|33.4889|-101.8876|116TH STREET|INDIANA AVENUE
54,LUBBOCK,LUBBOCK,33.4896,-101.9117,,115TH STREET,4152.0,4882.0,730.0,33.4896,-101.9117,LUBBOCK|LUBBOCK|33.4896|-101.9117||115TH STREET
55,LUBBOCK,LUBBOCK,33.4901,-101.9049,,QUAKER AVENUE,4152.0,1666.0,-2486.0,33.4901,-101.9049,LUBBOCK|LUBBOCK|33.4901|-101.9049||QUAKER AVENUE
56,LUBBOCK,LUBBOCK,33.4904,-101.8703,,UNIVERSITY AVENUE,4152.0,1579.0,-2573.0,33.4904,-101.8703,LUBBOCK|LUBBOCK|33.4904|-101.8703||UNIVERSITY AVENUE
57,LUBBOCK,LUBBOCK,33.4904,-101.9570,,MILWAUKEE AVENUE,4152.0,5269.0,1117.0,33.4904,-101.957,LUBBOCK|LUBBOCK|33.4904|-101.9570||MILWAUKEE AVENUE
58,LUBBOCK,LUBBOCK,33.4905,-101.9363,114TH STREET,ENGLEWOOD AVENUE,4152.0,3589.0,-563.0,33.4905,-101.9363,LUBBOCK|LUBBOCK|33.4905|-101.9363|114TH STREET|ENGLEWOOD AVENUE
59,LUBBOCK,LUBBOCK,33.4905,-101.9397,,114TH STREET,4152.0,2522.0,-1630.0,33.4905,-101.9397,LUBBOCK|LUBBOCK|33.4905|-101.9397||114TH STREET
60,LUBBOCK,LUBBOCK,33.4905,-101.9406,,114TH STREET,4152.0,1838.0,-2314.0,33.4905,-101.9406,LUBBOCK|LUBBOCK|33.4905|-101.9406||114TH STREET
61,LUBBOCK,LUBBOCK,33.4905,-101.9408,,114TH STREET,4152.0,4342.0,190.0,33.4905,-101.9408,LUBBOCK|LUBBOCK|33.4905|-101.9408||114TH STREET
62,LUBBOCK,LUBBOCK,33.4905,-101.9570,114TH STREET,MILWAUKEE AVENUE,4152.0,1814.0,-2338.0,33.4905,-101.957,LUBBOCK|LUBBOCK|33.4905|-101.9570|114TH STREET|MILWAUKEE AVENUE
63,LUBBOCK,LUBBOCK,33.4906,-101.8703,,UNIVERSITY AVENUE,4152.0,2961.0,-1191.0,33.4906,-101.8703,LUBBOCK|LUBBOCK|33.4906|-101.8703||UNIVERSITY AVENUE
64,LUBBOCK,LUBBOCK,33.4906,-101.8876,114TH STREET,INDIANA AVENUE,4152.0,4395.0,243.0,33.4906,-101.8876,LUBBOCK|LUBBOCK|33.4906|-101.8876|114TH STREET|INDIANA AVENUE
65,LUBBOCK,LUBBOCK,33.4906,-101.9290,,114TH STREET,4152.0,3876.0,-276.0,33.4906,-101.929,LUBBOCK|LUBBOCK|33.4906|-101.9290||114TH STREET
66,LUBBOCK,LUBBOCK,33.4906,-101.9315,,114TH STREET,4152.0,4856.0,704.0,33.4906,-101.9315,LUBBOCK|LUBBOCK|33.4906|-101.9315||114TH STREET
67,LUBBOCK,LUBBOCK,33.4907,-101.8807,,114TH STREET,4152.0,5203.0,1051.0,33.4907,-101.8807,LUBBOCK|LUBBOCK|33.4907|-101.8807||114TH STREET
68,LUBBOCK,LUBBOCK,33.4907,-101.8876,114TH STREET,INDIANA AVENUE,135.5,55.0,-80.5,33.4907,-101.8876,LUBBOCK|LUBBOCK|33.4907|-101.8876|114TH STREET|INDIANA AVENUE
69,LUBBOCK,LUBBOCK,33.4907,-101.8876,INDIANA AVENUE,SH0114,4152.0,4675.0,523.0,33.4907,-101.8876,LUBBOCK|LUBBOCK|33.4907|-101.8876|INDIANA AVENUE|SH0114
70,LUBBOCK,LUBBOCK,33.4907,-101.8883,114TH STREET,INDIANA AVENUE,4152.0,4474.0,322.0,33.4907,-101.8883,LUBBOCK|LUBBOCK|33.4907|-101.8883|114TH STREET|INDIANA AVENUE
71,LUBBOCK,LUBBOCK,33.4907,-101.8985,114TH STREET,MIAMI AVENUE,1312.0,1756.0,444.0,33.4907,-101.8985,LUBBOCK|LUBBOCK|33.4907|-101.8985|114TH STREET|MIAMI AVENUE
72,LUBBOCK,LUBBOCK,33.4907,-101.9029,114TH STREET,NORWOOD AVENUE,4152.0,2942.0,-1210.0,33.4907,-101.9029,LUBBOCK|LUBBOCK|33.4907|-101.9029|114TH STREET|NORWOOD AVENUE
73,LUBBOCK,LUBBOCK,33.4907,-101.9049,114TH STREET,QUAKER AVENUE,135.5,57.0,-78.5,33.4907,-101.9049,LUBBOCK|LUBBOCK|33.4907|-101.9049|114TH STREET|QUAKER AVENUE
74,LUBBOCK,LUBBOCK,33.4907,-101.9051,,114TH STREET,4152.0,3229.0,-923.0,33.4907,-101.9051,LUBBOCK|LUBBOCK|33.4907|-101.9051||114TH STREET
75,LUBBOCK,LUBBOCK,33.4907,-101.9123,,114TH STREET,1312.0,3567.0,2255.0,33.4907,-101.9123,LUBBOCK|LUBBOCK|33.4907|-101.9123||114TH STREET
76,LUBBOCK,LUBBOCK,33.4907,-101.9124,114TH STREET,TOPEKA AVENUE,2031.5,301.0,-1730.5,33.4907,-101.9124,LUBBOCK|LUBBOCK|33.4907|-101.9124|114TH STREET|TOPEKA AVENUE
77,LUBBOCK,LUBBOCK,33.4907,-101.9223,114TH STREET,FM 1730,15.5,17.0,1.5,33.4907,-101.9223,LUBBOCK|LUBBOCK|33.4907|-101.9223|114TH STREET|FM 1730
78,LUBBOCK,LUBBOCK,33.4908,-101.8696,114TH STREET,UNIVERSITY AVENUE,4152.0,5195.0,1043.0,33.4908,-101.8696,LUBBOCK|LUBBOCK|33.4908|-101.8696|114TH STREET|UNIVERSITY AVENUE
79,LUBBOCK,LUBBOCK,33.4908,-101.8703,114TH STREET,UNIVERSITY AVENUE,75.0,91.0,16.0,33.4908,-101.8703,LUBBOCK|LUBBOCK|33.4908|-101.8703|114TH STREET|UNIVERSITY AVENUE
80,LUBBOCK,LUBBOCK,33.4908,-101.8727,,114TH STREET,1312.0,5028.0,3716.0,33.4908,-101.8727,LUBBOCK|LUBBOCK|33.4908|-101.8727||114TH STREET
81,LUBBOCK,LUBBOCK,33.4908,-101.9570,,MILWAUKEE AVENUE,4152.0,4439.0,287.0,33.4908,-101.957,LUBBOCK|LUBBOCK|33.4908|-101.9570||MILWAUKEE AVENUE
82,LUBBOCK,LUBBOCK,33.4909,-101.8703,,UNIVERSITY AVENUE,4152.0,5036.0,884.0,33.4909,-101.8703,LUBBOCK|LUBBOCK|33.4909|-101.8703||UNIVERSITY AVENUE
83,LUBBOCK,LUBBOCK,33.4910,-101.8703,,UNIVERSITY AVENUE,4152.0,4759.0,607.0,33.491,-101.8703,LUBBOCK|LUBBOCK|33.4910|-101.8703||UNIVERSITY AVENUE
84,LUBBOCK,LUBBOCK,33.4910,-101.9570,,MILWAUKEE AVENUE,4152.0,5347.0,1195.0,33.491,-101.957,LUBBOCK|LUBBOCK|33.4910|-101.9570||MILWAUKEE AVENUE
85,LUBBOCK,LUBBOCK,33.4913,-101.9570,,MILWAUKEE AVENUE,4152.0,3882.0,-270.0,33.4913,-101.957,LUBBOCK|LUBBOCK|33.4913|-101.9570||MILWAUKEE AVENUE
86,LUBBOCK,LUBBOCK,33.4915,-101.9223,,FM 1730,4152.0,2061.0,-2091.0,33.4915,-101.9223,LUBBOCK|LUBBOCK|33.4915|-101.9223||FM 1730
87,LUBBOCK,LUBBOCK,33.4916,-101.9397,,FRANKFORD AVENUE,4152.0,1461.0,-2691.0,33.4916,-101.9397,LUBBOCK|LUBBOCK|33.4916|-101.9397||FRANKFORD AVENUE
88,LUBBOCK,LUBBOCK,33.4921,-101.9049,,QUAKER AVENUE,4152.0,2261.0,-1891.0,33.4921,-101.9049,LUBBOCK|LUBBOCK|33.4921|-101.9049||QUAKER AVENUE
89,LUBBOCK,LUBBOCK,33.4921,-101.9310,,CHICAGO AVENUE,1312.0,4984.0,3672.0,33.4921,-101.931,LUBBOCK|LUBBOCK|33.4921|-101.9310||CHICAGO AVENUE
90,LUBBOCK,LUBBOCK,33.4924,-101.9223,,FM 1730,4152.0,2984.0,-1168.0,33.4924,-101.9223,LUBBOCK|LUBBOCK|33.4924|-101.9223||FM 1730
91,LUBBOCK,LUBBOCK,33.4931,-101.9050,,QUAKER AVENUE,1312.0,2784.0,1472.0,33.4931,-101.905,LUBBOCK|LUBBOCK|33.4931|-101.9050||QUAKER AVENUE
92,LUBBOCK,LUBBOCK,33.4942,-101.8876,,INDIANA AVENUE,4152.0,1483.0,-2669.0,33.4942,-101.8876,LUBBOCK|LUBBOCK|33.4942|-101.8876||INDIANA AVENUE
93,LUBBOCK,LUBBOCK,33.4945,-101.8963,,MEMPHIS AVENUE,4152.0,1662.0,-2490.0,33.4945,-101.8963,LUBBOCK|LUBBOCK|33.4945|-101.8963||MEMPHIS AVENUE
94,LUBBOCK,LUBBOCK,33.4957,-101.9045,109TH STREET,QUAKER AVENUE,4152.0,4511.0,359.0,33.4957,-101.9045,LUBBOCK|LUBBOCK|33.4957|-101.9045|109TH STREET|QUAKER AVENUE
95,LUBBOCK,LUBBOCK,33.4960,-101.9050,108TH STREET,QUAKER AVENUE,4152.0,3558.0,-594.0,33.496,-101.905,LUBBOCK|LUBBOCK|33.4960|-101.9050|108TH STREET|QUAKER AVENUE
96,LUBBOCK,LUBBOCK,33.4961,-101.8870,,108TH STREET,4152.0,3302.0,-850.0,33.4961,-101.887,LUBBOCK|LUBBOCK|33.4961|-101.8870||108TH STREET
97,LUBBOCK,LUBBOCK,33.4961,-101.8876,108TH STREET,INDIANA AVENUE,4152.0,4259.0,107.0,33.4961,-101.8876,LUBBOCK|LUBBOCK|33.4961|-101.8876|108TH STREET|INDIANA AVENUE
98,LUBBOCK,LUBBOCK,33.4964,-101.8876,,INDIANA AVENUE,4152.0,3973.0,-179.0,33.4964,-101.8876,LUBBOCK|LUBBOCK|33.4964|-101.8876||INDIANA AVENUE
99,LUBBOCK,LUBBOCK,33.4971,-101.9397,,FRANKFORD AVENUE,4152.0,5223.0,1071.0,33.4971,-101.9397,LUBBOCK|LUBBOCK|33.4971|-101.9397||FRANKFORD AVENUE
100,LUBBOCK,LUBBOCK,33.4973,-101.9330,,COLTON AVENUE,4152.0,4598.0,446.0,33.4973,-101.933,LUBBOCK|LUBBOCK|33.4973|-101.9330||COLTON AVENUE
101,LUBBOCK,LUBBOCK,33.4976,-101.9362,,106TH STREET,4152.0,3968.0,-184.0,33.4976,-101.9362,LUBBOCK|LUBBOCK|33.4976|-101.9362||106TH STREET
102,LUBBOCK,LUBBOCK,33.4989,-101.8877,105TH STREET,INDIANA AVENUE,669.0,276.0,-393.0,33.4989,-101.8877,LUBBOCK|LUBBOCK|33.4989|-101.8877|105TH STREET|INDIANA AVENUE
103,LUBBOCK,LUBBOCK,33.4990,-101.8795,105TH STREET,ELGIN AVENUE,4152.0,4385.0,233.0,33.499,-101.8795,LUBBOCK|LUBBOCK|33.4990|-101.8795|105TH STREET|ELGIN AVENUE
104,LUBBOCK,LUBBOCK,33.5002,-101.9050,103RD STREET,QUAKER AVENUE,4152.0,4526.0,374.0,33.5002,-101.905,LUBBOCK|LUBBOCK|33.5002|-101.9050|103RD STREET|QUAKER AVENUE
105,LUBBOCK,LUBBOCK,33.5004,-101.9223,,SLIDE ROAD,4152.0,2807.0,-1345.0,33.5004,-101.9223,LUBBOCK|LUBBOCK|33.5004|-101.9223||SLIDE ROAD
106,LUBBOCK,LUBBOCK,33.5006,-101.9223,103RD STREET,SLIDE ROAD,4152.0,1366.0,-2786.0,33.5006,-101.9223,LUBBOCK|LUBBOCK|33.5006|-101.9223|103RD STREET|SLIDE ROAD
107,LUBBOCK,LUBBOCK,33.5006,-101.9397,102ND STREET,FRANKFORD AVENUE,2031.5,462.0,-1569.5,33.5006,-101.9397,LUBBOCK|LUBBOCK|33.5006|-101.9397|102ND STREET|FRANKFORD AVENUE
108,LUBBOCK,LUBBOCK,33.5008,-101.9223,,SLIDE ROAD,4152.0,2915.0,-1237.0,33.5008,-101.9223,LUBBOCK|LUBBOCK|33.5008|-101.9223||SLIDE ROAD
109,LUBBOCK,LUBBOCK,33.5009,-101.8877,,INDIANA AVENUE,4152.0,1749.0,-2403.0,33.5009,-101.8877,LUBBOCK|LUBBOCK|33.5009|-101.8877||INDIANA AVENUE
110,LUBBOCK,LUBBOCK,33.5011,-101.9223,,SLIDE ROAD,4152.0,1510.0,-2642.0,33.5011,-101.9223,LUBBOCK|LUBBOCK|33.5011|-101.9223||SLIDE ROAD
111,LUBBOCK,LUBBOCK,33.5015,-101.9722,,102ND STREET,1312.0,2716.0,1404.0,33.5015,-101.9722,LUBBOCK|LUBBOCK|33.5015|-101.9722||102ND STREET
112,LUBBOCK,LUBBOCK,33.5016,-101.9852,,102ND STREET,4152.0,1769.0,-2383.0,33.5016,-101.9852,LUBBOCK|LUBBOCK|33.5016|-101.9852||102ND STREET
113,LUBBOCK,LUBBOCK,33.5017,-101.9050,,QUAKER AVENUE,4152.0,3141.0,-1011.0,33.5017,-101.905,LUBBOCK|LUBBOCK|33.5017|-101.9050||QUAKER AVENUE
114,LUBBOCK,LUBBOCK,33.5018,-101.8963,102ND STREET,MEMPHIS AVENUE,4152.0,4817.0,665.0,33.5018,-101.8963,LUBBOCK|LUBBOCK|33.5018|-101.8963|102ND STREET|MEMPHIS AVENUE
115,LUBBOCK,LUBBOCK,33.5019,-101.8703,,UNIVERSITY AVENUE,4152.0,4063.0,-89.0,33.5019,-101.8703,LUBBOCK|LUBBOCK|33.5019|-101.8703||UNIVERSITY AVENUE
116,LUBBOCK,LUBBOCK,33.5020,-101.9050,,QUAKER AVENUE,4152.0,1601.0,-2551.0,33.502,-101.905,LUBBOCK|LUBBOCK|33.5020|-101.9050||QUAKER AVENUE
117,LUBBOCK,LUBBOCK,33.5021,-101.9223,,SLIDE ROAD,4152.0,3150.0,-1002.0,33.5021,-101.9223,LUBBOCK|LUBBOCK|33.5021|-101.9223||SLIDE ROAD
118,LUBBOCK,LUBBOCK,33.5025,-101.8530,,AVENUE P,1312.0,1658.0,346.0,33.5025,-101.853,LUBBOCK|LUBBOCK|33.5025|-101.8530||AVENUE P
119,LUBBOCK,LUBBOCK,33.5027,-101.8876,101ST STREET,INDIANA AVENUE,4152.0,2059.0,-2093.0,33.5027,-101.8876,LUBBOCK|LUBBOCK|33.5027|-101.8876|101ST STREET|INDIANA AVENUE
120,LUBBOCK,LUBBOCK,33.5028,-101.8703,,UNIVERSITY AVENUE,4152.0,5396.0,1244.0,33.5028,-101.8703,LUBBOCK|LUBBOCK|33.5028|-101.8703||UNIVERSITY AVENUE
121,LUBBOCK,LUBBOCK,33.5033,-101.8657,W AVENUE,W AVENUE,4152.0,5206.0,1054.0,33.5033,-101.8657,LUBBOCK|LUBBOCK|33.5033|-101.8657|W AVENUE|W AVENUE
122,LUBBOCK,LUBBOCK,33.5038,-101.9571,,MILWAUKEE AVENUE,1312.0,3036.0,1724.0,33.5038,-101.9571,LUBBOCK|LUBBOCK|33.5038|-101.9571||MILWAUKEE AVENUE
123,LUBBOCK,LUBBOCK,33.5041,-101.8676,99TH STREET,WEATHERFORD AVENUE,4152.0,4127.0,-25.0,33.5041,-101.8676,LUBBOCK|LUBBOCK|33.5041|-101.8676|99TH STREET|WEATHERFORD AVENUE
124,LUBBOCK,LUBBOCK,33.5042,-101.8447,NOT REPORTED,US0087,4152.0,5793.0,1641.0,33.5042,-101.8447,LUBBOCK|LUBBOCK|33.5042|-101.8447|NOT REPORTED|US0087
125,LUBBOCK,LUBBOCK,33.5044,-101.8447,,US0087,669.0,524.0,-145.0,33.5044,-101.8447,LUBBOCK|LUBBOCK|33.5044|-101.8447||US0087
126,LUBBOCK,LUBBOCK,33.5045,-101.9035,,98TH STREET,4152.0,2243.0,-1909.0,33.5045,-101.9035,LUBBOCK|LUBBOCK|33.5045|-101.9035||98TH STREET
127,LUBBOCK,LUBBOCK,33.5045,-101.9038,,98TH STREET,2031.5,399.0,-1632.5,33.5045,-101.9038,LUBBOCK|LUBBOCK|33.5045|-101.9038||98TH STREET
128,LUBBOCK,LUBBOCK,33.5045,-101.9041,98TH STREET,QUAKER AVENUE,390.5,69.0,-321.5,33.5045,-101.9041,LUBBOCK|LUBBOCK|33.5045|-101.9041|98TH STREET|QUAKER AVENUE
129,LUBBOCK,LUBBOCK,33.5047,-101.9917,,ALCOVE AVENUE,4152.0,1790.0,-2362.0,33.5047,-101.9917,LUBBOCK|LUBBOCK|33.5047|-101.9917||ALCOVE AVENUE
130,LUBBOCK,LUBBOCK,33.5049,-101.9009,,98TH STREET,4152.0,4400.0,248.0,33.5049,-101.9009,LUBBOCK|LUBBOCK|33.5049|-101.9009||98TH STREET
131,LUBBOCK,LUBBOCK,33.5050,-101.8876,,INDIANA AVENUE,4152.0,4262.0,110.0,33.505,-101.8876,LUBBOCK|LUBBOCK|33.5050|-101.8876||INDIANA AVENUE
132,LUBBOCK,LUBBOCK,33.5050,-101.9223,,FM 1730,4152.0,2311.0,-1841.0,33.505,-101.9223,LUBBOCK|LUBBOCK|33.5050|-101.9223||FM 1730
133,LUBBOCK,LUBBOCK,33.5051,-101.8876,,INDIANA AVENUE,4152.0,1410.0,-2742.0,33.5051,-101.8876,LUBBOCK|LUBBOCK|33.5051|-101.8876||INDIANA AVENUE
134,LUBBOCK,LUBBOCK,33.5051,-101.9091,,98TH STREET,4152.0,3868.0,-284.0,33.5051,-101.9091,LUBBOCK|LUBBOCK|33.5051|-101.9091||98TH STREET
135,LUBBOCK,LUBBOCK,33.5051,-101.9223,,SLIDE ROAD,2031.5,466.0,-1565.5,33.5051,-101.9223,LUBBOCK|LUBBOCK|33.5051|-101.9223||SLIDE ROAD
136,LUBBOCK,LUBBOCK,33.5052,-101.8447,98TH STREET,US0087,2031.5,507.0,-1524.5,33.5052,-101.8447,LUBBOCK|LUBBOCK|33.5052|-101.8447|98TH STREET|US0087
137,LUBBOCK,LUBBOCK,33.5052,-101.8703,,UNIVERSITY AVENUE,4152.0,3379.0,-773.0,33.5052,-101.8703,LUBBOCK|LUBBOCK|33.5052|-101.8703||UNIVERSITY AVENUE
138,LUBBOCK,LUBBOCK,33.5052,-101.8868,,98TH STREET,4152.0,4042.0,-110.0,33.5052,-101.8868,LUBBOCK|LUBBOCK|33.5052|-101.8868||98TH STREET
139,LUBBOCK,LUBBOCK,33.5052,-101.8911,,98TH STREET,1312.0,3134.0,1822.0,33.5052,-101.8911,LUBBOCK|LUBBOCK|33.5052|-101.8911||98TH STREET
140,LUBBOCK,LUBBOCK,33.5052,-101.8963,98TH STREET,MEMPHIS AVENUE,4152.0,4605.0,453.0,33.5052,-101.8963,LUBBOCK|LUBBOCK|33.5052|-101.8963|98TH STREET|MEMPHIS AVENUE
141,LUBBOCK,LUBBOCK,33.5052,-101.8998,,98TH STREET,4152.0,4290.0,138.0,33.5052,-101.8998,LUBBOCK|LUBBOCK|33.5052|-101.8998||98TH STREET
142,LUBBOCK,LUBBOCK,33.5052,-101.9098,98TH STREET,SALISBURY AVENUE,669.0,303.0,-366.0,33.5052,-101.9098,LUBBOCK|LUBBOCK|33.5052|-101.9098|98TH STREET|SALISBURY AVENUE
143,LUBBOCK,LUBBOCK,33.5052,-101.9172,98TH STREET,VICKSBURG AVENUE,1312.0,168.0,-1144.0,33.5052,-101.9172,LUBBOCK|LUBBOCK|33.5052|-101.9172|98TH STREET|VICKSBURG AVENUE
144,LUBBOCK,LUBBOCK,33.5052,-101.9173,,98TH STREET,4152.0,4620.0,468.0,33.5052,-101.9173,LUBBOCK|LUBBOCK|33.5052|-101.9173||98TH STREET
145,LUBBOCK,LUBBOCK,33.5052,-101.9218,,98TH STREET,1312.0,4328.0,3016.0,33.5052,-101.9218,LUBBOCK|LUBBOCK|33.5052|-101.9218||98TH STREET
146,LUBBOCK,LUBBOCK,33.5052,-101.9223,98TH STREET,FM 1730,4152.0,4490.0,338.0,33.5052,-101.9223,LUBBOCK|LUBBOCK|33.5052|-101.9223|98TH STREET|FM 1730
147,LUBBOCK,LUBBOCK,33.5052,-101.9223,98TH STREET,SLIDE ROAD,32.0,13.0,-19.0,33.5052,-101.9223,LUBBOCK|LUBBOCK|33.5052|-101.9223|98TH STREET|SLIDE ROAD
148,LUBBOCK,LUBBOCK,33.5052,-101.9230,,98TH STREET,4152.0,3170.0,-982.0,33.5052,-101.923,LUBBOCK|LUBBOCK|33.5052|-101.9230||98TH STREET
149,LUBBOCK,LUBBOCK,33.5052,-101.9231,,98TH STREET,4152.0,3335.0,-817.0,33.5052,-101.9231,LUBBOCK|LUBBOCK|33.5052|-101.9231||98TH STREET
150,LUBBOCK,LUBBOCK,33.5052,-101.9233,,98TH STREET,4152.0,4167.0,15.0,33.5052,-101.9233,LUBBOCK|LUBBOCK|33.5052|-101.9233||98TH STREET
151,LUBBOCK,LUBBOCK,33.5052,-101.9310,98TH STREET,CHICAGO AVENUE,2031.5,408.0,-1623.5,33.5052,-101.931,LUBBOCK|LUBBOCK|33.5052|-101.9310|98TH STREET|CHICAGO AVENUE
152,LUBBOCK,LUBBOCK,33.5052,-101.9396,98TH STREET,FRANKFORD AVENUE,390.5,65.0,-325.5,33.5052,-101.9396,LUBBOCK|LUBBOCK|33.5052|-101.9396|98TH STREET|FRANKFORD AVENUE
153,LUBBOCK,LUBBOCK,33.5052,-101.9400,98TH STREET,FRANKFORD AVENUE,4152.0,2841.0,-1311.0,33.5052,-101.94,LUBBOCK|LUBBOCK|33.5052|-101.9400|98TH STREET|FRANKFORD AVENUE
154,LUBBOCK,LUBBOCK,33.5052,-101.9571,98TH STREET,MILWAUKEE AVENUE,1312.0,170.0,-1142.0,33.5052,-101.9571,LUBBOCK|LUBBOCK|33.5052|-101.9571|98TH STREET|MILWAUKEE AVENUE
155,LUBBOCK,LUBBOCK,33.5053,-101.8530,98TH STREET,AVENUE P,1312.0,178.0,-1134.0,33.5053,-101.853,LUBBOCK|LUBBOCK|33.5053|-101.8530|98TH STREET|AVENUE P
156,LUBBOCK,LUBBOCK,33.5053,-101.8616,,98TH STREET,4152.0,5258.0,1106.0,33.5053,-101.8616,LUBBOCK|LUBBOCK|33.5053|-101.8616||98TH STREET
157,LUBBOCK,LUBBOCK,33.5053,-101.8677,98TH STREET,WEATHERFORD AVENUE,4152.0,4795.0,643.0,33.5053,-101.8677,LUBBOCK|LUBBOCK|33.5053|-101.8677|98TH STREET|WEATHERFORD AVENUE
158,LUBBOCK,LUBBOCK,33.5053,-101.8703,98TH STREET,CR2200,4152.0,2360.0,-1792.0,33.5053,-101.8703,LUBBOCK|LUBBOCK|33.5053|-101.8703|98TH STREET|CR2200
159,LUBBOCK,LUBBOCK,33.5053,-101.8703,98TH STREET,UNIVERSITY AVENUE,32.0,24.0,-8.0,33.5053,-101.8703,LUBBOCK|LUBBOCK|33.5053|-101.8703|98TH STREET|UNIVERSITY AVENUE
160,LUBBOCK,LUBBOCK,33.5053,-101.8813,98TH STREET,GARY AVENUE,4152.0,4998.0,846.0,33.5053,-101.8813,LUBBOCK|LUBBOCK|33.5053|-101.8813|98TH STREET|GARY AVENUE
161,LUBBOCK,LUBBOCK,33.5053,-101.8876,98TH STREET,INDIANA AVENUE,390.5,185.0,-205.5,33.5053,-101.8876,LUBBOCK|LUBBOCK|33.5053|-101.8876|98TH STREET|INDIANA AVENUE
162,LUBBOCK,LUBBOCK,33.5053,-101.8883,,98TH STREET,4152.0,2782.0,-1370.0,33.5053,-101.8883,LUBBOCK|LUBBOCK|33.5053|-101.8883||98TH STREET
163,LUBBOCK,LUBBOCK,33.5053,-101.9396,,FRANKFORD AVENUE,4152.0,1941.0,-2211.0,33.5053,-101.9396,LUBBOCK|LUBBOCK|33.5053|-101.9396||FRANKFORD AVENUE
164,LUBBOCK,LUBBOCK,33.5054,-101.8447,,US0087,4152.0,5792.0,1640.0,33.5054,-101.8447,LUBBOCK|LUBBOCK|33.5054|-101.8447||US0087
165,LUBBOCK,LUBBOCK,33.5058,-101.8447,,US0087,4152.0,5838.0,1686.0,33.5058,-101.8447,LUBBOCK|LUBBOCK|33.5058|-101.8447||US0087
166,LUBBOCK,LUBBOCK,33.5061,-101.8447,,US0087,4152.0,5695.0,1543.0,33.5061,-101.8447,LUBBOCK|LUBBOCK|33.5061|-101.8447||US0087
167,LUBBOCK,LUBBOCK,33.5062,-101.8703,97TH STREET,UNIVERSITY AVENUE,4152.0,3627.0,-525.0,33.5062,-101.8703,LUBBOCK|LUBBOCK|33.5062|-101.8703|97TH STREET|UNIVERSITY AVENUE
168,LUBBOCK,LUBBOCK,33.5065,-101.8703,,UNIVERSITY AVENUE,1312.0,4610.0,3298.0,33.5065,-101.8703,LUBBOCK|LUBBOCK|33.5065|-101.8703||UNIVERSITY AVENUE
169,LUBBOCK,LUBBOCK,33.5070,-101.8784,96TH STREET,ELGIN AVENUE,4152.0,1437.0,-2715.0,33.507,-101.8784,LUBBOCK|LUBBOCK|33.5070|-101.8784|96TH STREET|ELGIN AVENUE
170,LUBBOCK,LUBBOCK,33.5070,-101.9659,96TH STREET,QUINCY AVENUE,4152.0,3073.0,-1079.0,33.507,-101.9659,LUBBOCK|LUBBOCK|33.5070|-101.9659|96TH STREET|QUINCY AVENUE
171,LUBBOCK,LUBBOCK,33.5071,-101.8704,96TH STREET,UNIVERSITY AVENUE,4152.0,5022.0,870.0,33.5071,-101.8704,LUBBOCK|LUBBOCK|33.5071|-101.8704|96TH STREET|UNIVERSITY AVENUE
172,LUBBOCK,LUBBOCK,33.5079,-101.8656,,95TH STREET,4152.0,4297.0,145.0,33.5079,-101.8656,LUBBOCK|LUBBOCK|33.5079|-101.8656||95TH STREET
173,LUBBOCK,LUBBOCK,33.5081,-101.9045,95TH STREET,QUAKER AVENUE,390.5,5402.0,5011.5,33.5081,-101.9045,LUBBOCK|LUBBOCK|33.5081|-101.9045|95TH STREET|QUAKER AVENUE
174,LUBBOCK,LUBBOCK,33.5082,-101.9045,,QUAKER AVENUE,99.0,175.0,76.0,33.5082,-101.9045,LUBBOCK|LUBBOCK|33.5082|-101.9045||QUAKER AVENUE
175,LUBBOCK,LUBBOCK,33.5084,-101.8735,94TH STREET,BOSTON AVENUE,1312.0,4592.0,3280.0,33.5084,-101.8735,LUBBOCK|LUBBOCK|33.5084|-101.8735|94TH STREET|BOSTON AVENUE
176,LUBBOCK,LUBBOCK,33.5084,-101.8877,INDIANA AVENUE,INDIANA AVENUE,4152.0,4136.0,-16.0,33.5084,-101.8877,LUBBOCK|LUBBOCK|33.5084|-101.8877|INDIANA AVENUE|INDIANA AVENUE
177,LUBBOCK,LUBBOCK,33.5087,-101.8751,95TH STREET,BELTON AVENUE,4152.0,3289.0,-863.0,33.5087,-101.8751,LUBBOCK|LUBBOCK|33.5087|-101.8751|95TH STREET|BELTON AVENUE
178,LUBBOCK,LUBBOCK,33.5091,-101.9050,,QUAKER AVENUE,4152.0,3583.0,-569.0,33.5091,-101.905,LUBBOCK|LUBBOCK|33.5091|-101.9050||QUAKER AVENUE
179,LUBBOCK,LUBBOCK,33.5092,-101.9744,93RD STREET,UPLAND AVENUE,4152.0,3797.0,-355.0,33.5092,-101.9744,LUBBOCK|LUBBOCK|33.5092|-101.9744|93RD STREET|UPLAND AVENUE
180,LUBBOCK,LUBBOCK,33.5093,-101.9744,,UPLAND AVENUE,4152.0,4368.0,216.0,33.5093,-101.9744,LUBBOCK|LUBBOCK|33.5093|-101.9744||UPLAND AVENUE
181,LUBBOCK,LUBBOCK,33.5094,-101.9224,93RD STREET,SLIDE ROAD,4152.0,5164.0,1012.0,33.5094,-101.9224,LUBBOCK|LUBBOCK|33.5094|-101.9224|93RD STREET|SLIDE ROAD
182,LUBBOCK,LUBBOCK,33.5094,-101.9744,93RD STREET,UPLAND AVENUE,4152.0,1677.0,-2475.0,33.5094,-101.9744,LUBBOCK|LUBBOCK|33.5094|-101.9744|93RD STREET|UPLAND AVENUE
183,LUBBOCK,LUBBOCK,33.5094,-101.9744,,UPLAND AVENUE,4152.0,2017.0,-2135.0,33.5094,-101.9744,LUBBOCK|LUBBOCK|33.5094|-101.9744||UPLAND AVENUE
184,LUBBOCK,LUBBOCK,33.5096,-101.8704,93RD PL,UNIVERSITY AVENUE,1312.0,3191.0,1879.0,33.5096,-101.8704,LUBBOCK|LUBBOCK|33.5096|-101.8704|93RD PL|UNIVERSITY AVENUE
185,LUBBOCK,LUBBOCK,33.5097,-101.9570,,MILWAUKEE AVENUE,4152.0,2966.0,-1186.0,33.5097,-101.957,LUBBOCK|LUBBOCK|33.5097|-101.9570||MILWAUKEE AVENUE
186,LUBBOCK,LUBBOCK,33.5100,-101.9224,,SLIDE ROAD,4152.0,3966.0,-186.0,33.51,-101.9224,LUBBOCK|LUBBOCK|33.5100|-101.9224||SLIDE ROAD
187,LUBBOCK,LUBBOCK,33.5100,-101.9396,92ND STREET,FRANKFORD AVENUE,2031.5,341.0,-1690.5,33.51,-101.9396,LUBBOCK|LUBBOCK|33.5100|-101.9396|92ND STREET|FRANKFORD AVENUE
188,LUBBOCK,LUBBOCK,33.5100,-101.9504,92ND STREET,JUNEAU AVENUE,4152.0,4076.0,-76.0,33.51,-101.9504,LUBBOCK|LUBBOCK|33.5100|-101.9504|92ND STREET|JUNEAU AVENUE
189,LUBBOCK,LUBBOCK,33.5100,-101.9505,,92ND STREET,4152.0,1820.0,-2332.0,33.51,-101.9505,LUBBOCK|LUBBOCK|33.5100|-101.9505||92ND STREET
190,LUBBOCK,LUBBOCK,33.5100,-101.9550,92ND STREET,LA SALLE AVENUE,4152.0,2905.0,-1247.0,33.51,-101.955,LUBBOCK|LUBBOCK|33.5100|-101.9550|92ND STREET|LA SALLE AVENUE
191,LUBBOCK,LUBBOCK,33.5100,-101.9570,92ND STREET,MILWAUKEE AVENUE,4152.0,2572.0,-1580.0,33.51,-101.957,LUBBOCK|LUBBOCK|33.5100|-101.9570|92ND STREET|MILWAUKEE AVENUE
192,LUBBOCK,LUBBOCK,33.5100,-101.9583,,92ND STREET,4152.0,3044.0,-1108.0,33.51,-101.9583,LUBBOCK|LUBBOCK|33.5100|-101.9583||92ND STREET
193,LUBBOCK,LUBBOCK,33.5101,-101.8877,93RD STREET,INDIANA AVENUE,4152.0,5333.0,1181.0,33.5101,-101.8877,LUBBOCK|LUBBOCK|33.5101|-101.8877|93RD STREET|INDIANA AVENUE
194,LUBBOCK,LUBBOCK,33.5101,-101.9050,93RD DRIVE,QUAKER AVENUE,2031.5,392.0,-1639.5,33.5101,-101.905,LUBBOCK|LUBBOCK|33.5101|-101.9050|93RD DRIVE|QUAKER AVENUE
195,LUBBOCK,LUBBOCK,33.5103,-101.8704,,UNIVERSITY AVENUE,1312.0,3886.0,2574.0,33.5103,-101.8704,LUBBOCK|LUBBOCK|33.5103|-101.8704||UNIVERSITY AVENUE
196,LUBBOCK,LUBBOCK,33.5103,-101.8965,,93RD STREET,4152.0,4201.0,49.0,33.5103,-101.8965,LUBBOCK|LUBBOCK|33.5103|-101.8965||93RD STREET
197,LUBBOCK,LUBBOCK,33.5104,-101.8704,UNIVERSITY AVENUE,UNIVERSITY AVENUE,390.5,2302.0,1911.5,33.5104,-101.8704,LUBBOCK|LUBBOCK|33.5104|-101.8704|UNIVERSITY AVENUE|UNIVERSITY AVENUE
198,LUBBOCK,LUBBOCK,33.5105,-101.8735,,BELTON AVENUE,4152.0,5240.0,1088.0,33.5105,-101.8735,LUBBOCK|LUBBOCK|33.5105|-101.8735||BELTON AVENUE
199,LUBBOCK,LUBBOCK,33.5105,-101.9917,,ALCOVE AVENUE,4152.0,3087.0,-1065.0,33.5105,-101.9917,LUBBOCK|LUBBOCK|33.5105|-101.9917||ALCOVE AVENUE
200,LUBBOCK,LUBBOCK,33.5107,-101.8704,,UNIVERSITY AVENUE,1312.0,3493.0,2181.0,33.5107,-101.8704,LUBBOCK|LUBBOCK|33.5107|-101.8704||UNIVERSITY AVENUE
201,LUBBOCK,LUBBOCK,33.5109,-101.8784,92ND STREET,ELGIN AVENUE,4152.0,3981.0,-171.0,33.5109,-101.8784,LUBBOCK|LUBBOCK|33.5109|-101.8784|92ND STREET|ELGIN AVENUE
202,LUBBOCK,LUBBOCK,33.5109,-101.8863,,92ND STREET,4152.0,4212.0,60.0,33.5109,-101.8863,LUBBOCK|LUBBOCK|33.5109|-101.8863||92ND STREET
203,LUBBOCK,LUBBOCK,33.5109,-101.9597,,91ST PL,4152.0,4195.0,43.0,33.5109,-101.9597,LUBBOCK|LUBBOCK|33.5109|-101.9597||91ST PL
204,LUBBOCK,LUBBOCK,33.5110,-101.8805,92ND STREET,FLINT AVENUE,4152.0,3102.0,-1050.0,33.511,-101.8805,LUBBOCK|LUBBOCK|33.5110|-101.8805|92ND STREET|FLINT AVENUE
205,LUBBOCK,LUBBOCK,33.5111,-101.9282,,91ST STREET,4152.0,4595.0,443.0,33.5111,-101.9282,LUBBOCK|LUBBOCK|33.5111|-101.9282||91ST STREET
206,LUBBOCK,LUBBOCK,33.5112,-101.8704,92ND STREET,UNIVERSITY AVENUE,4152.0,2996.0,-1156.0,33.5112,-101.8704,LUBBOCK|LUBBOCK|33.5112|-101.8704|92ND STREET|UNIVERSITY AVENUE
207,LUBBOCK,LUBBOCK,33.5112,-101.8704,,UNIVERSITY AVENUE,4152.0,2967.0,-1185.0,33.5112,-101.8704,LUBBOCK|LUBBOCK|33.5112|-101.8704||UNIVERSITY AVENUE
208,LUBBOCK,LUBBOCK,33.5116,-101.8877,91ST STREET,INDIANA AVENUE,4152.0,2599.0,-1553.0,33.5116,-101.8877,LUBBOCK|LUBBOCK|33.5116|-101.8877|91ST STREET|INDIANA AVENUE
209,LUBBOCK,LUBBOCK,33.5118,-101.8924,,91ST STREET,4152.0,2571.0,-1581.0,33.5118,-101.8924,LUBBOCK|LUBBOCK|33.5118|-101.8924||91ST STREET
210,LUBBOCK,LUBBOCK,33.5118,-101.9514,89TH STREET,KEWANEE AVENUE,1312.0,4803.0,3491.0,33.5118,-101.9514,LUBBOCK|LUBBOCK|33.5118|-101.9514|89TH STREET|KEWANEE AVENUE
211,LUBBOCK,LUBBOCK,33.5120,-101.8704,91ST STREET,UNIVERSITY AVENUE,669.0,123.0,-546.0,33.512,-101.8704,LUBBOCK|LUBBOCK|33.5120|-101.8704|91ST STREET|UNIVERSITY AVENUE
212,LUBBOCK,LUBBOCK,33.5120,-101.8704,UNIVERSITY AVENUE,UNIVERSITY AVENUE,4152.0,1342.0,-2810.0,33.512,-101.8704,LUBBOCK|LUBBOCK|33.5120|-101.8704|UNIVERSITY AVENUE|UNIVERSITY AVENUE
213,LUBBOCK,LUBBOCK,33.5121,-101.9147,,VICKSBURG AVENUE,4152.0,4636.0,484.0,33.5121,-101.9147,LUBBOCK|LUBBOCK|33.5121|-101.9147||VICKSBURG AVENUE
214,LUBBOCK,LUBBOCK,33.5124,-101.8530,,AVENUE P,4152.0,1359.0,-2793.0,33.5124,-101.853,LUBBOCK|LUBBOCK|33.5124|-101.8530||AVENUE P
215,LUBBOCK,LUBBOCK,33.5124,-101.8877,,INDIANA AVENUE,4152.0,4362.0,210.0,33.5124,-101.8877,LUBBOCK|LUBBOCK|33.5124|-101.8877||INDIANA AVENUE
216,LUBBOCK,LUBBOCK,33.5125,-101.8877,90TH STREET,INDIANA AVENUE,1312.0,1562.0,250.0,33.5125,-101.8877,LUBBOCK|LUBBOCK|33.5125|-101.8877|90TH STREET|INDIANA AVENUE
217,LUBBOCK,LUBBOCK,33.5125,-101.9643,,90TH STREET,4152.0,3341.0,-811.0,33.5125,-101.9643,LUBBOCK|LUBBOCK|33.5125|-101.9643||90TH STREET
218,LUBBOCK,LUBBOCK,33.5125,-101.9744,90TH STREET,UPLAND AVENUE,4152.0,1731.0,-2421.0,33.5125,-101.9744,LUBBOCK|LUBBOCK|33.5125|-101.9744|90TH STREET|UPLAND AVENUE
219,LUBBOCK,LUBBOCK,33.5126,-101.8704,,UNIVERSITY AVENUE,4152.0,5109.0,957.0,33.5126,-101.8704,LUBBOCK|LUBBOCK|33.5126|-101.8704||UNIVERSITY AVENUE
220,LUBBOCK,LUBBOCK,33.5132,-101.9394,,88TH STREET,4152.0,3370.0,-782.0,33.5132,-101.9394,LUBBOCK|LUBBOCK|33.5132|-101.9394||88TH STREET
221,LUBBOCK,LUBBOCK,33.5133,-101.9570,89TH STREET,MILWAUKEE AVENUE,135.5,414.0,278.5,33.5133,-101.957,LUBBOCK|LUBBOCK|33.5133|-101.9570|89TH STREET|MILWAUKEE AVENUE
222,LUBBOCK,LUBBOCK,33.5133,-101.9593,,89TH STREET,4152.0,2122.0,-2030.0,33.5133,-101.9593,LUBBOCK|LUBBOCK|33.5133|-101.9593||89TH STREET
223,LUBBOCK,LUBBOCK,33.5136,-101.9224,88TH STREET,SLIDE ROAD,4152.0,4863.0,711.0,33.5136,-101.9224,LUBBOCK|LUBBOCK|33.5136|-101.9224|88TH STREET|SLIDE ROAD
224,LUBBOCK,LUBBOCK,33.5137,-101.8943,,86TH DRIVE,4152.0,5408.0,1256.0,33.5137,-101.8943,LUBBOCK|LUBBOCK|33.5137|-101.8943||86TH DRIVE
225,LUBBOCK,LUBBOCK,33.5138,-101.8877,,INDIANA AVENUE,4152.0,2062.0,-2090.0,33.5138,-101.8877,LUBBOCK|LUBBOCK|33.5138|-101.8877||INDIANA AVENUE
226,LUBBOCK,LUBBOCK,33.5139,-101.8704,,UNIVERSITY AVENUE,1312.0,5145.0,3833.0,33.5139,-101.8704,LUBBOCK|LUBBOCK|33.5139|-101.8704||UNIVERSITY AVENUE
227,LUBBOCK,LUBBOCK,33.5143,-101.8617,,AVENUE U,4152.0,4707.0,555.0,33.5143,-101.8617,LUBBOCK|LUBBOCK|33.5143|-101.8617||AVENUE U
228,LUBBOCK,LUBBOCK,33.5150,-101.9050,,QUAKER AVENUE,4152.0,5277.0,1125.0,33.515,-101.905,LUBBOCK|LUBBOCK|33.5150|-101.9050||QUAKER AVENUE
229,LUBBOCK,LUBBOCK,33.5151,-101.9050,86TH STREET,QUAKER AVENUE,4152.0,1632.0,-2520.0,33.5151,-101.905,LUBBOCK|LUBBOCK|33.5151|-101.9050|86TH STREET|QUAKER AVENUE
230,LUBBOCK,LUBBOCK,33.5151,-101.9865,,87TH STREET,4152.0,1998.0,-2154.0,33.5151,-101.9865,LUBBOCK|LUBBOCK|33.5151|-101.9865||87TH STREET
231,LUBBOCK,LUBBOCK,33.5152,-101.8704,,UNIVERSITY AVENUE,390.5,1825.0,1434.5,33.5152,-101.8704,LUBBOCK|LUBBOCK|33.5152|-101.8704||UNIVERSITY AVENUE
232,LUBBOCK,LUBBOCK,33.5153,-101.9267,,86TH STREET,4152.0,4452.0,300.0,33.5153,-101.9267,LUBBOCK|LUBBOCK|33.5153|-101.9267||86TH STREET
233,LUBBOCK,LUBBOCK,33.5154,-101.9326,86TH STREET,COLTON AVENUE,4152.0,4320.0,168.0,33.5154,-101.9326,LUBBOCK|LUBBOCK|33.5154|-101.9326|86TH STREET|COLTON AVENUE
234,LUBBOCK,LUBBOCK,33.5157,-101.8704,87TH STREET,UNIVERSITY AVENUE,2031.5,309.0,-1722.5,33.5157,-101.8704,LUBBOCK|LUBBOCK|33.5157|-101.8704|87TH STREET|UNIVERSITY AVENUE
235,LUBBOCK,LUBBOCK,33.5157,-101.8704,UNIVERSITY AVENUE,UNIVERSITY AVENUE,390.5,4576.0,4185.5,33.5157,-101.8704,LUBBOCK|LUBBOCK|33.5157|-101.8704|UNIVERSITY AVENUE|UNIVERSITY AVENUE
236,LUBBOCK,LUBBOCK,33.5160,-101.9075,,85TH STREET,4152.0,2886.0,-1266.0,33.516,-101.9075,LUBBOCK|LUBBOCK|33.5160|-101.9075||85TH STREET
237,LUBBOCK,LUBBOCK,33.5160,-101.9521,,86TH STREET,4152.0,3231.0,-921.0,33.516,-101.9521,LUBBOCK|LUBBOCK|33.5160|-101.9521||86TH STREET
238,LUBBOCK,LUBBOCK,33.5161,-101.8877,86TH STREET,INDIANA AVENUE,4152.0,5375.0,1223.0,33.5161,-101.8877,LUBBOCK|LUBBOCK|33.5161|-101.8877|86TH STREET|INDIANA AVENUE
239,LUBBOCK,LUBBOCK,33.5161,-101.8877,,INDIANA AVENUE,4152.0,1710.0,-2442.0,33.5161,-101.8877,LUBBOCK|LUBBOCK|33.5161|-101.8877||INDIANA AVENUE
240,LUBBOCK,LUBBOCK,33.5163,-101.7718,,SS0331,1312.0,4070.0,2758.0,33.5163,-101.7718,LUBBOCK|LUBBOCK|33.5163|-101.7718||SS0331
241,LUBBOCK,LUBBOCK,33.5163,-101.8704,,UNIVERSITY AVENUE,4152.0,4010.0,-142.0,33.5163,-101.8704,LUBBOCK|LUBBOCK|33.5163|-101.8704||UNIVERSITY AVENUE
242,LUBBOCK,LUBBOCK,33.5165,-101.9570,85TH STREET,MILWAUKEE AVENUE,1312.0,169.0,-1143.0,33.5165,-101.957,LUBBOCK|LUBBOCK|33.5165|-101.9570|85TH STREET|MILWAUKEE AVENUE
243,LUBBOCK,LUBBOCK,33.5166,-101.8704,86TH STREET,UNIVERSITY AVENUE,4152.0,2247.0,-1905.0,33.5166,-101.8704,LUBBOCK|LUBBOCK|33.5166|-101.8704|86TH STREET|UNIVERSITY AVENUE
244,LUBBOCK,LUBBOCK,33.5166,-101.8730,86TH STREET,BOSTON AVENUE,4152.0,2973.0,-1179.0,33.5166,-101.873,LUBBOCK|LUBBOCK|33.5166|-101.8730|86TH STREET|BOSTON AVENUE
245,LUBBOCK,LUBBOCK,33.5169,-101.8704,,UNIVERSITY AVENUE,390.5,159.0,-231.5,33.5169,-101.8704,LUBBOCK|LUBBOCK|33.5169|-101.8704||UNIVERSITY AVENUE
246,LUBBOCK,LUBBOCK,33.5173,-101.7738,,US0084,390.5,5518.0,5127.5,33.5173,-101.7738,LUBBOCK|LUBBOCK|33.5173|-101.7738||US0084
247,LUBBOCK,LUBBOCK,33.5173,-101.8704,,UNIVERSITY AVENUE,4152.0,2128.0,-2024.0,33.5173,-101.8704,LUBBOCK|LUBBOCK|33.5173|-101.8704||UNIVERSITY AVENUE
248,LUBBOCK,LUBBOCK,33.5174,-101.8704,,UNIVERSITY AVENUE,669.0,327.0,-342.0,33.5174,-101.8704,LUBBOCK|LUBBOCK|33.5174|-101.8704||UNIVERSITY AVENUE
249,LUBBOCK,LUBBOCK,33.5175,-101.8530,,AVENUE P,4152.0,4492.0,340.0,33.5175,-101.853,LUBBOCK|LUBBOCK|33.5175|-101.8530||AVENUE P
250,LUBBOCK,LUBBOCK,33.5175,-101.9224,,SLIDE ROAD,4152.0,4022.0,-130.0,33.5175,-101.9224,LUBBOCK|LUBBOCK|33.5175|-101.9224||SLIDE ROAD
251,LUBBOCK,LUBBOCK,33.5178,-101.8530,84TH STREET,AVENUE P,4152.0,2876.0,-1276.0,33.5178,-101.853,LUBBOCK|LUBBOCK|33.5178|-101.8530|84TH STREET|AVENUE P
252,LUBBOCK,LUBBOCK,33.5178,-101.8558,84TH STREET,AVENUE Q,4152.0,4840.0,688.0,33.5178,-101.8558,LUBBOCK|LUBBOCK|33.5178|-101.8558|84TH STREET|AVENUE Q
253,LUBBOCK,LUBBOCK,33.5180,-101.9001,84TH STREET,OXFORD AVENUE,4152.0,2739.0,-1413.0,33.518,-101.9001,LUBBOCK|LUBBOCK|33.5180|-101.9001|84TH STREET|OXFORD AVENUE
254,LUBBOCK,LUBBOCK,33.5180,-101.9080,,RALEIGH AVENUE,4152.0,5423.0,1271.0,33.518,-101.908,LUBBOCK|LUBBOCK|33.5180|-101.9080||RALEIGH AVENUE
255,LUBBOCK,LUBBOCK,33.5180,-101.9092,,82ND PL,4152.0,4858.0,706.0,33.518,-101.9092,LUBBOCK|LUBBOCK|33.5180|-101.9092||82ND PL
256,LUBBOCK,LUBBOCK,33.5184,-101.8704,,UNIVERSITY AVENUE,4152.0,2094.0,-2058.0,33.5184,-101.8704,LUBBOCK|LUBBOCK|33.5184|-101.8704||UNIVERSITY AVENUE
257,LUBBOCK,LUBBOCK,33.5185,-101.8816,83RD STREET,FREMONT AVENUE,4152.0,1994.0,-2158.0,33.5185,-101.8816,LUBBOCK|LUBBOCK|33.5185|-101.8816|83RD STREET|FREMONT AVENUE
258,LUBBOCK,LUBBOCK,33.5185,-101.8877,83RD STREET,INDIANA AVENUE,4152.0,4329.0,177.0,33.5185,-101.8877,LUBBOCK|LUBBOCK|33.5185|-101.8877|83RD STREET|INDIANA AVENUE
259,LUBBOCK,LUBBOCK,33.5185,-101.8877,,INDIANA AVENUE,4152.0,3954.0,-198.0,33.5185,-101.8877,LUBBOCK|LUBBOCK|33.5185|-101.8877||INDIANA AVENUE
260,LUBBOCK,LUBBOCK,33.5186,-101.9659,,QUINCY AVENUE,4152.0,4289.0,137.0,33.5186,-101.9659,LUBBOCK|LUBBOCK|33.5186|-101.9659||QUINCY AVENUE
261,LUBBOCK,LUBBOCK,33.5187,-101.7742,,SS0331,390.5,3207.0,2816.5,33.5187,-101.7742,LUBBOCK|LUBBOCK|33.5187|-101.7742||SS0331
262,LUBBOCK,LUBBOCK,33.5190,-101.9570,,MILWAUKEE AVENUE,4152.0,4535.0,383.0,33.519,-101.957,LUBBOCK|LUBBOCK|33.5190|-101.9570||MILWAUKEE AVENUE
263,LUBBOCK,LUBBOCK,33.5191,-101.8877,,INDIANA AVENUE,4152.0,1997.0,-2155.0,33.5191,-101.8877,LUBBOCK|LUBBOCK|33.5191|-101.8877||INDIANA AVENUE
264,LUBBOCK,LUBBOCK,33.5192,-101.8704,,UNIVERSITY AVENUE,4152.0,1390.0,-2762.0,33.5192,-101.8704,LUBBOCK|LUBBOCK|33.5192|-101.8704||UNIVERSITY AVENUE
265,LUBBOCK,LUBBOCK,33.5193,-101.9224,,SLIDE ROAD,390.5,2708.0,2317.5,33.5193,-101.9224,LUBBOCK|LUBBOCK|33.5193|-101.9224||SLIDE ROAD
266,LUBBOCK,LUBBOCK,33.5194,-101.9571,82ND STREET,MILWAUKEE AVENUE,4152.0,1818.0,-2334.0,33.5194,-101.9571,LUBBOCK|LUBBOCK|33.5194|-101.9571|82ND STREET|MILWAUKEE AVENUE
267,LUBBOCK,LUBBOCK,33.5195,-101.8877,82ND STREET,INDIANA AVENUE,4152.0,4995.0,843.0,33.5195,-101.8877,LUBBOCK|LUBBOCK|33.5195|-101.8877|82ND STREET|INDIANA AVENUE
268,LUBBOCK,LUBBOCK,33.5196,-101.9224,,SLIDE ROAD,4152.0,1580.0,-2572.0,33.5196,-101.9224,LUBBOCK|LUBBOCK|33.5196|-101.9224||SLIDE ROAD
269,LUBBOCK,LUBBOCK,33.5196,-101.9917,,ALCOVE AVENUE,4152.0,2249.0,-1903.0,33.5196,-101.9917,LUBBOCK|LUBBOCK|33.5196|-101.9917||ALCOVE AVENUE
270,LUBBOCK,LUBBOCK,33.5197,-101.8704,82ND STREET,UNIVERSITY AVENUE,2031.5,305.0,-1726.5,33.5197,-101.8704,LUBBOCK|LUBBOCK|33.5197|-101.8704|82ND STREET|UNIVERSITY AVENUE
271,LUBBOCK,LUBBOCK,33.5197,-101.8704,,UNIVERSITY AVENUE,1312.0,198.0,-1114.0,33.5197,-101.8704,LUBBOCK|LUBBOCK|33.5197|-101.8704||UNIVERSITY AVENUE
272,LUBBOCK,LUBBOCK,33.5197,-101.8994,,82ND STREET,4152.0,1373.0,-2779.0,33.5197,-101.8994,LUBBOCK|LUBBOCK|33.5197|-101.8994||82ND STREET
273,LUBBOCK,LUBBOCK,33.5197,-101.8997,,82ND STREET,1312.0,5388.0,4076.0,33.5197,-101.8997,LUBBOCK|LUBBOCK|33.5197|-101.8997||82ND STREET
274,LUBBOCK,LUBBOCK,33.5197,-101.9014,,82ND STREET,4152.0,1458.0,-2694.0,33.5197,-101.9014,LUBBOCK|LUBBOCK|33.5197|-101.9014||82ND STREET
275,LUBBOCK,LUBBOCK,33.5197,-101.9015,,82ND STREET,390.5,3043.0,2652.5,33.5197,-101.9015,LUBBOCK|LUBBOCK|33.5197|-101.9015||82ND STREET
276,LUBBOCK,LUBBOCK,33.5197,-101.9021,,82ND STREET,4152.0,2951.0,-1201.0,33.5197,-101.9021,LUBBOCK|LUBBOCK|33.5197|-101.9021||82ND STREET
277,LUBBOCK,LUBBOCK,33.5197,-101.9023,,82ND STREET,4152.0,4001.0,-151.0,33.5197,-101.9023,LUBBOCK|LUBBOCK|33.5197|-101.9023||82ND STREET
278,LUBBOCK,LUBBOCK,33.5197,-101.9093,,82ND STREET,390.5,3002.0,2611.5,33.5197,-101.9093,LUBBOCK|LUBBOCK|33.5197|-101.9093||82ND STREET
279,LUBBOCK,LUBBOCK,33.5197,-101.9108,,82ND STREET,4152.0,4396.0,244.0,33.5197,-101.9108,LUBBOCK|LUBBOCK|33.5197|-101.9108||82ND STREET
280,LUBBOCK,LUBBOCK,33.5197,-101.9124,,82ND STREET,4152.0,4827.0,675.0,33.5197,-101.9124,LUBBOCK|LUBBOCK|33.5197|-101.9124||82ND STREET
281,LUBBOCK,LUBBOCK,33.5197,-101.9137,82ND STREET,UTICA AVENUE,2031.5,417.0,-1614.5,33.5197,-101.9137,LUBBOCK|LUBBOCK|33.5197|-101.9137|82ND STREET|UTICA AVENUE
282,LUBBOCK,LUBBOCK,33.5197,-101.9152,82ND STREET,VICKSBURG AVENUE,4152.0,1892.0,-2260.0,33.5197,-101.9152,LUBBOCK|LUBBOCK|33.5197|-101.9152|82ND STREET|VICKSBURG AVENUE
283,LUBBOCK,LUBBOCK,33.5197,-101.9189,,82ND STREET,4152.0,2078.0,-2074.0,33.5197,-101.9189,LUBBOCK|LUBBOCK|33.5197|-101.9189||82ND STREET
284,LUBBOCK,LUBBOCK,33.5197,-101.9207,,82ND STREET,4152.0,1618.0,-2534.0,33.5197,-101.9207,LUBBOCK|LUBBOCK|33.5197|-101.9207||82ND STREET
285,LUBBOCK,LUBBOCK,33.5197,-101.9223,,82ND STREET,4152.0,4690.0,538.0,33.5197,-101.9223,LUBBOCK|LUBBOCK|33.5197|-101.9223||82ND STREET
286,LUBBOCK,LUBBOCK,33.5197,-101.9224,82ND STREET,FM 1730,390.5,3305.0,2914.5,33.5197,-101.9224,LUBBOCK|LUBBOCK|33.5197|-101.9224|82ND STREET|FM 1730
287,LUBBOCK,LUBBOCK,33.5197,-101.9224,82ND STREET,SLIDE ROAD,19.5,11.0,-8.5,33.5197,-101.9224,LUBBOCK|LUBBOCK|33.5197|-101.9224|82ND STREET|SLIDE ROAD
288,LUBBOCK,LUBBOCK,33.5197,-101.9227,82ND STREET,SLIDE ROAD,4152.0,5100.0,948.0,33.5197,-101.9227,LUBBOCK|LUBBOCK|33.5197|-101.9227|82ND STREET|SLIDE ROAD
289,LUBBOCK,LUBBOCK,33.5197,-101.9228,,82ND STREET,4152.0,3871.0,-281.0,33.5197,-101.9228,LUBBOCK|LUBBOCK|33.5197|-101.9228||82ND STREET
290,LUBBOCK,LUBBOCK,33.5197,-101.9242,,82ND STREET,4152.0,3822.0,-330.0,33.5197,-101.9242,LUBBOCK|LUBBOCK|33.5197|-101.9242||82ND STREET
291,LUBBOCK,LUBBOCK,33.5197,-101.9247,,82ND STREET,1312.0,2762.0,1450.0,33.5197,-101.9247,LUBBOCK|LUBBOCK|33.5197|-101.9247||82ND STREET
292,LUBBOCK,LUBBOCK,33.5197,-101.9281,,82ND STREET,390.5,2364.0,1973.5,33.5197,-101.9281,LUBBOCK|LUBBOCK|33.5197|-101.9281||82ND STREET
293,LUBBOCK,LUBBOCK,33.5197,-101.9298,,82ND STREET,4152.0,4374.0,222.0,33.5197,-101.9298,LUBBOCK|LUBBOCK|33.5197|-101.9298||82ND STREET
294,LUBBOCK,LUBBOCK,33.5197,-101.9356,82ND STREET,ELKHART AVENUE,4152.0,2993.0,-1159.0,33.5197,-101.9356,LUBBOCK|LUBBOCK|33.5197|-101.9356|82ND STREET|ELKHART AVENUE
295,LUBBOCK,LUBBOCK,33.5197,-101.9386,82ND STREET,ENGLEWOOD AVENUE,4152.0,4970.0,818.0,33.5197,-101.9386,LUBBOCK|LUBBOCK|33.5197|-101.9386|82ND STREET|ENGLEWOOD AVENUE
296,LUBBOCK,LUBBOCK,33.5197,-101.9391,,82ND STREET,4152.0,2445.0,-1707.0,33.5197,-101.9391,LUBBOCK|LUBBOCK|33.5197|-101.9391||82ND STREET
297,LUBBOCK,LUBBOCK,33.5197,-101.9396,82ND STREET,FRANKFORD AVENUE,8.0,5.0,-3.0,33.5197,-101.9396,LUBBOCK|LUBBOCK|33.5197|-101.9396|82ND STREET|FRANKFORD AVENUE
298,LUBBOCK,LUBBOCK,33.5197,-101.9403,,82ND STREET,4152.0,3562.0,-590.0,33.5197,-101.9403,LUBBOCK|LUBBOCK|33.5197|-101.9403||82ND STREET
299,LUBBOCK,LUBBOCK,33.5197,-101.9422,,82ND STREET,4152.0,5089.0,937.0,33.5197,-101.9422,LUBBOCK|LUBBOCK|33.5197|-101.9422||82ND STREET
300,LUBBOCK,LUBBOCK,33.5197,-101.9425,,82ND STREET,4152.0,3144.0,-1008.0,33.5197,-101.9425,LUBBOCK|LUBBOCK|33.5197|-101.9425||82ND STREET
301,LUBBOCK,LUBBOCK,33.5197,-101.9440,,82ND STREET,4152.0,3452.0,-700.0,33.5197,-101.944,LUBBOCK|LUBBOCK|33.5197|-101.9440||82ND STREET
302,LUBBOCK,LUBBOCK,33.5197,-101.9446,82ND STREET,HOMESTEAD AVENUE,2031.5,262.0,-1769.5,33.5197,-101.9446,LUBBOCK|LUBBOCK|33.5197|-101.9446|82ND STREET|HOMESTEAD AVENUE
303,LUBBOCK,LUBBOCK,33.5197,-101.9448,,82ND STREET,4152.0,1360.0,-2792.0,33.5197,-101.9448,LUBBOCK|LUBBOCK|33.5197|-101.9448||82ND STREET
304,LUBBOCK,LUBBOCK,33.5197,-101.9460,,82ND STREET,4152.0,4391.0,239.0,33.5197,-101.946,LUBBOCK|LUBBOCK|33.5197|-101.9460||82ND STREET
305,LUBBOCK,LUBBOCK,33.5197,-101.9571,82ND STREET,MILWAUKEE AVENUE,2031.5,419.0,-1612.5,33.5197,-101.9571,LUBBOCK|LUBBOCK|33.5197|-101.9571|82ND STREET|MILWAUKEE AVENUE
306,LUBBOCK,LUBBOCK,33.5197,-101.9571,MILWAUKEE AVENUE,US0082,4152.0,3109.0,-1043.0,33.5197,-101.9571,LUBBOCK|LUBBOCK|33.5197|-101.9571|MILWAUKEE AVENUE|US0082
307,LUBBOCK,LUBBOCK,33.5197,-101.9629,,82ND STREET,4152.0,4825.0,673.0,33.5197,-101.9629,LUBBOCK|LUBBOCK|33.5197|-101.9629||82ND STREET
308,LUBBOCK,LUBBOCK,33.5197,-101.9649,,82ND STREET,4152.0,4406.0,254.0,33.5197,-101.9649,LUBBOCK|LUBBOCK|33.5197|-101.9649||82ND STREET
309,LUBBOCK,LUBBOCK,33.5197,-101.9674,82ND STREET,PRIMROSE AVENUE,1312.0,2798.0,1486.0,33.5197,-101.9674,LUBBOCK|LUBBOCK|33.5197|-101.9674|82ND STREET|PRIMROSE AVENUE
310,LUBBOCK,LUBBOCK,33.5197,-101.9692,,82ND STREET,4152.0,2097.0,-2055.0,33.5197,-101.9692,LUBBOCK|LUBBOCK|33.5197|-101.9692||82ND STREET
311,LUBBOCK,LUBBOCK,33.5197,-101.9712,,82ND STREET,4152.0,3581.0,-571.0,33.5197,-101.9712,LUBBOCK|LUBBOCK|33.5197|-101.9712||82ND STREET
312,LUBBOCK,LUBBOCK,33.5197,-101.9743,,82ND STREET,4152.0,4669.0,517.0,33.5197,-101.9743,LUBBOCK|LUBBOCK|33.5197|-101.9743||82ND STREET
313,LUBBOCK,LUBBOCK,33.5197,-101.9744,82ND STREET,82ND STREET,4152.0,3187.0,-965.0,33.5197,-101.9744,LUBBOCK|LUBBOCK|33.5197|-101.9744|82ND STREET|82ND STREET
314,LUBBOCK,LUBBOCK,33.5197,-101.9744,82ND STREET,UPLAND AVENUE,669.0,127.0,-542.0,33.5197,-101.9744,LUBBOCK|LUBBOCK|33.5197|-101.9744|82ND STREET|UPLAND AVENUE
315,LUBBOCK,LUBBOCK,33.5197,-101.9744,,82ND STREET,4152.0,4602.0,450.0,33.5197,-101.9744,LUBBOCK|LUBBOCK|33.5197|-101.9744||82ND STREET
316,LUBBOCK,LUBBOCK,33.5197,-101.9747,82ND STREET,UPLAND AVENUE,4152.0,5337.0,1185.0,33.5197,-101.9747,LUBBOCK|LUBBOCK|33.5197|-101.9747|82ND STREET|UPLAND AVENUE
317,LUBBOCK,LUBBOCK,33.5197,-101.9757,,82ND STREET,4152.0,3456.0,-696.0,33.5197,-101.9757,LUBBOCK|LUBBOCK|33.5197|-101.9757||82ND STREET
318,LUBBOCK,LUBBOCK,33.5197,-101.9764,,82ND STREET,4152.0,3342.0,-810.0,33.5197,-101.9764,LUBBOCK|LUBBOCK|33.5197|-101.9764||82ND STREET
319,LUBBOCK,LUBBOCK,33.5197,-101.9796,,82ND STREET,4152.0,1290.0,-2862.0,33.5197,-101.9796,LUBBOCK|LUBBOCK|33.5197|-101.9796||82ND STREET
320,LUBBOCK,LUBBOCK,33.5197,-101.9802,,82ND STREET,4152.0,3938.0,-214.0,33.5197,-101.9802,LUBBOCK|LUBBOCK|33.5197|-101.9802||82ND STREET
321,LUBBOCK,LUBBOCK,33.5197,-101.9812,,82ND STREET,4152.0,4671.0,519.0,33.5197,-101.9812,LUBBOCK|LUBBOCK|33.5197|-101.9812||82ND STREET
322,LUBBOCK,LUBBOCK,33.5197,-101.9854,,82ND STREET,669.0,383.0,-286.0,33.5197,-101.9854,LUBBOCK|LUBBOCK|33.5197|-101.9854||82ND STREET
323,LUBBOCK,LUBBOCK,33.5197,-101.9858,,82ND STREET,4152.0,3037.0,-1115.0,33.5197,-101.9858,LUBBOCK|LUBBOCK|33.5197|-101.9858||82ND STREET
324,LUBBOCK,LUBBOCK,33.5197,-101.9900,82ND STREET,82ND STREET,2031.5,257.0,-1774.5,33.5197,-101.99,LUBBOCK|LUBBOCK|33.5197|-101.9900|82ND STREET|82ND STREET
325,LUBBOCK,LUBBOCK,33.5197,-101.9900,,82ND STREET,2031.5,380.0,-1651.5,33.5197,-101.99,LUBBOCK|LUBBOCK|33.5197|-101.9900||82ND STREET
326,LUBBOCK,LUBBOCK,33.5197,-101.9917,82ND STREET,ALCOVE AVENUE,1312.0,2891.0,1579.0,33.5197,-101.9917,LUBBOCK|LUBBOCK|33.5197|-101.9917|82ND STREET|ALCOVE AVENUE
327,LUBBOCK,LUBBOCK,33.5198,-101.8206,E 82ND STREET,OAK AVENUE,4152.0,3792.0,-360.0,33.5198,-101.8206,LUBBOCK|LUBBOCK|33.5198|-101.8206|E 82ND STREET|OAK AVENUE
328,LUBBOCK,LUBBOCK,33.5198,-101.8315,,E 82ND STREET,4152.0,1799.0,-2353.0,33.5198,-101.8315,LUBBOCK|LUBBOCK|33.5198|-101.8315||E 82ND STREET
329,LUBBOCK,LUBBOCK,33.5198,-101.8355,,E 82ND STREET,4152.0,4461.0,309.0,33.5198,-101.8355,LUBBOCK|LUBBOCK|33.5198|-101.8355||E 82ND STREET
330,LUBBOCK,LUBBOCK,33.5198,-101.8357,82ND STREET,ASH AVENUE,390.5,1744.0,1353.5,33.5198,-101.8357,LUBBOCK|LUBBOCK|33.5198|-101.8357|82ND STREET|ASH AVENUE
331,LUBBOCK,LUBBOCK,33.5198,-101.8357,,82ND STREET,2031.5,265.0,-1766.5,33.5198,-101.8357,LUBBOCK|LUBBOCK|33.5198|-101.8357||82ND STREET
332,LUBBOCK,LUBBOCK,33.5198,-101.8399,82ND STREET,AVENUE D,4152.0,1642.0,-2510.0,33.5198,-101.8399,LUBBOCK|LUBBOCK|33.5198|-101.8399|82ND STREET|AVENUE D
333,LUBBOCK,LUBBOCK,33.5198,-101.8422,82ND STREET,AVENUE F,4152.0,1465.0,-2687.0,33.5198,-101.8422,LUBBOCK|LUBBOCK|33.5198|-101.8422|82ND STREET|AVENUE F
334,LUBBOCK,LUBBOCK,33.5198,-101.8440,FM1585,US0087,4152.0,5798.0,1646.0,33.5198,-101.844,LUBBOCK|LUBBOCK|33.5198|-101.8440|FM1585|US0087
335,LUBBOCK,LUBBOCK,33.5198,-101.8608,,82ND STREET,4152.0,3451.0,-701.0,33.5198,-101.8608,LUBBOCK|LUBBOCK|33.5198|-101.8608||82ND STREET
336,LUBBOCK,LUBBOCK,33.5198,-101.8616,,82ND STREET,4152.0,1760.0,-2392.0,33.5198,-101.8616,LUBBOCK|LUBBOCK|33.5198|-101.8616||82ND STREET
337,LUBBOCK,LUBBOCK,33.5198,-101.8617,82ND STREET,82ND STREET,1312.0,3866.0,2554.0,33.5198,-101.8617,LUBBOCK|LUBBOCK|33.5198|-101.8617|82ND STREET|82ND STREET
338,LUBBOCK,LUBBOCK,33.5198,-101.8617,82ND STREET,AVENUE U,99.0,195.0,96.0,33.5198,-101.8617,LUBBOCK|LUBBOCK|33.5198|-101.8617|82ND STREET|AVENUE U
339,LUBBOCK,LUBBOCK,33.5198,-101.8636,,82ND STREET,4152.0,4412.0,260.0,33.5198,-101.8636,LUBBOCK|LUBBOCK|33.5198|-101.8636||82ND STREET
340,LUBBOCK,LUBBOCK,33.5198,-101.8637,82ND STREET,AVENUE V,2031.5,368.0,-1663.5,33.5198,-101.8637,LUBBOCK|LUBBOCK|33.5198|-101.8637|82ND STREET|AVENUE V
341,LUBBOCK,LUBBOCK,33.5198,-101.8647,,82ND STREET,1312.0,2992.0,1680.0,33.5198,-101.8647,LUBBOCK|LUBBOCK|33.5198|-101.8647||82ND STREET
342,LUBBOCK,LUBBOCK,33.5198,-101.8665,,82ND STREET,4152.0,2306.0,-1846.0,33.5198,-101.8665,LUBBOCK|LUBBOCK|33.5198|-101.8665||82ND STREET
343,LUBBOCK,LUBBOCK,33.5198,-101.8674,82ND STREET,WACO AVENUE,4152.0,2020.0,-2132.0,33.5198,-101.8674,LUBBOCK|LUBBOCK|33.5198|-101.8674|82ND STREET|WACO AVENUE
344,LUBBOCK,LUBBOCK,33.5198,-101.8677,,82ND STREET,4152.0,3032.0,-1120.0,33.5198,-101.8677,LUBBOCK|LUBBOCK|33.5198|-101.8677||82ND STREET
345,LUBBOCK,LUBBOCK,33.5198,-101.8703,,82ND STREET,4152.0,1995.0,-2157.0,33.5198,-101.8703,LUBBOCK|LUBBOCK|33.5198|-101.8703||82ND STREET
346,LUBBOCK,LUBBOCK,33.5198,-101.8704,82ND STREET,UNIVERSITY AVENUE,43.5,56.0,12.5,33.5198,-101.8704,LUBBOCK|LUBBOCK|33.5198|-101.8704|82ND STREET|UNIVERSITY AVENUE
347,LUBBOCK,LUBBOCK,33.5198,-101.8704,,82ND STREET,390.5,4862.0,4471.5,33.5198,-101.8704,LUBBOCK|LUBBOCK|33.5198|-101.8704||82ND STREET
348,LUBBOCK,LUBBOCK,33.5198,-101.8720,,82ND STREET,390.5,4582.0,4191.5,33.5198,-101.872,LUBBOCK|LUBBOCK|33.5198|-101.8720||82ND STREET
349,LUBBOCK,LUBBOCK,33.5198,-101.8727,,82ND STREET,4152.0,5386.0,1234.0,33.5198,-101.8727,LUBBOCK|LUBBOCK|33.5198|-101.8727||82ND STREET
350,LUBBOCK,LUBBOCK,33.5198,-101.8732,,82ND STREET,4152.0,5273.0,1121.0,33.5198,-101.8732,LUBBOCK|LUBBOCK|33.5198|-101.8732||82ND STREET
351,LUBBOCK,LUBBOCK,33.5198,-101.8734,,82ND STREET,4152.0,5418.0,1266.0,33.5198,-101.8734,LUBBOCK|LUBBOCK|33.5198|-101.8734||82ND STREET
352,LUBBOCK,LUBBOCK,33.5198,-101.8744,,82ND STREET,4152.0,5353.0,1201.0,33.5198,-101.8744,LUBBOCK|LUBBOCK|33.5198|-101.8744||82ND STREET
353,LUBBOCK,LUBBOCK,33.5198,-101.8747,82ND STREET,BOSTON AVENUE,669.0,122.0,-547.0,33.5198,-101.8747,LUBBOCK|LUBBOCK|33.5198|-101.8747|82ND STREET|BOSTON AVENUE
354,LUBBOCK,LUBBOCK,33.5198,-101.8750,,82ND STREET,4152.0,3673.0,-479.0,33.5198,-101.875,LUBBOCK|LUBBOCK|33.5198|-101.8750||82ND STREET
355,LUBBOCK,LUBBOCK,33.5198,-101.8754,,82ND STREET,4152.0,2193.0,-1959.0,33.5198,-101.8754,LUBBOCK|LUBBOCK|33.5198|-101.8754||82ND STREET
356,LUBBOCK,LUBBOCK,33.5198,-101.8755,,82ND STREET,1312.0,2324.0,1012.0,33.5198,-101.8755,LUBBOCK|LUBBOCK|33.5198|-101.8755||82ND STREET
357,LUBBOCK,LUBBOCK,33.5198,-101.8762,,82ND STREET,4152.0,3343.0,-809.0,33.5198,-101.8762,LUBBOCK|LUBBOCK|33.5198|-101.8762||82ND STREET
358,LUBBOCK,LUBBOCK,33.5198,-101.8777,,82ND STREET,2031.5,426.0,-1605.5,33.5198,-101.8777,LUBBOCK|LUBBOCK|33.5198|-101.8777||82ND STREET
359,LUBBOCK,LUBBOCK,33.5198,-101.8790,82ND STREET,ELGIN AVENUE,669.0,395.0,-274.0,33.5198,-101.879,LUBBOCK|LUBBOCK|33.5198|-101.8790|82ND STREET|ELGIN AVENUE
360,LUBBOCK,LUBBOCK,33.5198,-101.8810,,82ND STREET,1312.0,5125.0,3813.0,33.5198,-101.881,LUBBOCK|LUBBOCK|33.5198|-101.8810||82ND STREET
361,LUBBOCK,LUBBOCK,33.5198,-101.8816,82ND STREET,FREMONT AVENUE,2031.5,304.0,-1727.5,33.5198,-101.8816,LUBBOCK|LUBBOCK|33.5198|-101.8816|82ND STREET|FREMONT AVENUE
362,LUBBOCK,LUBBOCK,33.5198,-101.8872,,82ND STREET,4152.0,3670.0,-482.0,33.5198,-101.8872,LUBBOCK|LUBBOCK|33.5198|-101.8872||82ND STREET
363,LUBBOCK,LUBBOCK,33.5198,-101.8877,82ND STREET,INDIANA AVENUE,135.5,51.0,-84.5,33.5198,-101.8877,LUBBOCK|LUBBOCK|33.5198|-101.8877|82ND STREET|INDIANA AVENUE
364,LUBBOCK,LUBBOCK,33.5198,-101.8891,82ND STREET,82ND STREET,4152.0,3480.0,-672.0,33.5198,-101.8891,LUBBOCK|LUBBOCK|33.5198|-101.8891|82ND STREET|82ND STREET
365,LUBBOCK,LUBBOCK,33.5198,-101.8891,,82ND STREET,4152.0,4564.0,412.0,33.5198,-101.8891,LUBBOCK|LUBBOCK|33.5198|-101.8891||82ND STREET
366,LUBBOCK,LUBBOCK,33.5198,-101.8900,,82ND STREET,4152.0,5235.0,1083.0,33.5198,-101.89,LUBBOCK|LUBBOCK|33.5198|-101.8900||82ND STREET
367,LUBBOCK,LUBBOCK,33.5198,-101.8904,,82ND STREET,4152.0,3652.0,-500.0,33.5198,-101.8904,LUBBOCK|LUBBOCK|33.5198|-101.8904||82ND STREET
368,LUBBOCK,LUBBOCK,33.5198,-101.8924,82ND STREET,KNOXVILLE DRIVE,4152.0,1726.0,-2426.0,33.5198,-101.8924,LUBBOCK|LUBBOCK|33.5198|-101.8924|82ND STREET|KNOXVILLE DRIVE
369,LUBBOCK,LUBBOCK,33.5198,-101.8927,,82ND STREET,4152.0,4109.0,-43.0,33.5198,-101.8927,LUBBOCK|LUBBOCK|33.5198|-101.8927||82ND STREET
370,LUBBOCK,LUBBOCK,33.5198,-101.8935,,82ND STREET,4152.0,3575.0,-577.0,33.5198,-101.8935,LUBBOCK|LUBBOCK|33.5198|-101.8935||82ND STREET
371,LUBBOCK,LUBBOCK,33.5198,-101.8964,82ND STREET,MEMPHIS AVENUE,1312.0,166.0,-1146.0,33.5198,-101.8964,LUBBOCK|LUBBOCK|33.5198|-101.8964|82ND STREET|MEMPHIS AVENUE
372,LUBBOCK,LUBBOCK,33.5198,-101.8964,,82ND STREET,4152.0,2719.0,-1433.0,33.5198,-101.8964,LUBBOCK|LUBBOCK|33.5198|-101.8964||82ND STREET
373,LUBBOCK,LUBBOCK,33.5198,-101.8978,,82ND STREET,4152.0,5067.0,915.0,33.5198,-101.8978,LUBBOCK|LUBBOCK|33.5198|-101.8978||82ND STREET
374,LUBBOCK,LUBBOCK,33.5198,-101.8984,,82ND STREET,2031.5,437.0,-1594.5,33.5198,-101.8984,LUBBOCK|LUBBOCK|33.5198|-101.8984||82ND STREET
375,LUBBOCK,LUBBOCK,33.5198,-101.9047,,82ND STREET,1312.0,5346.0,4034.0,33.5198,-101.9047,LUBBOCK|LUBBOCK|33.5198|-101.9047||82ND STREET
376,LUBBOCK,LUBBOCK,33.5198,-101.9050,82ND STREET,QUAKER AVENUE,1312.0,193.0,-1119.0,33.5198,-101.905,LUBBOCK|LUBBOCK|33.5198|-101.9050|82ND STREET|QUAKER AVENUE
377,LUBBOCK,LUBBOCK,33.5198,-101.9050,,QUAKER AVENUE,4152.0,4599.0,447.0,33.5198,-101.905,LUBBOCK|LUBBOCK|33.5198|-101.9050||QUAKER AVENUE
378,LUBBOCK,LUBBOCK,33.5198,-101.9069,,82ND STREET,4152.0,1557.0,-2595.0,33.5198,-101.9069,LUBBOCK|LUBBOCK|33.5198|-101.9069||82ND STREET
379,LUBBOCK,LUBBOCK,33.5198,-101.9070,,82ND STREET,1312.0,3115.0,1803.0,33.5198,-101.907,LUBBOCK|LUBBOCK|33.5198|-101.9070||82ND STREET
380,LUBBOCK,LUBBOCK,33.5198,-101.9080,82ND STREET,RALEIGH AVENUE,4152.0,4955.0,803.0,33.5198,-101.908,LUBBOCK|LUBBOCK|33.5198|-101.9080|82ND STREET|RALEIGH AVENUE
381,LUBBOCK,LUBBOCK,33.5198,-101.9478,82ND STREET,82ND STREET,4152.0,3885.0,-267.0,33.5198,-101.9478,LUBBOCK|LUBBOCK|33.5198|-101.9478|82ND STREET|82ND STREET
382,LUBBOCK,LUBBOCK,33.5198,-101.9482,82ND STREET,IOLA AVENUE,4152.0,1509.0,-2643.0,33.5198,-101.9482,LUBBOCK|LUBBOCK|33.5198|-101.9482|82ND STREET|IOLA AVENUE
383,LUBBOCK,LUBBOCK,33.5198,-101.9483,82ND STREET,IOLA AVENUE,43.5,44.0,0.5,33.5198,-101.9483,LUBBOCK|LUBBOCK|33.5198|-101.9483|82ND STREET|IOLA AVENUE
384,LUBBOCK,LUBBOCK,33.5198,-101.9484,82ND STREET,IOLA AVENUE,4152.0,3137.0,-1015.0,33.5198,-101.9484,LUBBOCK|LUBBOCK|33.5198|-101.9484|82ND STREET|IOLA AVENUE
385,LUBBOCK,LUBBOCK,33.5198,-101.9485,,82ND STREET,4152.0,5101.0,949.0,33.5198,-101.9485,LUBBOCK|LUBBOCK|33.5198|-101.9485||82ND STREET
386,LUBBOCK,LUBBOCK,33.5198,-101.9526,,82ND STREET,4152.0,3222.0,-930.0,33.5198,-101.9526,LUBBOCK|LUBBOCK|33.5198|-101.9526||82ND STREET
387,LUBBOCK,LUBBOCK,33.5198,-101.9553,,82ND STREET,4152.0,1984.0,-2168.0,33.5198,-101.9553,LUBBOCK|LUBBOCK|33.5198|-101.9553||82ND STREET
388,LUBBOCK,LUBBOCK,33.5198,-101.9554,,82ND STREET,1312.0,3193.0,1881.0,33.5198,-101.9554,LUBBOCK|LUBBOCK|33.5198|-101.9554||82ND STREET
389,LUBBOCK,LUBBOCK,33.5198,-101.9561,,82ND STREET,4152.0,4097.0,-55.0,33.5198,-101.9561,LUBBOCK|LUBBOCK|33.5198|-101.9561||82ND STREET
390,LUBBOCK,LUBBOCK,33.5198,-101.9564,,82ND STREET,4152.0,2098.0,-2054.0,33.5198,-101.9564,LUBBOCK|LUBBOCK|33.5198|-101.9564||82ND STREET
391,LUBBOCK,LUBBOCK,33.5198,-101.9566,,82ND STREET,2031.5,289.0,-1742.5,33.5198,-101.9566,LUBBOCK|LUBBOCK|33.5198|-101.9566||82ND STREET
392,LUBBOCK,LUBBOCK,33.5198,-101.9567,,82ND STREET,4152.0,4383.0,231.0,33.5198,-101.9567,LUBBOCK|LUBBOCK|33.5198|-101.9567||82ND STREET
393,LUBBOCK,LUBBOCK,33.5198,-101.9569,,82ND STREET,4152.0,4653.0,501.0,33.5198,-101.9569,LUBBOCK|LUBBOCK|33.5198|-101.9569||82ND STREET
394,LUBBOCK,LUBBOCK,33.5198,-101.9571,82ND STREET,MILWAUKEE AVENUE,57.5,26.0,-31.5,33.5198,-101.9571,LUBBOCK|LUBBOCK|33.5198|-101.9571|82ND STREET|MILWAUKEE AVENUE
395,LUBBOCK,LUBBOCK,33.5198,-101.9574,,82ND STREET,2031.5,456.0,-1575.5,33.5198,-101.9574,LUBBOCK|LUBBOCK|33.5198|-101.9574||82ND STREET
396,LUBBOCK,LUBBOCK,33.5198,-101.9576,,82ND STREET,4152.0,1831.0,-2321.0,33.5198,-101.9576,LUBBOCK|LUBBOCK|33.5198|-101.9576||82ND STREET
397,LUBBOCK,LUBBOCK,33.5198,-101.9579,,82ND STREET,4152.0,3986.0,-166.0,33.5198,-101.9579,LUBBOCK|LUBBOCK|33.5198|-101.9579||82ND STREET
398,LUBBOCK,LUBBOCK,33.5198,-101.9587,,82ND STREET,4152.0,3183.0,-969.0,33.5198,-101.9587,LUBBOCK|LUBBOCK|33.5198|-101.9587||82ND STREET
399,LUBBOCK,LUBBOCK,33.5199,-101.8437,,82ND STREET,4152.0,5058.0,906.0,33.5199,-101.8437,LUBBOCK|LUBBOCK|33.5199|-101.8437||82ND STREET
400,LUBBOCK,LUBBOCK,33.5199,-101.8440,FM1585,US0087,2031.5,514.0,-1517.5,33.5199,-101.844,LUBBOCK|LUBBOCK|33.5199|-101.8440|FM1585|US0087
401,LUBBOCK,LUBBOCK,33.5199,-101.8444,82ND STREET,INTERSTATE 27,1312.0,187.0,-1125.0,33.5199,-101.8444,LUBBOCK|LUBBOCK|33.5199|-101.8444|82ND STREET|INTERSTATE 27
402,LUBBOCK,LUBBOCK,33.5199,-101.8449,,82ND STREET,4152.0,4419.0,267.0,33.5199,-101.8449,LUBBOCK|LUBBOCK|33.5199|-101.8449||82ND STREET
403,LUBBOCK,LUBBOCK,33.5199,-101.8462,,82ND STREET,390.5,1936.0,1545.5,33.5199,-101.8462,LUBBOCK|LUBBOCK|33.5199|-101.8462||82ND STREET
404,LUBBOCK,LUBBOCK,33.5199,-101.8464,,82ND STREET,4152.0,5343.0,1191.0,33.5199,-101.8464,LUBBOCK|LUBBOCK|33.5199|-101.8464||82ND STREET
405,LUBBOCK,LUBBOCK,33.5199,-101.8466,,82ND STREET,4152.0,3462.0,-690.0,33.5199,-101.8466,LUBBOCK|LUBBOCK|33.5199|-101.8466||82ND STREET
406,LUBBOCK,LUBBOCK,33.5199,-101.8487,82ND STREET,82ND STREET,390.5,2418.0,2027.5,33.5199,-101.8487,LUBBOCK|LUBBOCK|33.5199|-101.8487|82ND STREET|82ND STREET
407,LUBBOCK,LUBBOCK,33.5199,-101.8529,82ND STREET,AVENUE P,4152.0,5299.0,1147.0,33.5199,-101.8529,LUBBOCK|LUBBOCK|33.5199|-101.8529|82ND STREET|AVENUE P
408,LUBBOCK,LUBBOCK,33.5199,-101.8529,,82ND STREET,1312.0,4947.0,3635.0,33.5199,-101.8529,LUBBOCK|LUBBOCK|33.5199|-101.8529||82ND STREET
409,LUBBOCK,LUBBOCK,33.5199,-101.8530,82ND STREET,AVENUE P,2031.5,444.0,-1587.5,33.5199,-101.853,LUBBOCK|LUBBOCK|33.5199|-101.8530|82ND STREET|AVENUE P
410,LUBBOCK,LUBBOCK,33.5199,-101.8536,,82ND STREET,4152.0,1751.0,-2401.0,33.5199,-101.8536,LUBBOCK|LUBBOCK|33.5199|-101.8536||82ND STREET
411,LUBBOCK,LUBBOCK,33.5199,-101.8704,82ND STREET,UNIVERSITY AVENUE,2031.5,252.0,-1779.5,33.5199,-101.8704,LUBBOCK|LUBBOCK|33.5199|-101.8704|82ND STREET|UNIVERSITY AVENUE
412,LUBBOCK,LUBBOCK,33.5199,-101.9744,,UPLAND AVENUE,4152.0,3688.0,-464.0,33.5199,-101.9744,LUBBOCK|LUBBOCK|33.5199|-101.9744||UPLAND AVENUE
413,LUBBOCK,LUBBOCK,33.5200,-101.8440,FM1585,US0087,4152.0,5805.0,1653.0,33.52,-101.844,LUBBOCK|LUBBOCK|33.5200|-101.8440|FM1585|US0087
414,LUBBOCK,LUBBOCK,33.5200,-101.9571,82ND STREET,MILWAUKEE AVENUE,4152.0,3045.0,-1107.0,33.52,-101.9571,LUBBOCK|LUBBOCK|33.5200|-101.9571|82ND STREET|MILWAUKEE AVENUE
415,LUBBOCK,LUBBOCK,33.5200,-101.9744,,UPLAND AVENUE,2031.5,477.0,-1554.5,33.52,-101.9744,LUBBOCK|LUBBOCK|33.5200|-101.9744||UPLAND AVENUE
416,LUBBOCK,LUBBOCK,33.5201,-101.8440,,US0087,2031.5,513.0,-1518.5,33.5201,-101.844,LUBBOCK|LUBBOCK|33.5201|-101.8440||US0087
417,LUBBOCK,LUBBOCK,33.5204,-101.7814,,US0084,1312.0,3143.0,1831.0,33.5204,-101.7814,LUBBOCK|LUBBOCK|33.5204|-101.7814||US0084
418,LUBBOCK,LUBBOCK,33.5209,-101.9397,,FRANKFORD AVENUE,4152.0,1452.0,-2700.0,33.5209,-101.9397,LUBBOCK|LUBBOCK|33.5209|-101.9397||FRANKFORD AVENUE
419,LUBBOCK,LUBBOCK,33.5210,-101.8440,,US0087,4152.0,5718.0,1566.0,33.521,-101.844,LUBBOCK|LUBBOCK|33.5210|-101.8440||US0087
420,LUBBOCK,LUBBOCK,33.5210,-101.8444,,INTERSTATE 27,4152.0,1307.0,-2845.0,33.521,-101.8444,LUBBOCK|LUBBOCK|33.5210|-101.8444||INTERSTATE 27
421,LUBBOCK,LUBBOCK,33.5210,-101.9224,80TH STREET,SLIDE ROAD,4152.0,5159.0,1007.0,33.521,-101.9224,LUBBOCK|LUBBOCK|33.5210|-101.9224|80TH STREET|SLIDE ROAD
422,LUBBOCK,LUBBOCK,33.5211,-101.7845,,US0084,1312.0,5619.0,4307.0,33.5211,-101.7845,LUBBOCK|LUBBOCK|33.5211|-101.7845||US0084
423,LUBBOCK,LUBBOCK,33.5212,-101.7763,,SS0331,4152.0,1942.0,-2210.0,33.5212,-101.7763,LUBBOCK|LUBBOCK|33.5212|-101.7763||SS0331
424,LUBBOCK,LUBBOCK,33.5215,-101.9050,,QUAKER AVENUE,4152.0,3098.0,-1054.0,33.5215,-101.905,LUBBOCK|LUBBOCK|33.5215|-101.9050||QUAKER AVENUE
425,LUBBOCK,LUBBOCK,33.5215,-101.9224,,SLIDE ROAD,4152.0,3921.0,-231.0,33.5215,-101.9224,LUBBOCK|LUBBOCK|33.5215|-101.9224||SLIDE ROAD
426,LUBBOCK,LUBBOCK,33.5216,-101.8727,80TH STREET,AKRON AVENUE,1312.0,3646.0,2334.0,33.5216,-101.8727,LUBBOCK|LUBBOCK|33.5216|-101.8727|80TH STREET|AKRON AVENUE
427,LUBBOCK,LUBBOCK,33.5216,-101.9571,MILWAUKEE AVENUE,MILWAUKEE AVENUE,4152.0,3671.0,-481.0,33.5216,-101.9571,LUBBOCK|LUBBOCK|33.5216|-101.9571|MILWAUKEE AVENUE|MILWAUKEE AVENUE
428,LUBBOCK,LUBBOCK,33.5217,-101.8877,,INDIANA AVENUE,4152.0,5384.0,1232.0,33.5217,-101.8877,LUBBOCK|LUBBOCK|33.5217|-101.8877||INDIANA AVENUE
429,LUBBOCK,LUBBOCK,33.5219,-101.8385,,80TH STREET,1312.0,4173.0,2861.0,33.5219,-101.8385,LUBBOCK|LUBBOCK|33.5219|-101.8385||80TH STREET
430,LUBBOCK,LUBBOCK,33.5219,-101.8436,,INTERSTATE 27,4152.0,3241.0,-911.0,33.5219,-101.8436,LUBBOCK|LUBBOCK|33.5219|-101.8436||INTERSTATE 27
431,LUBBOCK,LUBBOCK,33.5221,-101.7883,,US0084,4152.0,3156.0,-996.0,33.5221,-101.7883,LUBBOCK|LUBBOCK|33.5221|-101.7883||US0084
432,LUBBOCK,LUBBOCK,33.5221,-101.9397,,FRANKFORD AVENUE,4152.0,4156.0,4.0,33.5221,-101.9397,LUBBOCK|LUBBOCK|33.5221|-101.9397||FRANKFORD AVENUE
433,LUBBOCK,LUBBOCK,33.5221,-101.9571,,MILWAUKEE AVENUE,4152.0,2745.0,-1407.0,33.5221,-101.9571,LUBBOCK|LUBBOCK|33.5221|-101.9571||MILWAUKEE AVENUE
434,LUBBOCK,LUBBOCK,33.5224,-101.9224,79TH STREET,FM 1730,4152.0,3336.0,-816.0,33.5224,-101.9224,LUBBOCK|LUBBOCK|33.5224|-101.9224|79TH STREET|FM 1730
435,LUBBOCK,LUBBOCK,33.5224,-101.9224,79TH STREET,SLIDE ROAD,669.0,116.0,-553.0,33.5224,-101.9224,LUBBOCK|LUBBOCK|33.5224|-101.9224|79TH STREET|SLIDE ROAD
436,LUBBOCK,LUBBOCK,33.5224,-101.9245,79TH STREET,ABBEVILLE AVENUE,4152.0,3015.0,-1137.0,33.5224,-101.9245,LUBBOCK|LUBBOCK|33.5224|-101.9245|79TH STREET|ABBEVILLE AVENUE
437,LUBBOCK,LUBBOCK,33.5224,-101.9397,79TH STREET,FRANKFORD AVENUE,4152.0,2498.0,-1654.0,33.5224,-101.9397,LUBBOCK|LUBBOCK|33.5224|-101.9397|79TH STREET|FRANKFORD AVENUE
438,LUBBOCK,LUBBOCK,33.5225,-101.8704,79TH STREET,UNIVERSITY AVENUE,2031.5,351.0,-1680.5,33.5225,-101.8704,LUBBOCK|LUBBOCK|33.5225|-101.8704|79TH STREET|UNIVERSITY AVENUE
439,LUBBOCK,LUBBOCK,33.5226,-101.8704,,UNIVERSITY AVENUE,4152.0,2679.0,-1473.0,33.5226,-101.8704,LUBBOCK|LUBBOCK|33.5226|-101.8704||UNIVERSITY AVENUE
440,LUBBOCK,LUBBOCK,33.5226,-101.8877,79TH STREET,INDIANA AVENUE,2031.5,376.0,-1655.5,33.5226,-101.8877,LUBBOCK|LUBBOCK|33.5226|-101.8877|79TH STREET|INDIANA AVENUE
441,LUBBOCK,LUBBOCK,33.5229,-101.8440,,US0087,390.5,5807.0,5416.5,33.5229,-101.844,LUBBOCK|LUBBOCK|33.5229|-101.8440||US0087
442,LUBBOCK,LUBBOCK,33.5229,-101.8510,79TH STREET,AVENUE O,4152.0,1885.0,-2267.0,33.5229,-101.851,LUBBOCK|LUBBOCK|33.5229|-101.8510|79TH STREET|AVENUE O
443,LUBBOCK,LUBBOCK,33.5229,-101.9147,,79TH STREET,4152.0,5007.0,855.0,33.5229,-101.9147,LUBBOCK|LUBBOCK|33.5229|-101.9147||79TH STREET
444,LUBBOCK,LUBBOCK,33.5229,-101.9224,,SLIDE ROAD,4152.0,4925.0,773.0,33.5229,-101.9224,LUBBOCK|LUBBOCK|33.5229|-101.9224||SLIDE ROAD
445,LUBBOCK,LUBBOCK,33.5230,-101.9571,,MILWAUKEE AVENUE,669.0,377.0,-292.0,33.523,-101.9571,LUBBOCK|LUBBOCK|33.5230|-101.9571||MILWAUKEE AVENUE
446,LUBBOCK,LUBBOCK,33.5232,-101.7927,,US0084,4152.0,5601.0,1449.0,33.5232,-101.7927,LUBBOCK|LUBBOCK|33.5232|-101.7927||US0084
447,LUBBOCK,LUBBOCK,33.5233,-101.9224,,FM 1730,4152.0,4189.0,37.0,33.5233,-101.9224,LUBBOCK|LUBBOCK|33.5233|-101.9224||FM 1730
448,LUBBOCK,LUBBOCK,33.5234,-101.8657,78TH STREET,W AVENUE,4152.0,3828.0,-324.0,33.5234,-101.8657,LUBBOCK|LUBBOCK|33.5234|-101.8657|78TH STREET|W AVENUE
449,LUBBOCK,LUBBOCK,33.5234,-101.8834,78TH STREET,GARY AVENUE,4152.0,4450.0,298.0,33.5234,-101.8834,LUBBOCK|LUBBOCK|33.5234|-101.8834|78TH STREET|GARY AVENUE
450,LUBBOCK,LUBBOCK,33.5236,-101.8440,,US0087,4152.0,5758.0,1606.0,33.5236,-101.844,LUBBOCK|LUBBOCK|33.5236|-101.8440||US0087
451,LUBBOCK,LUBBOCK,33.5236,-101.8704,,UNIVERSITY AVENUE,4152.0,4488.0,336.0,33.5236,-101.8704,LUBBOCK|LUBBOCK|33.5236|-101.8704||UNIVERSITY AVENUE
452,LUBBOCK,LUBBOCK,33.5236,-101.9883,,US0062,4152.0,3494.0,-658.0,33.5236,-101.9883,LUBBOCK|LUBBOCK|33.5236|-101.9883||US0062
453,LUBBOCK,LUBBOCK,33.5238,-101.8494,,78TH STREET,4152.0,4316.0,164.0,33.5238,-101.8494,LUBBOCK|LUBBOCK|33.5238|-101.8494||78TH STREET
454,LUBBOCK,LUBBOCK,33.5241,-101.9571,,MILWAUKEE AVENUE,4152.0,4043.0,-109.0,33.5241,-101.9571,LUBBOCK|LUBBOCK|33.5241|-101.9571||MILWAUKEE AVENUE
455,LUBBOCK,LUBBOCK,33.5247,-101.9571,,MILWAUKEE AVENUE,4152.0,1403.0,-2749.0,33.5247,-101.9571,LUBBOCK|LUBBOCK|33.5247|-101.9571||MILWAUKEE AVENUE
456,LUBBOCK,LUBBOCK,33.5248,-101.7993,,US0084,1312.0,4115.0,2803.0,33.5248,-101.7993,LUBBOCK|LUBBOCK|33.5248|-101.7993||US0084
457,LUBBOCK,LUBBOCK,33.5249,-101.7999,,US0084,4152.0,4281.0,129.0,33.5249,-101.7999,LUBBOCK|LUBBOCK|33.5249|-101.7999||US0084
458,LUBBOCK,LUBBOCK,33.5249,-101.8877,76TH STREET,76TH STREET,4152.0,5292.0,1140.0,33.5249,-101.8877,LUBBOCK|LUBBOCK|33.5249|-101.8877|76TH STREET|76TH STREET
459,LUBBOCK,LUBBOCK,33.5249,-101.9224,,SLIDE ROAD,1312.0,2823.0,1511.0,33.5249,-101.9224,LUBBOCK|LUBBOCK|33.5249|-101.9224||SLIDE ROAD
460,LUBBOCK,LUBBOCK,33.5249,-101.9345,,76TH STREET,4152.0,1503.0,-2649.0,33.5249,-101.9345,LUBBOCK|LUBBOCK|33.5249|-101.9345||76TH STREET
461,LUBBOCK,LUBBOCK,33.5249,-101.9861,SS0327,US0062,4152.0,5667.0,1515.0,33.5249,-101.9861,LUBBOCK|LUBBOCK|33.5249|-101.9861|SS0327|US0062
462,LUBBOCK,LUBBOCK,33.5251,-101.8441,,IH0027,4152.0,5975.0,1823.0,33.5251,-101.8441,LUBBOCK|LUBBOCK|33.5251|-101.8441||IH0027
463,LUBBOCK,LUBBOCK,33.5251,-101.9859,,US0062,4152.0,5495.0,1343.0,33.5251,-101.9859,LUBBOCK|LUBBOCK|33.5251|-101.9859||US0062
464,LUBBOCK,LUBBOCK,33.5252,-101.9571,,MILWAUKEE AVENUE,4152.0,4414.0,262.0,33.5252,-101.9571,LUBBOCK|LUBBOCK|33.5252|-101.9571||MILWAUKEE AVENUE
465,LUBBOCK,LUBBOCK,33.5253,-101.9050,,QUAKER AVENUE,4152.0,1722.0,-2430.0,33.5253,-101.905,LUBBOCK|LUBBOCK|33.5253|-101.9050||QUAKER AVENUE
466,LUBBOCK,LUBBOCK,33.5256,-101.9571,,MILWAUKEE AVENUE,4152.0,2880.0,-1272.0,33.5256,-101.9571,LUBBOCK|LUBBOCK|33.5256|-101.9571||MILWAUKEE AVENUE
467,LUBBOCK,LUBBOCK,33.5257,-101.8441,,IH0027,4152.0,5997.0,1845.0,33.5257,-101.8441,LUBBOCK|LUBBOCK|33.5257|-101.8441||IH0027
468,LUBBOCK,LUBBOCK,33.5259,-101.7812,,SS0331,4152.0,1256.0,-2896.0,33.5259,-101.7812,LUBBOCK|LUBBOCK|33.5259|-101.7812||SS0331
469,LUBBOCK,LUBBOCK,33.5260,-101.9224,75TH STREET,SLIDE ROAD,135.5,306.0,170.5,33.526,-101.9224,LUBBOCK|LUBBOCK|33.5260|-101.9224|75TH STREET|SLIDE ROAD
470,LUBBOCK,LUBBOCK,33.5260,-101.9571,,MILWAUKEE AVENUE,4152.0,5306.0,1154.0,33.526,-101.9571,LUBBOCK|LUBBOCK|33.5260|-101.9571||MILWAUKEE AVENUE
471,LUBBOCK,LUBBOCK,33.5260,-101.9744,74TH STREET,UPLAND AVENUE,4152.0,3523.0,-629.0,33.526,-101.9744,LUBBOCK|LUBBOCK|33.5260|-101.9744|74TH STREET|UPLAND AVENUE
472,LUBBOCK,LUBBOCK,33.5262,-101.8441,,IH0027,4152.0,5878.0,1726.0,33.5262,-101.8441,LUBBOCK|LUBBOCK|33.5262|-101.8441||IH0027
473,LUBBOCK,LUBBOCK,33.5265,-101.8064,,US0084,4152.0,5662.0,1510.0,33.5265,-101.8064,LUBBOCK|LUBBOCK|33.5265|-101.8064||US0084
474,LUBBOCK,LUBBOCK,33.5266,-101.8441,,IH0027,4152.0,5959.0,1807.0,33.5266,-101.8441,LUBBOCK|LUBBOCK|33.5266|-101.8441||IH0027
475,LUBBOCK,LUBBOCK,33.5266,-101.8704,,UNIVERSITY AVENUE,4152.0,4782.0,630.0,33.5266,-101.8704,LUBBOCK|LUBBOCK|33.5266|-101.8704||UNIVERSITY AVENUE
476,LUBBOCK,LUBBOCK,33.5266,-101.8877,74TH STREET,INDIANA AVENUE,4152.0,4572.0,420.0,33.5266,-101.8877,LUBBOCK|LUBBOCK|33.5266|-101.8877|74TH STREET|INDIANA AVENUE
477,LUBBOCK,LUBBOCK,33.5266,-101.9300,,74TH STREET,4152.0,5185.0,1033.0,33.5266,-101.93,LUBBOCK|LUBBOCK|33.5266|-101.9300||74TH STREET
478,LUBBOCK,LUBBOCK,33.5267,-101.9833,,US0062,1312.0,3382.0,2070.0,33.5267,-101.9833,LUBBOCK|LUBBOCK|33.5267|-101.9833||US0062
479,LUBBOCK,LUBBOCK,33.5268,-101.8704,,UNIVERSITY AVENUE,4152.0,3955.0,-197.0,33.5268,-101.8704,LUBBOCK|LUBBOCK|33.5268|-101.8704||UNIVERSITY AVENUE
480,LUBBOCK,LUBBOCK,33.5269,-101.9744,73RD STREET,UPLAND AVENUE,4152.0,3232.0,-920.0,33.5269,-101.9744,LUBBOCK|LUBBOCK|33.5269|-101.9744|73RD STREET|UPLAND AVENUE
481,LUBBOCK,LUBBOCK,33.5270,-101.8671,74TH STREET,AVENUE X,4152.0,3623.0,-529.0,33.527,-101.8671,LUBBOCK|LUBBOCK|33.5270|-101.8671|74TH STREET|AVENUE X
482,LUBBOCK,LUBBOCK,33.5270,-101.8704,74TH STREET,UNIVERSITY AVENUE,43.5,47.0,3.5,33.527,-101.8704,LUBBOCK|LUBBOCK|33.5270|-101.8704|74TH STREET|UNIVERSITY AVENUE
483,LUBBOCK,LUBBOCK,33.5270,-101.9224,,SLIDE ROAD,1312.0,2852.0,1540.0,33.527,-101.9224,LUBBOCK|LUBBOCK|33.5270|-101.9224||SLIDE ROAD
484,LUBBOCK,LUBBOCK,33.5271,-101.8441,,IH0027,1312.0,5883.0,4571.0,33.5271,-101.8441,LUBBOCK|LUBBOCK|33.5271|-101.8441||IH0027
485,LUBBOCK,LUBBOCK,33.5271,-101.9571,,MILWAUKEE AVENUE,4152.0,1487.0,-2665.0,33.5271,-101.9571,LUBBOCK|LUBBOCK|33.5271|-101.9571||MILWAUKEE AVENUE
486,LUBBOCK,LUBBOCK,33.5273,-101.8704,74TH STREET,UNIVERSITY AVENUE,4152.0,4986.0,834.0,33.5273,-101.8704,LUBBOCK|LUBBOCK|33.5273|-101.8704|74TH STREET|UNIVERSITY AVENUE
487,LUBBOCK,LUBBOCK,33.5273,-101.8877,,INDIANA AVENUE,1312.0,2224.0,912.0,33.5273,-101.8877,LUBBOCK|LUBBOCK|33.5273|-101.8877||INDIANA AVENUE
488,LUBBOCK,LUBBOCK,33.5274,-101.8099,,US0084,4152.0,4438.0,286.0,33.5274,-101.8099,LUBBOCK|LUBBOCK|33.5274|-101.8099||US0084
489,LUBBOCK,LUBBOCK,33.5274,-101.9224,73RD STREET,SLIDE ROAD,2031.5,273.0,-1758.5,33.5274,-101.9224,LUBBOCK|LUBBOCK|33.5274|-101.9224|73RD STREET|SLIDE ROAD
490,LUBBOCK,LUBBOCK,33.5274,-101.9397,73RD STREET,FRANKFORD AVENUE,2031.5,328.0,-1703.5,33.5274,-101.9397,LUBBOCK|LUBBOCK|33.5274|-101.9397|73RD STREET|FRANKFORD AVENUE
491,LUBBOCK,LUBBOCK,33.5274,-101.9440,73RD STREET,HOMESTEAD AVENUE,4152.0,4682.0,530.0,33.5274,-101.944,LUBBOCK|LUBBOCK|33.5274|-101.9440|73RD STREET|HOMESTEAD AVENUE
492,LUBBOCK,LUBBOCK,33.5275,-101.9224,73RD STREET,SLIDE ROAD,4152.0,1882.0,-2270.0,33.5275,-101.9224,LUBBOCK|LUBBOCK|33.5275|-101.9224|73RD STREET|SLIDE ROAD
493,LUBBOCK,LUBBOCK,33.5276,-101.8530,74TH STREET,AVENUE P,4152.0,4960.0,808.0,33.5276,-101.853,LUBBOCK|LUBBOCK|33.5276|-101.8530|74TH STREET|AVENUE P
494,LUBBOCK,LUBBOCK,33.5276,-101.9058,72ND STREET,QUAKER AVENUE,390.5,1747.0,1356.5,33.5276,-101.9058,LUBBOCK|LUBBOCK|33.5276|-101.9058|72ND STREET|QUAKER AVENUE
495,LUBBOCK,LUBBOCK,33.5277,-101.8441,,IH0027,2031.5,3592.0,1560.5,33.5277,-101.8441,LUBBOCK|LUBBOCK|33.5277|-101.8441||IH0027
496,LUBBOCK,LUBBOCK,33.5277,-101.9571,,MILWAUKEE AVENUE,390.5,1866.0,1475.5,33.5277,-101.9571,LUBBOCK|LUBBOCK|33.5277|-101.9571||MILWAUKEE AVENUE
497,LUBBOCK,LUBBOCK,33.5278,-101.9813,,US0062,4152.0,5673.0,1521.0,33.5278,-101.9813,LUBBOCK|LUBBOCK|33.5278|-101.9813||US0062
498,LUBBOCK,LUBBOCK,33.5280,-101.8124,,US0084,4152.0,4055.0,-97.0,33.528,-101.8124,LUBBOCK|LUBBOCK|33.5280|-101.8124||US0084
499,LUBBOCK,LUBBOCK,33.5280,-101.8292,,E 73RD STREET,4152.0,5230.0,1078.0,33.528,-101.8292,LUBBOCK|LUBBOCK|33.5280|-101.8292||E 73RD STREET
500,LUBBOCK,LUBBOCK,33.5280,-101.8690,,73RD STREET,4152.0,4945.0,793.0,33.528,-101.869,LUBBOCK|LUBBOCK|33.5280|-101.8690||73RD STREET
501,LUBBOCK,LUBBOCK,33.5280,-101.9224,73RD STREET,FM 1730,4152.0,1860.0,-2292.0,33.528,-101.9224,LUBBOCK|LUBBOCK|33.5280|-101.9224|73RD STREET|FM 1730
502,LUBBOCK,LUBBOCK,33.5281,-101.9061,72ND STREET,QUAKER AVENUE,4152.0,2369.0,-1783.0,33.5281,-101.9061,LUBBOCK|LUBBOCK|33.5281|-101.9061|72ND STREET|QUAKER AVENUE
503,LUBBOCK,LUBBOCK,33.5281,-101.9061,74TH STREET,QUAKER AVENUE,1312.0,212.0,-1100.0,33.5281,-101.9061,LUBBOCK|LUBBOCK|33.5281|-101.9061|74TH STREET|QUAKER AVENUE
504,LUBBOCK,LUBBOCK,33.5281,-101.9061,,QUAKER AVENUE,2031.5,439.0,-1592.5,33.5281,-101.9061,LUBBOCK|LUBBOCK|33.5281|-101.9061||QUAKER AVENUE
505,LUBBOCK,LUBBOCK,33.5283,-101.8442,,IH0027,4152.0,6002.0,1850.0,33.5283,-101.8442,LUBBOCK|LUBBOCK|33.5283|-101.8442||IH0027
506,LUBBOCK,LUBBOCK,33.5283,-101.9063,,QUAKER AVENUE,1312.0,3506.0,2194.0,33.5283,-101.9063,LUBBOCK|LUBBOCK|33.5283|-101.9063||QUAKER AVENUE
507,LUBBOCK,LUBBOCK,33.5284,-101.7839,,SS0331,390.5,3125.0,2734.5,33.5284,-101.7839,LUBBOCK|LUBBOCK|33.5284|-101.7839||SS0331
508,LUBBOCK,LUBBOCK,33.5289,-101.8159,SL0289,US0084,4152.0,5566.0,1414.0,33.5289,-101.8159,LUBBOCK|LUBBOCK|33.5289|-101.8159|SL0289|US0084
509,LUBBOCK,LUBBOCK,33.5289,-101.8160,SL0289,US0084,4152.0,3739.0,-413.0,33.5289,-101.816,LUBBOCK|LUBBOCK|33.5289|-101.8160|SL0289|US0084
510,LUBBOCK,LUBBOCK,33.5289,-101.8878,INDIANA AVENUE,SL0289,4152.0,2721.0,-1431.0,33.5289,-101.8878,LUBBOCK|LUBBOCK|33.5289|-101.8878|INDIANA AVENUE|SL0289
511,LUBBOCK,LUBBOCK,33.5289,-101.8888,,S TX 289 LOOP,4152.0,1602.0,-2550.0,33.5289,-101.8888,LUBBOCK|LUBBOCK|33.5289|-101.8888||S TX 289 LOOP
512,LUBBOCK,LUBBOCK,33.5291,-101.8169,SL0289,US0084,4152.0,5049.0,897.0,33.5291,-101.8169,LUBBOCK|LUBBOCK|33.5291|-101.8169|SL0289|US0084
513,LUBBOCK,LUBBOCK,33.5291,-101.8169,,US0084,4152.0,3784.0,-368.0,33.5291,-101.8169,LUBBOCK|LUBBOCK|33.5291|-101.8169||US0084
514,LUBBOCK,LUBBOCK,33.5291,-101.8419,,SL0289,1312.0,5559.0,4247.0,33.5291,-101.8419,LUBBOCK|LUBBOCK|33.5291|-101.8419||SL0289
515,LUBBOCK,LUBBOCK,33.5291,-101.8442,IH0027,SL0289,43.5,203.0,159.5,33.5291,-101.8442,LUBBOCK|LUBBOCK|33.5291|-101.8442|IH0027|SL0289
516,LUBBOCK,LUBBOCK,33.5291,-101.9067,71ST STREET,QUAKER AVENUE,4152.0,1837.0,-2315.0,33.5291,-101.9067,LUBBOCK|LUBBOCK|33.5291|-101.9067|71ST STREET|QUAKER AVENUE
517,LUBBOCK,LUBBOCK,33.5291,-101.9067,,QUAKER AVENUE,4152.0,1759.0,-2393.0,33.5291,-101.9067,LUBBOCK|LUBBOCK|33.5291|-101.9067||QUAKER AVENUE
518,LUBBOCK,LUBBOCK,33.5292,-101.8442,IH0027,SL0289,4152.0,6012.0,1860.0,33.5292,-101.8442,LUBBOCK|LUBBOCK|33.5292|-101.8442|IH0027|SL0289
519,LUBBOCK,LUBBOCK,33.5292,-101.8498,,SL0289,4152.0,5968.0,1816.0,33.5292,-101.8498,LUBBOCK|LUBBOCK|33.5292|-101.8498||SL0289
520,LUBBOCK,LUBBOCK,33.5292,-101.8514,,SL0289,1312.0,6035.0,4723.0,33.5292,-101.8514,LUBBOCK|LUBBOCK|33.5292|-101.8514||SL0289
521,LUBBOCK,LUBBOCK,33.5293,-101.8176,SL0289,US0084,99.0,82.0,-17.0,33.5293,-101.8176,LUBBOCK|LUBBOCK|33.5293|-101.8176|SL0289|US0084
522,LUBBOCK,LUBBOCK,33.5293,-101.8176,,US0084,390.5,3340.0,2949.5,33.5293,-101.8176,LUBBOCK|LUBBOCK|33.5293|-101.8176||US0084
523,LUBBOCK,LUBBOCK,33.5293,-101.8231,SL0289,US0084,390.5,5767.0,5376.5,33.5293,-101.8231,LUBBOCK|LUBBOCK|33.5293|-101.8231|SL0289|US0084
524,LUBBOCK,LUBBOCK,33.5293,-101.8341,ASH AVENUE,SL0289,4152.0,5174.0,1022.0,33.5293,-101.8341,LUBBOCK|LUBBOCK|33.5293|-101.8341|ASH AVENUE|SL0289
525,LUBBOCK,LUBBOCK,33.5293,-101.8348,,SL0289,4152.0,5698.0,1546.0,33.5293,-101.8348,LUBBOCK|LUBBOCK|33.5293|-101.8348||SL0289
526,LUBBOCK,LUBBOCK,33.5293,-101.8356,,SL0289,4152.0,5674.0,1522.0,33.5293,-101.8356,LUBBOCK|LUBBOCK|33.5293|-101.8356||SL0289
527,LUBBOCK,LUBBOCK,33.5293,-101.8357,,SL0289,669.0,497.0,-172.0,33.5293,-101.8357,LUBBOCK|LUBBOCK|33.5293|-101.8357||SL0289
528,LUBBOCK,LUBBOCK,33.5293,-101.8521,,SL0289,4152.0,5954.0,1802.0,33.5293,-101.8521,LUBBOCK|LUBBOCK|33.5293|-101.8521||SL0289
529,LUBBOCK,LUBBOCK,33.5293,-101.8525,,SL0289,4152.0,6010.0,1858.0,33.5293,-101.8525,LUBBOCK|LUBBOCK|33.5293|-101.8525||SL0289
530,LUBBOCK,LUBBOCK,33.5293,-101.8526,,SL0289,4152.0,6023.0,1871.0,33.5293,-101.8526,LUBBOCK|LUBBOCK|33.5293|-101.8526||SL0289
531,LUBBOCK,LUBBOCK,33.5293,-101.8530,AVENUE P,SL0289,4152.0,5992.0,1840.0,33.5293,-101.853,LUBBOCK|LUBBOCK|33.5293|-101.8530|AVENUE P|SL0289
532,LUBBOCK,LUBBOCK,33.5293,-101.8532,,SL0289,4152.0,6021.0,1869.0,33.5293,-101.8532,LUBBOCK|LUBBOCK|33.5293|-101.8532||SL0289
533,LUBBOCK,LUBBOCK,33.5293,-101.8534,,SL0289,1312.0,6007.0,4695.0,33.5293,-101.8534,LUBBOCK|LUBBOCK|33.5293|-101.8534||SL0289
534,LUBBOCK,LUBBOCK,33.5293,-101.8550,,SL0289,4152.0,6036.0,1884.0,33.5293,-101.855,LUBBOCK|LUBBOCK|33.5293|-101.8550||SL0289
535,LUBBOCK,LUBBOCK,33.5293,-101.8552,,SL0289,4152.0,5973.0,1821.0,33.5293,-101.8552,LUBBOCK|LUBBOCK|33.5293|-101.8552||SL0289
536,LUBBOCK,LUBBOCK,33.5293,-101.8553,,SL0289,4152.0,6016.0,1864.0,33.5293,-101.8553,LUBBOCK|LUBBOCK|33.5293|-101.8553||SL0289
537,LUBBOCK,LUBBOCK,33.5293,-101.8582,S AVENUE,SL0289,4152.0,5989.0,1837.0,33.5293,-101.8582,LUBBOCK|LUBBOCK|33.5293|-101.8582|S AVENUE|SL0289
538,LUBBOCK,LUBBOCK,33.5293,-101.8617,,SL0289,4152.0,6013.0,1861.0,33.5293,-101.8617,LUBBOCK|LUBBOCK|33.5293|-101.8617||SL0289
539,LUBBOCK,LUBBOCK,33.5293,-101.8619,,SL0289,4152.0,5988.0,1836.0,33.5293,-101.8619,LUBBOCK|LUBBOCK|33.5293|-101.8619||SL0289
540,LUBBOCK,LUBBOCK,33.5293,-101.8624,,SL0289,2031.5,5754.0,3722.5,33.5293,-101.8624,LUBBOCK|LUBBOCK|33.5293|-101.8624||SL0289
541,LUBBOCK,LUBBOCK,33.5293,-101.8634,,SL0289,4152.0,5952.0,1800.0,33.5293,-101.8634,LUBBOCK|LUBBOCK|33.5293|-101.8634||SL0289
542,LUBBOCK,LUBBOCK,33.5293,-101.8637,,SL0289,4152.0,5941.0,1789.0,33.5293,-101.8637,LUBBOCK|LUBBOCK|33.5293|-101.8637||SL0289
543,LUBBOCK,LUBBOCK,33.5293,-101.8662,,SL0289,4152.0,5965.0,1813.0,33.5293,-101.8662,LUBBOCK|LUBBOCK|33.5293|-101.8662||SL0289
544,LUBBOCK,LUBBOCK,33.5293,-101.8668,,SL0289,4152.0,5967.0,1815.0,33.5293,-101.8668,LUBBOCK|LUBBOCK|33.5293|-101.8668||SL0289
545,LUBBOCK,LUBBOCK,33.5293,-101.8671,SL0289,W AVENUE,1312.0,6004.0,4692.0,33.5293,-101.8671,LUBBOCK|LUBBOCK|33.5293|-101.8671|SL0289|W AVENUE
546,LUBBOCK,LUBBOCK,33.5293,-101.8672,,SL0289,1312.0,6022.0,4710.0,33.5293,-101.8672,LUBBOCK|LUBBOCK|33.5293|-101.8672||SL0289
547,LUBBOCK,LUBBOCK,33.5293,-101.8674,,SL0289,390.5,5979.0,5588.5,33.5293,-101.8674,LUBBOCK|LUBBOCK|33.5293|-101.8674||SL0289
548,LUBBOCK,LUBBOCK,33.5293,-101.8688,,SL0289,4152.0,5984.0,1832.0,33.5293,-101.8688,LUBBOCK|LUBBOCK|33.5293|-101.8688||SL0289
549,LUBBOCK,LUBBOCK,33.5293,-101.8701,,SL0289,669.0,5213.0,4544.0,33.5293,-101.8701,LUBBOCK|LUBBOCK|33.5293|-101.8701||SL0289
550,LUBBOCK,LUBBOCK,33.5293,-101.8704,,SL0289,2031.5,5794.0,3762.5,33.5293,-101.8704,LUBBOCK|LUBBOCK|33.5293|-101.8704||SL0289
551,LUBBOCK,LUBBOCK,33.5293,-101.8705,IH0027,SL0289,1312.0,2889.0,1577.0,33.5293,-101.8705,LUBBOCK|LUBBOCK|33.5293|-101.8705|IH0027|SL0289
552,LUBBOCK,LUBBOCK,33.5293,-101.8705,SL0289,UNIVERSITY AVENUE,8.0,40.0,32.0,33.5293,-101.8705,LUBBOCK|LUBBOCK|33.5293|-101.8705|SL0289|UNIVERSITY AVENUE
553,LUBBOCK,LUBBOCK,33.5293,-101.8705,,SL0289,1312.0,6026.0,4714.0,33.5293,-101.8705,LUBBOCK|LUBBOCK|33.5293|-101.8705||SL0289
554,LUBBOCK,LUBBOCK,33.5293,-101.8706,SL0289,UNIVERSITY AVENUE,4152.0,6029.0,1877.0,33.5293,-101.8706,LUBBOCK|LUBBOCK|33.5293|-101.8706|SL0289|UNIVERSITY AVENUE
555,LUBBOCK,LUBBOCK,33.5293,-101.8708,SL0289,UNIVERSITY AVENUE,4152.0,6033.0,1881.0,33.5293,-101.8708,LUBBOCK|LUBBOCK|33.5293|-101.8708|SL0289|UNIVERSITY AVENUE
556,LUBBOCK,LUBBOCK,33.5293,-101.8708,,SL0289,1312.0,6043.0,4731.0,33.5293,-101.8708,LUBBOCK|LUBBOCK|33.5293|-101.8708||SL0289
557,LUBBOCK,LUBBOCK,33.5293,-101.8710,,SL0289,1312.0,6028.0,4716.0,33.5293,-101.871,LUBBOCK|LUBBOCK|33.5293|-101.8710||SL0289
558,LUBBOCK,LUBBOCK,33.5293,-101.8711,,SL0289,4152.0,6053.0,1901.0,33.5293,-101.8711,LUBBOCK|LUBBOCK|33.5293|-101.8711||SL0289
559,LUBBOCK,LUBBOCK,33.5293,-101.8715,,SL0289,4152.0,6068.0,1916.0,33.5293,-101.8715,LUBBOCK|LUBBOCK|33.5293|-101.8715||SL0289
560,LUBBOCK,LUBBOCK,33.5293,-101.8737,,SL0289,4152.0,6071.0,1919.0,33.5293,-101.8737,LUBBOCK|LUBBOCK|33.5293|-101.8737||SL0289
561,LUBBOCK,LUBBOCK,33.5293,-101.8740,,SL0289,1312.0,6037.0,4725.0,33.5293,-101.874,LUBBOCK|LUBBOCK|33.5293|-101.8740||SL0289
562,LUBBOCK,LUBBOCK,33.5293,-101.8747,,SL0289,4152.0,6027.0,1875.0,33.5293,-101.8747,LUBBOCK|LUBBOCK|33.5293|-101.8747||SL0289
563,LUBBOCK,LUBBOCK,33.5293,-101.8766,,SL0289,4152.0,6030.0,1878.0,33.5293,-101.8766,LUBBOCK|LUBBOCK|33.5293|-101.8766||SL0289
564,LUBBOCK,LUBBOCK,33.5293,-101.8776,,SL0289,1312.0,6061.0,4749.0,33.5293,-101.8776,LUBBOCK|LUBBOCK|33.5293|-101.8776||SL0289
565,LUBBOCK,LUBBOCK,33.5293,-101.8788,,SL0289,390.5,6066.0,5675.5,33.5293,-101.8788,LUBBOCK|LUBBOCK|33.5293|-101.8788||SL0289
566,LUBBOCK,LUBBOCK,33.5293,-101.8791,,SL0289,4152.0,6069.0,1917.0,33.5293,-101.8791,LUBBOCK|LUBBOCK|33.5293|-101.8791||SL0289
567,LUBBOCK,LUBBOCK,33.5293,-101.8792,,SL0289,4152.0,6041.0,1889.0,33.5293,-101.8792,LUBBOCK|LUBBOCK|33.5293|-101.8792||SL0289
568,LUBBOCK,LUBBOCK,33.5293,-101.8802,CANTON AVENUE,SL0289,4152.0,6051.0,1899.0,33.5293,-101.8802,LUBBOCK|LUBBOCK|33.5293|-101.8802|CANTON AVENUE|SL0289
569,LUBBOCK,LUBBOCK,33.5293,-101.8808,,SL0289,4152.0,6055.0,1903.0,33.5293,-101.8808,LUBBOCK|LUBBOCK|33.5293|-101.8808||SL0289
570,LUBBOCK,LUBBOCK,33.5293,-101.8813,,SL0289,1312.0,6080.0,4768.0,33.5293,-101.8813,LUBBOCK|LUBBOCK|33.5293|-101.8813||SL0289
571,LUBBOCK,LUBBOCK,33.5293,-101.8814,,SL0289,390.5,6038.0,5647.5,33.5293,-101.8814,LUBBOCK|LUBBOCK|33.5293|-101.8814||SL0289
572,LUBBOCK,LUBBOCK,33.5293,-101.8817,,SL0289,4152.0,6086.0,1934.0,33.5293,-101.8817,LUBBOCK|LUBBOCK|33.5293|-101.8817||SL0289
573,LUBBOCK,LUBBOCK,33.5293,-101.8842,,SL0289,1312.0,6034.0,4722.0,33.5293,-101.8842,LUBBOCK|LUBBOCK|33.5293|-101.8842||SL0289
574,LUBBOCK,LUBBOCK,33.5293,-101.8844,GENEVA AVENUE,SL0289,2031.5,5828.0,3796.5,33.5293,-101.8844,LUBBOCK|LUBBOCK|33.5293|-101.8844|GENEVA AVENUE|SL0289
575,LUBBOCK,LUBBOCK,33.5293,-101.8844,,SL0289,4152.0,6083.0,1931.0,33.5293,-101.8844,LUBBOCK|LUBBOCK|33.5293|-101.8844||SL0289
576,LUBBOCK,LUBBOCK,33.5293,-101.8862,,SL0289,2031.5,5719.0,3687.5,33.5293,-101.8862,LUBBOCK|LUBBOCK|33.5293|-101.8862||SL0289
577,LUBBOCK,LUBBOCK,33.5293,-101.8863,,SL0289,4152.0,6073.0,1921.0,33.5293,-101.8863,LUBBOCK|LUBBOCK|33.5293|-101.8863||SL0289
578,LUBBOCK,LUBBOCK,33.5293,-101.8870,,SL0289,2031.5,5626.0,3594.5,33.5293,-101.887,LUBBOCK|LUBBOCK|33.5293|-101.8870||SL0289
579,LUBBOCK,LUBBOCK,33.5293,-101.8872,,SL0289,4152.0,6060.0,1908.0,33.5293,-101.8872,LUBBOCK|LUBBOCK|33.5293|-101.8872||SL0289
580,LUBBOCK,LUBBOCK,33.5293,-101.8873,,SL0289,4152.0,6050.0,1898.0,33.5293,-101.8873,LUBBOCK|LUBBOCK|33.5293|-101.8873||SL0289
581,LUBBOCK,LUBBOCK,33.5293,-101.8875,,SL0289,4152.0,6077.0,1925.0,33.5293,-101.8875,LUBBOCK|LUBBOCK|33.5293|-101.8875||SL0289
582,LUBBOCK,LUBBOCK,33.5293,-101.8877,INDIANA AVENUE,SL0289,4152.0,6062.0,1910.0,33.5293,-101.8877,LUBBOCK|LUBBOCK|33.5293|-101.8877|INDIANA AVENUE|SL0289
583,LUBBOCK,LUBBOCK,33.5293,-101.8877,,SL0289,4152.0,6042.0,1890.0,33.5293,-101.8877,LUBBOCK|LUBBOCK|33.5293|-101.8877||SL0289
584,LUBBOCK,LUBBOCK,33.5293,-101.8878,IH0027,SL0289,1312.0,5553.0,4241.0,33.5293,-101.8878,LUBBOCK|LUBBOCK|33.5293|-101.8878|IH0027|SL0289
585,LUBBOCK,LUBBOCK,33.5293,-101.8878,INDIANA AVENUE,SL0289,669.0,880.0,211.0,33.5293,-101.8878,LUBBOCK|LUBBOCK|33.5293|-101.8878|INDIANA AVENUE|SL0289
586,LUBBOCK,LUBBOCK,33.5293,-101.8879,IH0027,SL0289,4152.0,6079.0,1927.0,33.5293,-101.8879,LUBBOCK|LUBBOCK|33.5293|-101.8879|IH0027|SL0289
587,LUBBOCK,LUBBOCK,33.5293,-101.8879,INDIANA AVENUE,SL0289,2031.5,5856.0,3824.5,33.5293,-101.8879,LUBBOCK|LUBBOCK|33.5293|-101.8879|INDIANA AVENUE|SL0289
588,LUBBOCK,LUBBOCK,33.5293,-101.8880,INDIANA AVENUE,SL0289,4152.0,6136.0,1984.0,33.5293,-101.888,LUBBOCK|LUBBOCK|33.5293|-101.8880|INDIANA AVENUE|SL0289
589,LUBBOCK,LUBBOCK,33.5293,-101.8880,,SL0289,99.0,5592.0,5493.0,33.5293,-101.888,LUBBOCK|LUBBOCK|33.5293|-101.8880||SL0289
590,LUBBOCK,LUBBOCK,33.5293,-101.8881,IH0027,SL0289,4152.0,6142.0,1990.0,33.5293,-101.8881,LUBBOCK|LUBBOCK|33.5293|-101.8881|IH0027|SL0289
591,LUBBOCK,LUBBOCK,33.5293,-101.8882,,SL0289,2031.5,5880.0,3848.5,33.5293,-101.8882,LUBBOCK|LUBBOCK|33.5293|-101.8882||SL0289
592,LUBBOCK,LUBBOCK,33.5293,-101.8885,,SL0289,4152.0,6117.0,1965.0,33.5293,-101.8885,LUBBOCK|LUBBOCK|33.5293|-101.8885||SL0289
593,LUBBOCK,LUBBOCK,33.5293,-101.8887,,SL0289,2031.5,5857.0,3825.5,33.5293,-101.8887,LUBBOCK|LUBBOCK|33.5293|-101.8887||SL0289
594,LUBBOCK,LUBBOCK,33.5293,-101.8895,,SL0289,4152.0,6135.0,1983.0,33.5293,-101.8895,LUBBOCK|LUBBOCK|33.5293|-101.8895||SL0289
595,LUBBOCK,LUBBOCK,33.5293,-101.8901,,SL0289,4152.0,6078.0,1926.0,33.5293,-101.8901,LUBBOCK|LUBBOCK|33.5293|-101.8901||SL0289
596,LUBBOCK,LUBBOCK,33.5293,-101.8902,,SL0289,2031.5,5900.0,3868.5,33.5293,-101.8902,LUBBOCK|LUBBOCK|33.5293|-101.8902||SL0289
597,LUBBOCK,LUBBOCK,33.5293,-101.8914,,SL0289,4152.0,6101.0,1949.0,33.5293,-101.8914,LUBBOCK|LUBBOCK|33.5293|-101.8914||SL0289
598,LUBBOCK,LUBBOCK,33.5293,-101.8936,,SL0289,4152.0,6114.0,1962.0,33.5293,-101.8936,LUBBOCK|LUBBOCK|33.5293|-101.8936||SL0289
599,LUBBOCK,LUBBOCK,33.5293,-101.8944,,SL0289,4152.0,6137.0,1985.0,33.5293,-101.8944,LUBBOCK|LUBBOCK|33.5293|-101.8944||SL0289
600,LUBBOCK,LUBBOCK,33.5293,-101.8947,,SL0289,2031.5,5951.0,3919.5,33.5293,-101.8947,LUBBOCK|LUBBOCK|33.5293|-101.8947||SL0289
601,LUBBOCK,LUBBOCK,33.5293,-101.8954,,SL0289,4152.0,6125.0,1973.0,33.5293,-101.8954,LUBBOCK|LUBBOCK|33.5293|-101.8954||SL0289
602,LUBBOCK,LUBBOCK,33.5293,-101.8959,,SL0289,135.5,5936.0,5800.5,33.5293,-101.8959,LUBBOCK|LUBBOCK|33.5293|-101.8959||SL0289
603,LUBBOCK,LUBBOCK,33.5293,-101.8963,,SL0289,4152.0,6110.0,1958.0,33.5293,-101.8963,LUBBOCK|LUBBOCK|33.5293|-101.8963||SL0289
604,LUBBOCK,LUBBOCK,33.5293,-101.8967,,SL0289,2031.5,5873.0,3841.5,33.5293,-101.8967,LUBBOCK|LUBBOCK|33.5293|-101.8967||SL0289
605,LUBBOCK,LUBBOCK,33.5293,-101.8974,,SL0289,2031.5,5875.0,3843.5,33.5293,-101.8974,LUBBOCK|LUBBOCK|33.5293|-101.8974||SL0289
606,LUBBOCK,LUBBOCK,33.5293,-101.8979,,SL0289,4152.0,6109.0,1957.0,33.5293,-101.8979,LUBBOCK|LUBBOCK|33.5293|-101.8979||SL0289
607,LUBBOCK,LUBBOCK,33.5293,-101.8980,,SL0289,2031.5,5907.0,3875.5,33.5293,-101.898,LUBBOCK|LUBBOCK|33.5293|-101.8980||SL0289
608,LUBBOCK,LUBBOCK,33.5293,-101.8988,,SL0289,4152.0,6072.0,1920.0,33.5293,-101.8988,LUBBOCK|LUBBOCK|33.5293|-101.8988||SL0289
609,LUBBOCK,LUBBOCK,33.5294,-101.8442,,IH0027,1312.0,6006.0,4694.0,33.5294,-101.8442,LUBBOCK|LUBBOCK|33.5294|-101.8442||IH0027
610,LUBBOCK,LUBBOCK,33.5294,-101.8997,,SL0289,4152.0,6090.0,1938.0,33.5294,-101.8997,LUBBOCK|LUBBOCK|33.5294|-101.8997||SL0289
611,LUBBOCK,LUBBOCK,33.5294,-101.9069,,QUAKER AVENUE,4152.0,1639.0,-2513.0,33.5294,-101.9069,LUBBOCK|LUBBOCK|33.5294|-101.9069||QUAKER AVENUE
612,LUBBOCK,LUBBOCK,33.5296,-101.8200,,SL0289,669.0,501.0,-168.0,33.5296,-101.82,LUBBOCK|LUBBOCK|33.5296|-101.8200||SL0289
613,LUBBOCK,LUBBOCK,33.5297,-101.8191,SL0289,US0084,1312.0,4164.0,2852.0,33.5297,-101.8191,LUBBOCK|LUBBOCK|33.5297|-101.8191|SL0289|US0084
614,LUBBOCK,LUBBOCK,33.5297,-101.9018,,SL0289,4152.0,6127.0,1975.0,33.5297,-101.9018,LUBBOCK|LUBBOCK|33.5297|-101.9018||SL0289
615,LUBBOCK,LUBBOCK,33.5297,-101.9020,,SL0289,1312.0,5417.0,4105.0,33.5297,-101.902,LUBBOCK|LUBBOCK|33.5297|-101.9020||SL0289
616,LUBBOCK,LUBBOCK,33.5297,-101.9021,,SL0289,4152.0,6112.0,1960.0,33.5297,-101.9021,LUBBOCK|LUBBOCK|33.5297|-101.9021||SL0289
617,LUBBOCK,LUBBOCK,33.5298,-101.9024,,SL0289,4152.0,6076.0,1924.0,33.5298,-101.9024,LUBBOCK|LUBBOCK|33.5298|-101.9024||SL0289
618,LUBBOCK,LUBBOCK,33.5299,-101.8188,,SL0289,4152.0,4597.0,445.0,33.5299,-101.8188,LUBBOCK|LUBBOCK|33.5299|-101.8188||SL0289
619,LUBBOCK,LUBBOCK,33.5299,-101.9030,,SL0289,4152.0,6093.0,1941.0,33.5299,-101.903,LUBBOCK|LUBBOCK|33.5299|-101.9030||SL0289
620,LUBBOCK,LUBBOCK,33.5299,-101.9581,,MOBILE AVENUE,4152.0,3431.0,-721.0,33.5299,-101.9581,LUBBOCK|LUBBOCK|33.5299|-101.9581||MOBILE AVENUE
621,LUBBOCK,LUBBOCK,33.5300,-101.8202,,US0084,4152.0,5215.0,1063.0,33.53,-101.8202,LUBBOCK|LUBBOCK|33.5300|-101.8202||US0084
622,LUBBOCK,LUBBOCK,33.5300,-101.9071,,QUAKER AVENUE,4152.0,5271.0,1119.0,33.53,-101.9071,LUBBOCK|LUBBOCK|33.5300|-101.9071||QUAKER AVENUE
623,LUBBOCK,LUBBOCK,33.5301,-101.8205,,US0084,4152.0,3062.0,-1090.0,33.5301,-101.8205,LUBBOCK|LUBBOCK|33.5301|-101.8205||US0084
624,LUBBOCK,LUBBOCK,33.5301,-101.8207,MARTIN LUTHER KING JR BOULEVARD,US0084,57.5,41.0,-16.5,33.5301,-101.8207,LUBBOCK|LUBBOCK|33.5301|-101.8207|MARTIN LUTHER KING JR BOULEVARD|US0084
625,LUBBOCK,LUBBOCK,33.5301,-101.8207,SL0289,US0084,99.0,80.0,-19.0,33.5301,-101.8207,LUBBOCK|LUBBOCK|33.5301|-101.8207|SL0289|US0084
626,LUBBOCK,LUBBOCK,33.5302,-101.8638,,71ST STREET,4152.0,4790.0,638.0,33.5302,-101.8638,LUBBOCK|LUBBOCK|33.5302|-101.8638||71ST STREET
627,LUBBOCK,LUBBOCK,33.5302,-101.9039,,SL0289,4152.0,6133.0,1981.0,33.5302,-101.9039,LUBBOCK|LUBBOCK|33.5302|-101.9039||SL0289
628,LUBBOCK,LUBBOCK,33.5304,-101.9049,,SL0289,4152.0,6129.0,1977.0,33.5304,-101.9049,LUBBOCK|LUBBOCK|33.5304|-101.9049||SL0289
629,LUBBOCK,LUBBOCK,33.5305,-101.8442,,IH0027,390.5,5957.0,5566.5,33.5305,-101.8442,LUBBOCK|LUBBOCK|33.5305|-101.8442||IH0027
630,LUBBOCK,LUBBOCK,33.5305,-101.9071,QUAKER AVENUE,SL0289,4152.0,1924.0,-2228.0,33.5305,-101.9071,LUBBOCK|LUBBOCK|33.5305|-101.9071|QUAKER AVENUE|SL0289
631,LUBBOCK,LUBBOCK,33.5305,-101.9071,,QUAKER AVENUE,4152.0,5248.0,1096.0,33.5305,-101.9071,LUBBOCK|LUBBOCK|33.5305|-101.9071||QUAKER AVENUE
632,LUBBOCK,LUBBOCK,33.5306,-101.8221,MARTIN LUTHER KING JR BOULEVARD,US0084,4152.0,4679.0,527.0,33.5306,-101.8221,LUBBOCK|LUBBOCK|33.5306|-101.8221|MARTIN LUTHER KING JR BOULEVARD|US0084
633,LUBBOCK,LUBBOCK,33.5306,-101.9054,,SL0289,4152.0,6140.0,1988.0,33.5306,-101.9054,LUBBOCK|LUBBOCK|33.5306|-101.9054||SL0289
634,LUBBOCK,LUBBOCK,33.5306,-101.9056,,SL0289,4152.0,6099.0,1947.0,33.5306,-101.9056,LUBBOCK|LUBBOCK|33.5306|-101.9056||SL0289
635,LUBBOCK,LUBBOCK,33.5306,-101.9071,QUAKER AVENUE,SL0289,4152.0,3518.0,-634.0,33.5306,-101.9071,LUBBOCK|LUBBOCK|33.5306|-101.9071|QUAKER AVENUE|SL0289
636,LUBBOCK,LUBBOCK,33.5306,-101.9325,,CHICAGO AVENUE,4152.0,3596.0,-556.0,33.5306,-101.9325,LUBBOCK|LUBBOCK|33.5306|-101.9325||CHICAGO AVENUE
637,LUBBOCK,LUBBOCK,33.5306,-101.9571,MILWAUKEE AVENUE,MILWAUKEE AVENUE,4152.0,4206.0,54.0,33.5306,-101.9571,LUBBOCK|LUBBOCK|33.5306|-101.9571|MILWAUKEE AVENUE|MILWAUKEE AVENUE
638,LUBBOCK,LUBBOCK,33.5307,-101.9058,,SL0289,4152.0,6147.0,1995.0,33.5307,-101.9058,LUBBOCK|LUBBOCK|33.5307|-101.9058||SL0289
639,LUBBOCK,LUBBOCK,33.5307,-101.9059,,SL0289,4152.0,6116.0,1964.0,33.5307,-101.9059,LUBBOCK|LUBBOCK|33.5307|-101.9059||SL0289
640,LUBBOCK,LUBBOCK,33.5307,-101.9061,,SL0289,2031.5,5885.0,3853.5,33.5307,-101.9061,LUBBOCK|LUBBOCK|33.5307|-101.9061||SL0289
641,LUBBOCK,LUBBOCK,33.5308,-101.9064,,SL0289,2031.5,5925.0,3893.5,33.5308,-101.9064,LUBBOCK|LUBBOCK|33.5308|-101.9064||SL0289
642,LUBBOCK,LUBBOCK,33.5309,-101.9068,,SL0289,4152.0,6130.0,1978.0,33.5309,-101.9068,LUBBOCK|LUBBOCK|33.5309|-101.9068||SL0289
643,LUBBOCK,LUBBOCK,33.5310,-101.9068,QUAKER AVENUE,SL0289,2031.5,5847.0,3815.5,33.531,-101.9068,LUBBOCK|LUBBOCK|33.5310|-101.9068|QUAKER AVENUE|SL0289
644,LUBBOCK,LUBBOCK,33.5310,-101.9068,,SL0289,2031.5,5835.0,3803.5,33.531,-101.9068,LUBBOCK|LUBBOCK|33.5310|-101.9068||SL0289
645,LUBBOCK,LUBBOCK,33.5310,-101.9069,,SL0289,1312.0,6143.0,4831.0,33.531,-101.9069,LUBBOCK|LUBBOCK|33.5310|-101.9069||SL0289
646,LUBBOCK,LUBBOCK,33.5310,-101.9070,QUAKER AVENUE,SL0289,43.5,209.0,165.5,33.531,-101.907,LUBBOCK|LUBBOCK|33.5310|-101.9070|QUAKER AVENUE|SL0289
647,LUBBOCK,LUBBOCK,33.5310,-101.9071,QUAKER AVENUE,SL0289,4152.0,6108.0,1956.0,33.531,-101.9071,LUBBOCK|LUBBOCK|33.5310|-101.9071|QUAKER AVENUE|SL0289
648,LUBBOCK,LUBBOCK,33.5310,-101.9071,,SL0289,2031.5,5945.0,3913.5,33.531,-101.9071,LUBBOCK|LUBBOCK|33.5310|-101.9071||SL0289
649,LUBBOCK,LUBBOCK,33.5310,-101.9224,,SLIDE ROAD,2031.5,403.0,-1628.5,33.531,-101.9224,LUBBOCK|LUBBOCK|33.5310|-101.9224||SLIDE ROAD
650,LUBBOCK,LUBBOCK,33.5310,-101.9445,,HOMESTEAD AVENUE,4152.0,4672.0,520.0,33.531,-101.9445,LUBBOCK|LUBBOCK|33.5310|-101.9445||HOMESTEAD AVENUE
651,LUBBOCK,LUBBOCK,33.5311,-101.8903,,LYNNHAVEN DRIVE,4152.0,1783.0,-2369.0,33.5311,-101.8903,LUBBOCK|LUBBOCK|33.5311|-101.8903||LYNNHAVEN DRIVE
652,LUBBOCK,LUBBOCK,33.5311,-101.9073,SL0289,SS0327,4152.0,6146.0,1994.0,33.5311,-101.9073,LUBBOCK|LUBBOCK|33.5311|-101.9073|SL0289|SS0327
653,LUBBOCK,LUBBOCK,33.5311,-101.9074,,SL0289,390.5,6134.0,5743.5,33.5311,-101.9074,LUBBOCK|LUBBOCK|33.5311|-101.9074||SL0289
654,LUBBOCK,LUBBOCK,33.5311,-101.9075,,SL0289,4152.0,6120.0,1968.0,33.5311,-101.9075,LUBBOCK|LUBBOCK|33.5311|-101.9075||SL0289
655,LUBBOCK,LUBBOCK,33.5312,-101.8790,ELGIN AVENUE,ELGIN AVENUE,4152.0,3017.0,-1135.0,33.5312,-101.879,LUBBOCK|LUBBOCK|33.5312|-101.8790|ELGIN AVENUE|ELGIN AVENUE
656,LUBBOCK,LUBBOCK,33.5312,-101.9078,,SL0289,4152.0,6148.0,1996.0,33.5312,-101.9078,LUBBOCK|LUBBOCK|33.5312|-101.9078||SL0289
657,LUBBOCK,LUBBOCK,33.5312,-101.9079,,SL0289,2031.5,5980.0,3948.5,33.5312,-101.9079,LUBBOCK|LUBBOCK|33.5312|-101.9079||SL0289
658,LUBBOCK,LUBBOCK,33.5312,-101.9224,69TH STREET,SLIDE ROAD,135.5,118.0,-17.5,33.5312,-101.9224,LUBBOCK|LUBBOCK|33.5312|-101.9224|69TH STREET|SLIDE ROAD
659,LUBBOCK,LUBBOCK,33.5313,-101.8705,,UNIVERSITY AVENUE,4152.0,4418.0,266.0,33.5313,-101.8705,LUBBOCK|LUBBOCK|33.5313|-101.8705||UNIVERSITY AVENUE
660,LUBBOCK,LUBBOCK,33.5313,-101.9082,,SL0289,4152.0,6149.0,1997.0,33.5313,-101.9082,LUBBOCK|LUBBOCK|33.5313|-101.9082||SL0289
661,LUBBOCK,LUBBOCK,33.5313,-101.9224,,SLIDE ROAD,4152.0,4951.0,799.0,33.5313,-101.9224,LUBBOCK|LUBBOCK|33.5313|-101.9224||SLIDE ROAD
662,LUBBOCK,LUBBOCK,33.5313,-101.9571,68TH STREET,MILWAUKEE AVENUE,2031.5,247.0,-1784.5,33.5313,-101.9571,LUBBOCK|LUBBOCK|33.5313|-101.9571|68TH STREET|MILWAUKEE AVENUE
663,LUBBOCK,LUBBOCK,33.5314,-101.8130,SL0289,US0084,4152.0,5017.0,865.0,33.5314,-101.813,LUBBOCK|LUBBOCK|33.5314|-101.8130|SL0289|US0084
664,LUBBOCK,LUBBOCK,33.5315,-101.8252,,US0084,4152.0,5484.0,1332.0,33.5315,-101.8252,LUBBOCK|LUBBOCK|33.5315|-101.8252||US0084
665,LUBBOCK,LUBBOCK,33.5315,-101.8705,70TH STREET,UNIVERSITY AVENUE,4152.0,3650.0,-502.0,33.5315,-101.8705,LUBBOCK|LUBBOCK|33.5315|-101.8705|70TH STREET|UNIVERSITY AVENUE
666,LUBBOCK,LUBBOCK,33.5315,-101.9484,,IOLA AVENUE,4152.0,2466.0,-1686.0,33.5315,-101.9484,LUBBOCK|LUBBOCK|33.5315|-101.9484||IOLA AVENUE
667,LUBBOCK,LUBBOCK,33.5316,-101.8800,69TH STREET,ELKRIDGE AVENUE,4152.0,4323.0,171.0,33.5316,-101.88,LUBBOCK|LUBBOCK|33.5316|-101.8800|69TH STREET|ELKRIDGE AVENUE
668,LUBBOCK,LUBBOCK,33.5316,-101.9093,,SL0289,2031.5,5935.0,3903.5,33.5316,-101.9093,LUBBOCK|LUBBOCK|33.5316|-101.9093||SL0289
669,LUBBOCK,LUBBOCK,33.5317,-101.9095,,SL0289,4152.0,6144.0,1992.0,33.5317,-101.9095,LUBBOCK|LUBBOCK|33.5317|-101.9095||SL0289
670,LUBBOCK,LUBBOCK,33.5318,-101.8262,,US0084,4152.0,5066.0,914.0,33.5318,-101.8262,LUBBOCK|LUBBOCK|33.5318|-101.8262||US0084
671,LUBBOCK,LUBBOCK,33.5318,-101.9098,,SL0289,4152.0,6106.0,1954.0,33.5318,-101.9098,LUBBOCK|LUBBOCK|33.5318|-101.9098||SL0289
672,LUBBOCK,LUBBOCK,33.5318,-101.9224,,FM 1730,4152.0,4052.0,-100.0,33.5318,-101.9224,LUBBOCK|LUBBOCK|33.5318|-101.9224||FM 1730
673,LUBBOCK,LUBBOCK,33.5320,-101.9106,,SL0289,4152.0,6124.0,1972.0,33.532,-101.9106,LUBBOCK|LUBBOCK|33.5320|-101.9106||SL0289
674,LUBBOCK,LUBBOCK,33.5320,-101.9743,UPLAND AVENUE,US0062,4152.0,4278.0,126.0,33.532,-101.9743,LUBBOCK|LUBBOCK|33.5320|-101.9743|UPLAND AVENUE|US0062
675,LUBBOCK,LUBBOCK,33.5320,-101.9744,,US0062,4152.0,4645.0,493.0,33.532,-101.9744,LUBBOCK|LUBBOCK|33.5320|-101.9744||US0062
676,LUBBOCK,LUBBOCK,33.5321,-101.8704,,UNIVERSITY AVENUE,4152.0,3991.0,-161.0,33.5321,-101.8704,LUBBOCK|LUBBOCK|33.5321|-101.8704||UNIVERSITY AVENUE
677,LUBBOCK,LUBBOCK,33.5321,-101.9112,,SL0289,4152.0,6145.0,1993.0,33.5321,-101.9112,LUBBOCK|LUBBOCK|33.5321|-101.9112||SL0289
678,LUBBOCK,LUBBOCK,33.5322,-101.8443,,IH0027,4152.0,5939.0,1787.0,33.5322,-101.8443,LUBBOCK|LUBBOCK|33.5322|-101.8443||IH0027
679,LUBBOCK,LUBBOCK,33.5322,-101.8704,,UNIVERSITY AVENUE,4152.0,3641.0,-511.0,33.5322,-101.8704,LUBBOCK|LUBBOCK|33.5322|-101.8704||UNIVERSITY AVENUE
680,LUBBOCK,LUBBOCK,33.5323,-101.8443,,IH0027,4152.0,5926.0,1774.0,33.5323,-101.8443,LUBBOCK|LUBBOCK|33.5323|-101.8443||IH0027
681,LUBBOCK,LUBBOCK,33.5325,-101.9125,,SL0289,4152.0,6095.0,1943.0,33.5325,-101.9125,LUBBOCK|LUBBOCK|33.5325|-101.9125||SL0289
682,LUBBOCK,LUBBOCK,33.5326,-101.8608,,68TH STREET,4152.0,4163.0,11.0,33.5326,-101.8608,LUBBOCK|LUBBOCK|33.5326|-101.8608||68TH STREET
683,LUBBOCK,LUBBOCK,33.5326,-101.8750,68TH STREET,CANTON AVENUE,4152.0,3559.0,-593.0,33.5326,-101.875,LUBBOCK|LUBBOCK|33.5326|-101.8750|68TH STREET|CANTON AVENUE
684,LUBBOCK,LUBBOCK,33.5327,-101.9021,68TH STREET,OXFORD AVENUE,4152.0,3814.0,-338.0,33.5327,-101.9021,LUBBOCK|LUBBOCK|33.5327|-101.9021|68TH STREET|OXFORD AVENUE
685,LUBBOCK,LUBBOCK,33.5327,-101.9133,,SL0289,2031.5,5942.0,3910.5,33.5327,-101.9133,LUBBOCK|LUBBOCK|33.5327|-101.9133||SL0289
686,LUBBOCK,LUBBOCK,33.5327,-101.9224,,SLIDE ROAD,4152.0,4302.0,150.0,33.5327,-101.9224,LUBBOCK|LUBBOCK|33.5327|-101.9224||SLIDE ROAD
687,LUBBOCK,LUBBOCK,33.5328,-101.8443,,IH0027,390.5,5920.0,5529.5,33.5328,-101.8443,LUBBOCK|LUBBOCK|33.5328|-101.8443||IH0027
688,LUBBOCK,LUBBOCK,33.5328,-101.9135,,SL0289,4152.0,6118.0,1966.0,33.5328,-101.9135,LUBBOCK|LUBBOCK|33.5328|-101.9135||SL0289
689,LUBBOCK,LUBBOCK,33.5328,-101.9137,SL0289,UTICA AVENUE,4152.0,6126.0,1974.0,33.5328,-101.9137,LUBBOCK|LUBBOCK|33.5328|-101.9137|SL0289|UTICA AVENUE
690,LUBBOCK,LUBBOCK,33.5328,-101.9224,,SLIDE ROAD,4152.0,1411.0,-2741.0,33.5328,-101.9224,LUBBOCK|LUBBOCK|33.5328|-101.9224||SLIDE ROAD
691,LUBBOCK,LUBBOCK,33.5328,-101.9730,,US0062,4152.0,5591.0,1439.0,33.5328,-101.973,LUBBOCK|LUBBOCK|33.5328|-101.9730||US0062
692,LUBBOCK,LUBBOCK,33.5329,-101.9139,SL0289,UTICA AVENUE,4152.0,6119.0,1967.0,33.5329,-101.9139,LUBBOCK|LUBBOCK|33.5329|-101.9139|SL0289|UTICA AVENUE
693,LUBBOCK,LUBBOCK,33.5329,-101.9139,,SL0289,4152.0,6128.0,1976.0,33.5329,-101.9139,LUBBOCK|LUBBOCK|33.5329|-101.9139||SL0289
694,LUBBOCK,LUBBOCK,33.5329,-101.9140,,SL0289,4152.0,6121.0,1969.0,33.5329,-101.914,LUBBOCK|LUBBOCK|33.5329|-101.9140||SL0289
695,LUBBOCK,LUBBOCK,33.5330,-101.9224,68TH STREET,SLIDE ROAD,4152.0,4965.0,813.0,33.533,-101.9224,LUBBOCK|LUBBOCK|33.5330|-101.9224|68TH STREET|SLIDE ROAD
696,LUBBOCK,LUBBOCK,33.5330,-101.9227,,68TH STREET,4152.0,1894.0,-2258.0,33.533,-101.9227,LUBBOCK|LUBBOCK|33.5330|-101.9227||68TH STREET
697,LUBBOCK,LUBBOCK,33.5330,-101.9401,,67TH STREET,4152.0,3195.0,-957.0,33.533,-101.9401,LUBBOCK|LUBBOCK|33.5330|-101.9401||67TH STREET
698,LUBBOCK,LUBBOCK,33.5331,-101.8877,,INDIANA AVENUE,4152.0,4125.0,-27.0,33.5331,-101.8877,LUBBOCK|LUBBOCK|33.5331|-101.8877||INDIANA AVENUE
699,LUBBOCK,LUBBOCK,33.5331,-101.9571,,MILWAUKEE AVENUE,4152.0,2838.0,-1314.0,33.5331,-101.9571,LUBBOCK|LUBBOCK|33.5331|-101.9571||MILWAUKEE AVENUE
700,LUBBOCK,LUBBOCK,33.5334,-101.9157,69TH STREET,SL0289,4152.0,6113.0,1961.0,33.5334,-101.9157,LUBBOCK|LUBBOCK|33.5334|-101.9157|69TH STREET|SL0289
701,LUBBOCK,LUBBOCK,33.5334,-101.9159,,SL0289,4152.0,6141.0,1989.0,33.5334,-101.9159,LUBBOCK|LUBBOCK|33.5334|-101.9159||SL0289
702,LUBBOCK,LUBBOCK,33.5335,-101.8317,,US0084,4152.0,4705.0,553.0,33.5335,-101.8317,LUBBOCK|LUBBOCK|33.5335|-101.8317||US0084
703,LUBBOCK,LUBBOCK,33.5335,-101.9163,,SL0289,390.5,6139.0,5748.5,33.5335,-101.9163,LUBBOCK|LUBBOCK|33.5335|-101.9163||SL0289
704,LUBBOCK,LUBBOCK,33.5335,-101.9719,,US0062,4152.0,3786.0,-366.0,33.5335,-101.9719,LUBBOCK|LUBBOCK|33.5335|-101.9719||US0062
705,LUBBOCK,LUBBOCK,33.5336,-101.9571,,MILWAUKEE AVENUE,4152.0,3605.0,-547.0,33.5336,-101.9571,LUBBOCK|LUBBOCK|33.5336|-101.9571||MILWAUKEE AVENUE
706,LUBBOCK,LUBBOCK,33.5336,-101.9717,,US0062,4152.0,5608.0,1456.0,33.5336,-101.9717,LUBBOCK|LUBBOCK|33.5336|-101.9717||US0062
707,LUBBOCK,LUBBOCK,33.5336,-101.9744,,UPLAND AVENUE,4152.0,4864.0,712.0,33.5336,-101.9744,LUBBOCK|LUBBOCK|33.5336|-101.9744||UPLAND AVENUE
708,LUBBOCK,LUBBOCK,33.5337,-101.8443,,IH0027,1312.0,505.0,-807.0,33.5337,-101.8443,LUBBOCK|LUBBOCK|33.5337|-101.8443||IH0027
709,LUBBOCK,LUBBOCK,33.5337,-101.9271,,66TH STREET,4152.0,2827.0,-1325.0,33.5337,-101.9271,LUBBOCK|LUBBOCK|33.5337|-101.9271||66TH STREET
710,LUBBOCK,LUBBOCK,33.5337,-101.9571,,MILWAUKEE AVENUE,4152.0,3054.0,-1098.0,33.5337,-101.9571,LUBBOCK|LUBBOCK|33.5337|-101.9571||MILWAUKEE AVENUE
711,LUBBOCK,LUBBOCK,33.5338,-101.9173,,SL0289,1312.0,6132.0,4820.0,33.5338,-101.9173,LUBBOCK|LUBBOCK|33.5338|-101.9173||SL0289
712,LUBBOCK,LUBBOCK,33.5339,-101.8331,,US0084,1312.0,1685.0,373.0,33.5339,-101.8331,LUBBOCK|LUBBOCK|33.5339|-101.8331||US0084
713,LUBBOCK,LUBBOCK,33.5339,-101.8436,,INTERSTATE 27,1312.0,2294.0,982.0,33.5339,-101.8436,LUBBOCK|LUBBOCK|33.5339|-101.8436||INTERSTATE 27
714,LUBBOCK,LUBBOCK,33.5339,-101.9179,,SL0289,4152.0,6138.0,1986.0,33.5339,-101.9179,LUBBOCK|LUBBOCK|33.5339|-101.9179||SL0289
715,LUBBOCK,LUBBOCK,33.5340,-101.9179,,SL0289,4152.0,6122.0,1970.0,33.534,-101.9179,LUBBOCK|LUBBOCK|33.5340|-101.9179||SL0289
716,LUBBOCK,LUBBOCK,33.5340,-101.9571,,MILWAUKEE AVENUE,2031.5,374.0,-1657.5,33.534,-101.9571,LUBBOCK|LUBBOCK|33.5340|-101.9571||MILWAUKEE AVENUE
717,LUBBOCK,LUBBOCK,33.5341,-101.7893,,SS0331,4152.0,3258.0,-894.0,33.5341,-101.7893,LUBBOCK|LUBBOCK|33.5341|-101.7893||SS0331
718,LUBBOCK,LUBBOCK,33.5341,-101.8444,,IH0027,4152.0,5916.0,1764.0,33.5341,-101.8444,LUBBOCK|LUBBOCK|33.5341|-101.8444||IH0027
719,LUBBOCK,LUBBOCK,33.5341,-101.9571,66TH STREET,MILWAUKEE AVENUE,4152.0,3171.0,-981.0,33.5341,-101.9571,LUBBOCK|LUBBOCK|33.5341|-101.9571|66TH STREET|MILWAUKEE AVENUE
720,LUBBOCK,LUBBOCK,33.5342,-101.8444,66TH STREET,IH0027,4152.0,6001.0,1849.0,33.5342,-101.8444,LUBBOCK|LUBBOCK|33.5342|-101.8444|66TH STREET|IH0027
721,LUBBOCK,LUBBOCK,33.5342,-101.8444,IH0027,US0084,4152.0,5977.0,1825.0,33.5342,-101.8444,LUBBOCK|LUBBOCK|33.5342|-101.8444|IH0027|US0084
722,LUBBOCK,LUBBOCK,33.5342,-101.8444,,IH0027,4152.0,5918.0,1766.0,33.5342,-101.8444,LUBBOCK|LUBBOCK|33.5342|-101.8444||IH0027
723,LUBBOCK,LUBBOCK,33.5342,-101.8445,,66TH STREET,4152.0,4473.0,321.0,33.5342,-101.8445,LUBBOCK|LUBBOCK|33.5342|-101.8445||66TH STREET
724,LUBBOCK,LUBBOCK,33.5342,-101.8877,,INDIANA AVENUE,2031.5,369.0,-1662.5,33.5342,-101.8877,LUBBOCK|LUBBOCK|33.5342|-101.8877||INDIANA AVENUE
725,LUBBOCK,LUBBOCK,33.5342,-101.9070,QUAKER AVENUE,QUAKER AVENUE,4152.0,2658.0,-1494.0,33.5342,-101.907,LUBBOCK|LUBBOCK|33.5342|-101.9070|QUAKER AVENUE|QUAKER AVENUE
726,LUBBOCK,LUBBOCK,33.5342,-101.9070,,QUAKER AVENUE,4152.0,1648.0,-2504.0,33.5342,-101.907,LUBBOCK|LUBBOCK|33.5342|-101.9070||QUAKER AVENUE
727,LUBBOCK,LUBBOCK,33.5342,-101.9744,66TH STREET,UPLAND AVENUE,57.5,35.0,-22.5,33.5342,-101.9744,LUBBOCK|LUBBOCK|33.5342|-101.9744|66TH STREET|UPLAND AVENUE
728,LUBBOCK,LUBBOCK,33.5343,-101.8343,,US0084,390.5,2007.0,1616.5,33.5343,-101.8343,LUBBOCK|LUBBOCK|33.5343|-101.8343||US0084
729,LUBBOCK,LUBBOCK,33.5343,-101.8383,,66TH STREET,390.5,4350.0,3959.5,33.5343,-101.8383,LUBBOCK|LUBBOCK|33.5343|-101.8383||66TH STREET
730,LUBBOCK,LUBBOCK,33.5343,-101.8444,66TH STREET,IH0027,99.0,143.0,44.0,33.5343,-101.8444,LUBBOCK|LUBBOCK|33.5343|-101.8444|66TH STREET|IH0027
731,LUBBOCK,LUBBOCK,33.5343,-101.8467,66TH STREET,AVENUE J,4152.0,4088.0,-64.0,33.5343,-101.8467,LUBBOCK|LUBBOCK|33.5343|-101.8467|66TH STREET|AVENUE J
732,LUBBOCK,LUBBOCK,33.5343,-101.8487,66TH STREET,AVENUE L,1312.0,3785.0,2473.0,33.5343,-101.8487,LUBBOCK|LUBBOCK|33.5343|-101.8487|66TH STREET|AVENUE L
733,LUBBOCK,LUBBOCK,33.5343,-101.8551,,66TH STREET,4152.0,2234.0,-1918.0,33.5343,-101.8551,LUBBOCK|LUBBOCK|33.5343|-101.8551||66TH STREET
734,LUBBOCK,LUBBOCK,33.5343,-101.8556,,66TH STREET,4152.0,4631.0,479.0,33.5343,-101.8556,LUBBOCK|LUBBOCK|33.5343|-101.8556||66TH STREET
735,LUBBOCK,LUBBOCK,33.5343,-101.8570,,66TH STREET,4152.0,3651.0,-501.0,33.5343,-101.857,LUBBOCK|LUBBOCK|33.5343|-101.8570||66TH STREET
736,LUBBOCK,LUBBOCK,33.5343,-101.8591,66TH STREET,AVENUE T,4152.0,3607.0,-545.0,33.5343,-101.8591,LUBBOCK|LUBBOCK|33.5343|-101.8591|66TH STREET|AVENUE T
737,LUBBOCK,LUBBOCK,33.5343,-101.8617,66TH STREET,AVENUE U,4152.0,1796.0,-2356.0,33.5343,-101.8617,LUBBOCK|LUBBOCK|33.5343|-101.8617|66TH STREET|AVENUE U
738,LUBBOCK,LUBBOCK,33.5343,-101.8655,66TH STREET,W AVENUE,4152.0,2499.0,-1653.0,33.5343,-101.8655,LUBBOCK|LUBBOCK|33.5343|-101.8655|66TH STREET|W AVENUE
739,LUBBOCK,LUBBOCK,33.5343,-101.8701,,66TH STREET,4152.0,2269.0,-1883.0,33.5343,-101.8701,LUBBOCK|LUBBOCK|33.5343|-101.8701||66TH STREET
740,LUBBOCK,LUBBOCK,33.5343,-101.8704,66TH STREET,UNIVERSITY AVENUE,22.5,15.0,-7.5,33.5343,-101.8704,LUBBOCK|LUBBOCK|33.5343|-101.8704|66TH STREET|UNIVERSITY AVENUE
741,LUBBOCK,LUBBOCK,33.5343,-101.8742,,66TH STREET,1312.0,4954.0,3642.0,33.5343,-101.8742,LUBBOCK|LUBBOCK|33.5343|-101.8742||66TH STREET
742,LUBBOCK,LUBBOCK,33.5343,-101.8774,,66TH STREET,4152.0,2563.0,-1589.0,33.5343,-101.8774,LUBBOCK|LUBBOCK|33.5343|-101.8774||66TH STREET
743,LUBBOCK,LUBBOCK,33.5343,-101.8790,66TH STREET,ELGIN AVENUE,4152.0,5255.0,1103.0,33.5343,-101.879,LUBBOCK|LUBBOCK|33.5343|-101.8790|66TH STREET|ELGIN AVENUE
744,LUBBOCK,LUBBOCK,33.5343,-101.8824,,66TH STREET,4152.0,5189.0,1037.0,33.5343,-101.8824,LUBBOCK|LUBBOCK|33.5343|-101.8824||66TH STREET
745,LUBBOCK,LUBBOCK,33.5343,-101.8877,66TH STREET,INDIANA AVENUE,43.5,18.0,-25.5,33.5343,-101.8877,LUBBOCK|LUBBOCK|33.5343|-101.8877|66TH STREET|INDIANA AVENUE
746,LUBBOCK,LUBBOCK,33.5343,-101.9324,,66TH STREET,4152.0,3869.0,-283.0,33.5343,-101.9324,LUBBOCK|LUBBOCK|33.5343|-101.9324||66TH STREET
747,LUBBOCK,LUBBOCK,33.5343,-101.9397,66TH STREET,FRANKFORD AVENUE,669.0,105.0,-564.0,33.5343,-101.9397,LUBBOCK|LUBBOCK|33.5343|-101.9397|66TH STREET|FRANKFORD AVENUE
748,LUBBOCK,LUBBOCK,33.5343,-101.9484,66TH STREET,IOLA AVENUE,4152.0,3440.0,-712.0,33.5343,-101.9484,LUBBOCK|LUBBOCK|33.5343|-101.9484|66TH STREET|IOLA AVENUE
749,LUBBOCK,LUBBOCK,33.5343,-101.9571,66TH STREET,MILWAUKEE AVENUE,390.5,181.0,-209.5,33.5343,-101.9571,LUBBOCK|LUBBOCK|33.5343|-101.9571|66TH STREET|MILWAUKEE AVENUE
750,LUBBOCK,LUBBOCK,33.5344,-101.8564,,S AVENUE,4152.0,3421.0,-731.0,33.5344,-101.8564,LUBBOCK|LUBBOCK|33.5344|-101.8564||S AVENUE
751,LUBBOCK,LUBBOCK,33.5344,-101.8704,,UNIVERSITY AVENUE,4152.0,4999.0,847.0,33.5344,-101.8704,LUBBOCK|LUBBOCK|33.5344|-101.8704||UNIVERSITY AVENUE
752,LUBBOCK,LUBBOCK,33.5344,-101.9197,,SL0289,4152.0,6123.0,1971.0,33.5344,-101.9197,LUBBOCK|LUBBOCK|33.5344|-101.9197||SL0289
753,LUBBOCK,LUBBOCK,33.5345,-101.9571,,MILWAUKEE AVENUE,4152.0,3722.0,-430.0,33.5345,-101.9571,LUBBOCK|LUBBOCK|33.5345|-101.9571||MILWAUKEE AVENUE
754,LUBBOCK,LUBBOCK,33.5346,-101.9700,,US0062,4152.0,3412.0,-740.0,33.5346,-101.97,LUBBOCK|LUBBOCK|33.5346|-101.9700||US0062
755,LUBBOCK,LUBBOCK,33.5347,-101.8444,,IH0027,1312.0,5905.0,4593.0,33.5347,-101.8444,LUBBOCK|LUBBOCK|33.5347|-101.8444||IH0027
756,LUBBOCK,LUBBOCK,33.5347,-101.8575,,SHERMAN AVENUE,4152.0,4074.0,-78.0,33.5347,-101.8575,LUBBOCK|LUBBOCK|33.5347|-101.8575||SHERMAN AVENUE
757,LUBBOCK,LUBBOCK,33.5347,-101.9324,,CHICAGO AVENUE,4152.0,3105.0,-1047.0,33.5347,-101.9324,LUBBOCK|LUBBOCK|33.5347|-101.9324||CHICAGO AVENUE
758,LUBBOCK,LUBBOCK,33.5348,-101.8359,ASH AVENUE,US0084,4152.0,2488.0,-1664.0,33.5348,-101.8359,LUBBOCK|LUBBOCK|33.5348|-101.8359|ASH AVENUE|US0084
759,LUBBOCK,LUBBOCK,33.5348,-101.9571,,MILWAUKEE AVENUE,4152.0,4422.0,270.0,33.5348,-101.9571,LUBBOCK|LUBBOCK|33.5348|-101.9571||MILWAUKEE AVENUE
760,LUBBOCK,LUBBOCK,33.5349,-101.9696,,US0062,4152.0,4993.0,841.0,33.5349,-101.9696,LUBBOCK|LUBBOCK|33.5349|-101.9696||US0062
761,LUBBOCK,LUBBOCK,33.5350,-101.8444,IH0027,US0084,1312.0,5908.0,4596.0,33.535,-101.8444,LUBBOCK|LUBBOCK|33.5350|-101.8444|IH0027|US0084
762,LUBBOCK,LUBBOCK,33.5350,-101.9397,,FRANKFORD AVENUE,4152.0,3838.0,-314.0,33.535,-101.9397,LUBBOCK|LUBBOCK|33.5350|-101.9397||FRANKFORD AVENUE
763,LUBBOCK,LUBBOCK,33.5351,-101.7930,,SL0289,4152.0,2337.0,-1815.0,33.5351,-101.793,LUBBOCK|LUBBOCK|33.5351|-101.7930||SL0289
764,LUBBOCK,LUBBOCK,33.5351,-101.8369,,US0084,390.5,4496.0,4105.5,33.5351,-101.8369,LUBBOCK|LUBBOCK|33.5351|-101.8369||US0084
765,LUBBOCK,LUBBOCK,33.5351,-101.9006,,62ND DRIVE,4152.0,1303.0,-2849.0,33.5351,-101.9006,LUBBOCK|LUBBOCK|33.5351|-101.9006||62ND DRIVE
766,LUBBOCK,LUBBOCK,33.5351,-101.9007,,62ND DRIVE,4152.0,4910.0,758.0,33.5351,-101.9007,LUBBOCK|LUBBOCK|33.5351|-101.9007||62ND DRIVE
767,LUBBOCK,LUBBOCK,33.5351,-101.9068,65TH STREET,QUAKER AVENUE,390.5,1854.0,1463.5,33.5351,-101.9068,LUBBOCK|LUBBOCK|33.5351|-101.9068|65TH STREET|QUAKER AVENUE
768,LUBBOCK,LUBBOCK,33.5352,-101.9068,,QUAKER AVENUE,390.5,1573.0,1182.5,33.5352,-101.9068,LUBBOCK|LUBBOCK|33.5352|-101.9068||QUAKER AVENUE
769,LUBBOCK,LUBBOCK,33.5352,-101.9225,SL0289,SS0327,390.5,6092.0,5701.5,33.5352,-101.9225,LUBBOCK|LUBBOCK|33.5352|-101.9225|SL0289|SS0327
770,LUBBOCK,LUBBOCK,33.5353,-101.8376,,US0084,4152.0,3162.0,-990.0,33.5353,-101.8376,LUBBOCK|LUBBOCK|33.5353|-101.8376||US0084
771,LUBBOCK,LUBBOCK,33.5353,-101.9034,,PEORIA AVENUE,4152.0,4742.0,590.0,33.5353,-101.9034,LUBBOCK|LUBBOCK|33.5353|-101.9034||PEORIA AVENUE
772,LUBBOCK,LUBBOCK,33.5353,-101.9229,,SL0289,4152.0,6052.0,1900.0,33.5353,-101.9229,LUBBOCK|LUBBOCK|33.5353|-101.9229||SL0289
773,LUBBOCK,LUBBOCK,33.5353,-101.9397,64TH STREET,FRANKFORD AVENUE,4152.0,4554.0,402.0,33.5353,-101.9397,LUBBOCK|LUBBOCK|33.5353|-101.9397|64TH STREET|FRANKFORD AVENUE
774,LUBBOCK,LUBBOCK,33.5354,-101.9234,,SL0289,1312.0,6082.0,4770.0,33.5354,-101.9234,LUBBOCK|LUBBOCK|33.5354|-101.9234||SL0289
775,LUBBOCK,LUBBOCK,33.5354,-101.9324,,CHICAGO AVENUE,4152.0,3416.0,-736.0,33.5354,-101.9324,LUBBOCK|LUBBOCK|33.5354|-101.9324||CHICAGO AVENUE
776,LUBBOCK,LUBBOCK,33.5355,-101.7926,,SL0289,4152.0,3166.0,-986.0,33.5355,-101.7926,LUBBOCK|LUBBOCK|33.5355|-101.7926||SL0289
777,LUBBOCK,LUBBOCK,33.5355,-101.8531,,AVENUE P,1312.0,4640.0,3328.0,33.5355,-101.8531,LUBBOCK|LUBBOCK|33.5355|-101.8531||AVENUE P
778,LUBBOCK,LUBBOCK,33.5357,-101.9062,QUAKER AVENUE,QUAKER AVENUE,669.0,474.0,-195.0,33.5357,-101.9062,LUBBOCK|LUBBOCK|33.5357|-101.9062|QUAKER AVENUE|QUAKER AVENUE
779,LUBBOCK,LUBBOCK,33.5357,-101.9225,FM 1730,SL0289,1312.0,2804.0,1492.0,33.5357,-101.9225,LUBBOCK|LUBBOCK|33.5357|-101.9225|FM 1730|SL0289
780,LUBBOCK,LUBBOCK,33.5357,-101.9225,S TX 289 LOOP,SLIDE ROAD,4152.0,4071.0,-81.0,33.5357,-101.9225,LUBBOCK|LUBBOCK|33.5357|-101.9225|S TX 289 LOOP|SLIDE ROAD
781,LUBBOCK,LUBBOCK,33.5358,-101.8531,65TH DRIVE,AVENUE P,4152.0,2554.0,-1598.0,33.5358,-101.8531,LUBBOCK|LUBBOCK|33.5358|-101.8531|65TH DRIVE|AVENUE P
782,LUBBOCK,LUBBOCK,33.5358,-101.9061,,QUAKER AVENUE,4152.0,1505.0,-2647.0,33.5358,-101.9061,LUBBOCK|LUBBOCK|33.5358|-101.9061||QUAKER AVENUE
783,LUBBOCK,LUBBOCK,33.5358,-101.9247,,SL0289,4152.0,6048.0,1896.0,33.5358,-101.9247,LUBBOCK|LUBBOCK|33.5358|-101.9247||SL0289
784,LUBBOCK,LUBBOCK,33.5358,-101.9248,,SL0289,4152.0,6064.0,1912.0,33.5358,-101.9248,LUBBOCK|LUBBOCK|33.5358|-101.9248||SL0289
785,LUBBOCK,LUBBOCK,33.5359,-101.8527,,65TH DRIVE,4152.0,4390.0,238.0,33.5359,-101.8527,LUBBOCK|LUBBOCK|33.5359|-101.8527||65TH DRIVE
786,LUBBOCK,LUBBOCK,33.5359,-101.9250,ABERDEEN AVENUE,SL0289,4152.0,6100.0,1948.0,33.5359,-101.925,LUBBOCK|LUBBOCK|33.5359|-101.9250|ABERDEEN AVENUE|SL0289
787,LUBBOCK,LUBBOCK,33.5359,-101.9250,,SL0289,4152.0,6047.0,1895.0,33.5359,-101.925,LUBBOCK|LUBBOCK|33.5359|-101.9250||SL0289
788,LUBBOCK,LUBBOCK,33.5361,-101.9185,64TH STREET,YORK DRIVE,4152.0,5219.0,1067.0,33.5361,-101.9185,LUBBOCK|LUBBOCK|33.5361|-101.9185|64TH STREET|YORK DRIVE
789,LUBBOCK,LUBBOCK,33.5361,-101.9571,,MILWAUKEE AVENUE,1312.0,1963.0,651.0,33.5361,-101.9571,LUBBOCK|LUBBOCK|33.5361|-101.9571||MILWAUKEE AVENUE
790,LUBBOCK,LUBBOCK,33.5362,-101.9263,ALBANY AVENUE,SL0289,1312.0,6104.0,4792.0,33.5362,-101.9263,LUBBOCK|LUBBOCK|33.5362|-101.9263|ALBANY AVENUE|SL0289
791,LUBBOCK,LUBBOCK,33.5363,-101.8444,,IH0027,390.5,5993.0,5602.5,33.5363,-101.8444,LUBBOCK|LUBBOCK|33.5363|-101.8444||IH0027
792,LUBBOCK,LUBBOCK,33.5363,-101.8564,S AVENUE,VANDELIA DRIVE,1312.0,5059.0,3747.0,33.5363,-101.8564,LUBBOCK|LUBBOCK|33.5363|-101.8564|S AVENUE|VANDELIA DRIVE
793,LUBBOCK,LUBBOCK,33.5364,-101.7914,,SS0331,1312.0,3237.0,1925.0,33.5364,-101.7914,LUBBOCK|LUBBOCK|33.5364|-101.7914||SS0331
794,LUBBOCK,LUBBOCK,33.5365,-101.7917,,SL0289,4152.0,4734.0,582.0,33.5365,-101.7917,LUBBOCK|LUBBOCK|33.5365|-101.7917||SL0289
795,LUBBOCK,LUBBOCK,33.5365,-101.8444,,IH0027,4152.0,5884.0,1732.0,33.5365,-101.8444,LUBBOCK|LUBBOCK|33.5365|-101.8444||IH0027
796,LUBBOCK,LUBBOCK,33.5365,-101.8489,,65TH DRIVE,1312.0,4578.0,3266.0,33.5365,-101.8489,LUBBOCK|LUBBOCK|33.5365|-101.8489||65TH DRIVE
797,LUBBOCK,LUBBOCK,33.5365,-101.9273,,SL0289,4152.0,6085.0,1933.0,33.5365,-101.9273,LUBBOCK|LUBBOCK|33.5365|-101.9273||SL0289
798,LUBBOCK,LUBBOCK,33.5366,-101.7916,SL0289,SS0331,4152.0,2295.0,-1857.0,33.5366,-101.7916,LUBBOCK|LUBBOCK|33.5366|-101.7916|SL0289|SS0331
799,LUBBOCK,LUBBOCK,33.5366,-101.7916,,SL0289,2031.5,482.0,-1549.5,33.5366,-101.7916,LUBBOCK|LUBBOCK|33.5366|-101.7916||SL0289
800,LUBBOCK,LUBBOCK,33.5366,-101.8444,,IH0027,390.5,5962.0,5571.5,33.5366,-101.8444,LUBBOCK|LUBBOCK|33.5366|-101.8444||IH0027
801,LUBBOCK,LUBBOCK,33.5366,-101.9052,,QUAKER AVENUE,2031.5,337.0,-1694.5,33.5366,-101.9052,LUBBOCK|LUBBOCK|33.5366|-101.9052||QUAKER AVENUE
802,LUBBOCK,LUBBOCK,33.5367,-101.9652,,SPUR 327,1312.0,1776.0,464.0,33.5367,-101.9652,LUBBOCK|LUBBOCK|33.5367|-101.9652||SPUR 327
803,LUBBOCK,LUBBOCK,33.5369,-101.8531,,AVENUE P,4152.0,2218.0,-1934.0,33.5369,-101.8531,LUBBOCK|LUBBOCK|33.5369|-101.8531||AVENUE P
804,LUBBOCK,LUBBOCK,33.5369,-101.8705,,UNIVERSITY AVENUE,4152.0,1891.0,-2261.0,33.5369,-101.8705,LUBBOCK|LUBBOCK|33.5369|-101.8705||UNIVERSITY AVENUE
805,LUBBOCK,LUBBOCK,33.5369,-101.9051,,QUAKER AVENUE,4152.0,5274.0,1122.0,33.5369,-101.9051,LUBBOCK|LUBBOCK|33.5369|-101.9051||QUAKER AVENUE
806,LUBBOCK,LUBBOCK,33.5370,-101.7912,,SL0289,4152.0,2788.0,-1364.0,33.537,-101.7912,LUBBOCK|LUBBOCK|33.5370|-101.7912||SL0289
807,LUBBOCK,LUBBOCK,33.5370,-101.8877,63RD STREET,INDIANA AVENUE,2031.5,352.0,-1679.5,33.537,-101.8877,LUBBOCK|LUBBOCK|33.5370|-101.8877|63RD STREET|INDIANA AVENUE
808,LUBBOCK,LUBBOCK,33.5370,-101.9051,,QUAKER AVENUE,4152.0,3704.0,-448.0,33.537,-101.9051,LUBBOCK|LUBBOCK|33.5370|-101.9051||QUAKER AVENUE
809,LUBBOCK,LUBBOCK,33.5370,-101.9115,63RD STREET,TOLEDO AVENUE,4152.0,4845.0,693.0,33.537,-101.9115,LUBBOCK|LUBBOCK|33.5370|-101.9115|63RD STREET|TOLEDO AVENUE
810,LUBBOCK,LUBBOCK,33.5371,-101.9051,,QUAKER AVENUE,4152.0,3085.0,-1067.0,33.5371,-101.9051,LUBBOCK|LUBBOCK|33.5371|-101.9051||QUAKER AVENUE
811,LUBBOCK,LUBBOCK,33.5371,-101.9571,,MILWAUKEE AVENUE,669.0,349.0,-320.0,33.5371,-101.9571,LUBBOCK|LUBBOCK|33.5371|-101.9571||MILWAUKEE AVENUE
812,LUBBOCK,LUBBOCK,33.5372,-101.9397,,FRANKFORD AVENUE,4152.0,3932.0,-220.0,33.5372,-101.9397,LUBBOCK|LUBBOCK|33.5372|-101.9397||FRANKFORD AVENUE
813,LUBBOCK,LUBBOCK,33.5372,-101.9571,,MILWAUKEE AVENUE,4152.0,1876.0,-2276.0,33.5372,-101.9571,LUBBOCK|LUBBOCK|33.5372|-101.9571||MILWAUKEE AVENUE
814,LUBBOCK,LUBBOCK,33.5373,-101.9293,,SL0289,4152.0,6075.0,1923.0,33.5373,-101.9293,LUBBOCK|LUBBOCK|33.5373|-101.9293||SL0289
815,LUBBOCK,LUBBOCK,33.5373,-101.9352,,62ND STREET,4152.0,3160.0,-992.0,33.5373,-101.9352,LUBBOCK|LUBBOCK|33.5373|-101.9352||62ND STREET
816,LUBBOCK,LUBBOCK,33.5373,-101.9571,,MILWAUKEE AVENUE,4152.0,4539.0,387.0,33.5373,-101.9571,LUBBOCK|LUBBOCK|33.5373|-101.9571||MILWAUKEE AVENUE
817,LUBBOCK,LUBBOCK,33.5374,-101.9295,,SL0289,4152.0,6067.0,1915.0,33.5374,-101.9295,LUBBOCK|LUBBOCK|33.5374|-101.9295||SL0289
818,LUBBOCK,LUBBOCK,33.5376,-101.8445,IH0027,NOT REPORTED,4152.0,5876.0,1724.0,33.5376,-101.8445,LUBBOCK|LUBBOCK|33.5376|-101.8445|IH0027|NOT REPORTED
819,LUBBOCK,LUBBOCK,33.5376,-101.9224,,SLIDE ROAD,4152.0,4812.0,660.0,33.5376,-101.9224,LUBBOCK|LUBBOCK|33.5376|-101.9224||SLIDE ROAD
820,LUBBOCK,LUBBOCK,33.5377,-101.8445,IH0027,US0084,1.0,7.0,6.0,33.5377,-101.8445,LUBBOCK|LUBBOCK|33.5377|-101.8445|IH0027|US0084
821,LUBBOCK,LUBBOCK,33.5377,-101.8445,,IH0027,4152.0,5932.0,1780.0,33.5377,-101.8445,LUBBOCK|LUBBOCK|33.5377|-101.8445||IH0027
822,LUBBOCK,LUBBOCK,33.5377,-101.9224,,SLIDE ROAD,4152.0,1539.0,-2613.0,33.5377,-101.9224,LUBBOCK|LUBBOCK|33.5377|-101.9224||SLIDE ROAD
823,LUBBOCK,LUBBOCK,33.5379,-101.7904,,SL0289,1312.0,3672.0,2360.0,33.5379,-101.7904,LUBBOCK|LUBBOCK|33.5379|-101.7904||SL0289
824,LUBBOCK,LUBBOCK,33.5379,-101.9051,,QUAKER AVENUE,4152.0,2620.0,-1532.0,33.5379,-101.9051,LUBBOCK|LUBBOCK|33.5379|-101.9051||QUAKER AVENUE
825,LUBBOCK,LUBBOCK,33.5379,-101.9106,,62ND STREET,4152.0,3849.0,-303.0,33.5379,-101.9106,LUBBOCK|LUBBOCK|33.5379|-101.9106||62ND STREET
826,LUBBOCK,LUBBOCK,33.5379,-101.9139,,62ND STREET,1312.0,5221.0,3909.0,33.5379,-101.9139,LUBBOCK|LUBBOCK|33.5379|-101.9139||62ND STREET
827,LUBBOCK,LUBBOCK,33.5379,-101.9160,62ND STREET,VICKSBURG AVENUE,4152.0,4051.0,-101.0,33.5379,-101.916,LUBBOCK|LUBBOCK|33.5379|-101.9160|62ND STREET|VICKSBURG AVENUE
828,LUBBOCK,LUBBOCK,33.5379,-101.9224,62ND STREET,SLIDE ROAD,4152.0,5410.0,1258.0,33.5379,-101.9224,LUBBOCK|LUBBOCK|33.5379|-101.9224|62ND STREET|SLIDE ROAD
829,LUBBOCK,LUBBOCK,33.5380,-101.8908,,62ND STREET,4152.0,3736.0,-416.0,33.538,-101.8908,LUBBOCK|LUBBOCK|33.5380|-101.8908||62ND STREET
830,LUBBOCK,LUBBOCK,33.5381,-101.9224,,SLIDE ROAD,4152.0,2182.0,-1970.0,33.5381,-101.9224,LUBBOCK|LUBBOCK|33.5381|-101.9224||SLIDE ROAD
831,LUBBOCK,LUBBOCK,33.5381,-101.9638,,US0062,2031.5,427.0,-1604.5,33.5381,-101.9638,LUBBOCK|LUBBOCK|33.5381|-101.9638||US0062
832,LUBBOCK,LUBBOCK,33.5382,-101.8446,IH0027,US0084,4152.0,5862.0,1710.0,33.5382,-101.8446,LUBBOCK|LUBBOCK|33.5382|-101.8446|IH0027|US0084
833,LUBBOCK,LUBBOCK,33.5382,-101.9308,SL0289,SS0327,4152.0,6088.0,1936.0,33.5382,-101.9308,LUBBOCK|LUBBOCK|33.5382|-101.9308|SL0289|SS0327
834,LUBBOCK,LUBBOCK,33.5382,-101.9571,,MILWAUKEE AVENUE,4152.0,3020.0,-1132.0,33.5382,-101.9571,LUBBOCK|LUBBOCK|33.5382|-101.9571||MILWAUKEE AVENUE
835,LUBBOCK,LUBBOCK,33.5383,-101.9309,,SL0289,4152.0,6089.0,1937.0,33.5383,-101.9309,LUBBOCK|LUBBOCK|33.5383|-101.9309||SL0289
836,LUBBOCK,LUBBOCK,33.5384,-101.9314,SL0289,SS0327,1312.0,5568.0,4256.0,33.5384,-101.9314,LUBBOCK|LUBBOCK|33.5384|-101.9314|SL0289|SS0327
837,LUBBOCK,LUBBOCK,33.5385,-101.8457,IH0027,US0084,4152.0,2890.0,-1262.0,33.5385,-101.8457,LUBBOCK|LUBBOCK|33.5385|-101.8457|IH0027|US0084
838,LUBBOCK,LUBBOCK,33.5385,-101.8457,,US0084,4152.0,1324.0,-2828.0,33.5385,-101.8457,LUBBOCK|LUBBOCK|33.5385|-101.8457||US0084
839,LUBBOCK,LUBBOCK,33.5385,-101.9311,,SL0289,4152.0,6087.0,1935.0,33.5385,-101.9311,LUBBOCK|LUBBOCK|33.5385|-101.9311||SL0289
840,LUBBOCK,LUBBOCK,33.5386,-101.8705,,UNIVERSITY AVENUE,4152.0,3413.0,-739.0,33.5386,-101.8705,LUBBOCK|LUBBOCK|33.5386|-101.8705||UNIVERSITY AVENUE
841,LUBBOCK,LUBBOCK,33.5386,-101.9324,,SS0327,4152.0,5696.0,1544.0,33.5386,-101.9324,LUBBOCK|LUBBOCK|33.5386|-101.9324||SS0327
842,LUBBOCK,LUBBOCK,33.5386,-101.9397,,FRANKFORD AVENUE,4152.0,1578.0,-2574.0,33.5386,-101.9397,LUBBOCK|LUBBOCK|33.5386|-101.9397||FRANKFORD AVENUE
843,LUBBOCK,LUBBOCK,33.5387,-101.9397,,FRANKFORD AVENUE,4152.0,4024.0,-128.0,33.5387,-101.9397,LUBBOCK|LUBBOCK|33.5387|-101.9397||FRANKFORD AVENUE
844,LUBBOCK,LUBBOCK,33.5388,-101.9315,,SL0289,2031.5,5816.0,3784.5,33.5388,-101.9315,LUBBOCK|LUBBOCK|33.5388|-101.9315||SL0289
845,LUBBOCK,LUBBOCK,33.5389,-101.9051,,QUAKER AVENUE,4152.0,3023.0,-1129.0,33.5389,-101.9051,LUBBOCK|LUBBOCK|33.5389|-101.9051||QUAKER AVENUE
846,LUBBOCK,LUBBOCK,33.5389,-101.9361,,SS0327,1312.0,5672.0,4360.0,33.5389,-101.9361,LUBBOCK|LUBBOCK|33.5389|-101.9361||SS0327
847,LUBBOCK,LUBBOCK,33.5389,-101.9368,,SS0327,4152.0,5470.0,1318.0,33.5389,-101.9368,LUBBOCK|LUBBOCK|33.5389|-101.9368||SS0327
848,LUBBOCK,LUBBOCK,33.5389,-101.9397,FRANKFORD AVENUE,SS0327,99.0,102.0,3.0,33.5389,-101.9397,LUBBOCK|LUBBOCK|33.5389|-101.9397|FRANKFORD AVENUE|SS0327
849,LUBBOCK,LUBBOCK,33.5389,-101.9397,SL0289,SS0327,43.5,72.0,28.5,33.5389,-101.9397,LUBBOCK|LUBBOCK|33.5389|-101.9397|SL0289|SS0327
850,LUBBOCK,LUBBOCK,33.5389,-101.9398,,SS0327,4152.0,5690.0,1538.0,33.5389,-101.9398,LUBBOCK|LUBBOCK|33.5389|-101.9398||SS0327
851,LUBBOCK,LUBBOCK,33.5389,-101.9407,,SS0327,4152.0,5717.0,1565.0,33.5389,-101.9407,LUBBOCK|LUBBOCK|33.5389|-101.9407||SS0327
852,LUBBOCK,LUBBOCK,33.5389,-101.9445,,SS0327,1312.0,4327.0,3015.0,33.5389,-101.9445,LUBBOCK|LUBBOCK|33.5389|-101.9445||SS0327
853,LUBBOCK,LUBBOCK,33.5389,-101.9448,,SS0327,4152.0,4333.0,181.0,33.5389,-101.9448,LUBBOCK|LUBBOCK|33.5389|-101.9448||SS0327
854,LUBBOCK,LUBBOCK,33.5389,-101.9538,MILWAUKEE AVENUE,SS0327,1312.0,5618.0,4306.0,33.5389,-101.9538,LUBBOCK|LUBBOCK|33.5389|-101.9538|MILWAUKEE AVENUE|SS0327
855,LUBBOCK,LUBBOCK,33.5389,-101.9564,,SS0327,4152.0,5671.0,1519.0,33.5389,-101.9564,LUBBOCK|LUBBOCK|33.5389|-101.9564||SS0327
856,LUBBOCK,LUBBOCK,33.5389,-101.9570,MILWAUKEE AVENUE,SS0327,390.5,92.0,-298.5,33.5389,-101.957,LUBBOCK|LUBBOCK|33.5389|-101.9570|MILWAUKEE AVENUE|SS0327
857,LUBBOCK,LUBBOCK,33.5393,-101.8595,62ND STREET,TEMPLE AVENUE,4152.0,2752.0,-1400.0,33.5393,-101.8595,LUBBOCK|LUBBOCK|33.5393|-101.8595|62ND STREET|TEMPLE AVENUE
858,LUBBOCK,LUBBOCK,33.5394,-101.8570,61ST STREET,AVENUE T,4152.0,1781.0,-2371.0,33.5394,-101.857,LUBBOCK|LUBBOCK|33.5394|-101.8570|61ST STREET|AVENUE T
859,LUBBOCK,LUBBOCK,33.5394,-101.8790,60TH STREET,ELGIN AVENUE,4152.0,2797.0,-1355.0,33.5394,-101.879,LUBBOCK|LUBBOCK|33.5394|-101.8790|60TH STREET|ELGIN AVENUE
860,LUBBOCK,LUBBOCK,33.5396,-101.9051,60TH STREET,QUAKER AVENUE,4152.0,4241.0,89.0,33.5396,-101.9051,LUBBOCK|LUBBOCK|33.5396|-101.9051|60TH STREET|QUAKER AVENUE
861,LUBBOCK,LUBBOCK,33.5396,-101.9224,60TH STREET,SLIDE ROAD,135.5,52.0,-83.5,33.5396,-101.9224,LUBBOCK|LUBBOCK|33.5396|-101.9224|60TH STREET|SLIDE ROAD
862,LUBBOCK,LUBBOCK,33.5396,-101.9224,,SLIDE ROAD,4152.0,3444.0,-708.0,33.5396,-101.9224,LUBBOCK|LUBBOCK|33.5396|-101.9224||SLIDE ROAD
863,LUBBOCK,LUBBOCK,33.5397,-101.9137,60TH STREET,UTICA AVENUE,4152.0,2368.0,-1784.0,33.5397,-101.9137,LUBBOCK|LUBBOCK|33.5397|-101.9137|60TH STREET|UTICA AVENUE
864,LUBBOCK,LUBBOCK,33.5397,-101.9224,60TH STREET,SLIDE ROAD,4152.0,4186.0,34.0,33.5397,-101.9224,LUBBOCK|LUBBOCK|33.5397|-101.9224|60TH STREET|SLIDE ROAD
865,LUBBOCK,LUBBOCK,33.5398,-101.8617,,AVENUE U,4152.0,5016.0,864.0,33.5398,-101.8617,LUBBOCK|LUBBOCK|33.5398|-101.8617||AVENUE U
866,LUBBOCK,LUBBOCK,33.5398,-101.8661,60TH STREET,W AVENUE,4152.0,5315.0,1163.0,33.5398,-101.8661,LUBBOCK|LUBBOCK|33.5398|-101.8661|60TH STREET|W AVENUE
867,LUBBOCK,LUBBOCK,33.5398,-101.9224,60TH STREET,SLIDE ROAD,4152.0,2833.0,-1319.0,33.5398,-101.9224,LUBBOCK|LUBBOCK|33.5398|-101.9224|60TH STREET|SLIDE ROAD
868,LUBBOCK,LUBBOCK,33.5399,-101.8586,61ST STREET,TEMPLE AVENUE,4152.0,3939.0,-213.0,33.5399,-101.8586,LUBBOCK|LUBBOCK|33.5399|-101.8586|61ST STREET|TEMPLE AVENUE
869,LUBBOCK,LUBBOCK,33.5402,-101.8561,60TH STREET,AVENUE T,4152.0,1930.0,-2222.0,33.5402,-101.8561,LUBBOCK|LUBBOCK|33.5402|-101.8561|60TH STREET|AVENUE T
870,LUBBOCK,LUBBOCK,33.5403,-101.8531,,AVENUE P,4152.0,2935.0,-1217.0,33.5403,-101.8531,LUBBOCK|LUBBOCK|33.5403|-101.8531||AVENUE P
871,LUBBOCK,LUBBOCK,33.5404,-101.8449,,IH0027,1312.0,5928.0,4616.0,33.5404,-101.8449,LUBBOCK|LUBBOCK|33.5404|-101.8449||IH0027
872,LUBBOCK,LUBBOCK,33.5404,-101.8531,59TH STREET,AVENUE P,2031.5,431.0,-1600.5,33.5404,-101.8531,LUBBOCK|LUBBOCK|33.5404|-101.8531|59TH STREET|AVENUE P
873,LUBBOCK,LUBBOCK,33.5404,-101.8545,,59TH STREET,4152.0,3221.0,-931.0,33.5404,-101.8545,LUBBOCK|LUBBOCK|33.5404|-101.8545||59TH STREET
874,LUBBOCK,LUBBOCK,33.5404,-101.9334,,SL0289,4152.0,6044.0,1892.0,33.5404,-101.9334,LUBBOCK|LUBBOCK|33.5404|-101.9334||SL0289
875,LUBBOCK,LUBBOCK,33.5405,-101.8705,,UNIVERSITY AVENUE,4152.0,5187.0,1035.0,33.5405,-101.8705,LUBBOCK|LUBBOCK|33.5405|-101.8705||UNIVERSITY AVENUE
876,LUBBOCK,LUBBOCK,33.5407,-101.8449,,IH0027,4152.0,5858.0,1706.0,33.5407,-101.8449,LUBBOCK|LUBBOCK|33.5407|-101.8449||IH0027
877,LUBBOCK,LUBBOCK,33.5407,-101.8531,58TH PL,AVENUE P,2031.5,302.0,-1729.5,33.5407,-101.8531,LUBBOCK|LUBBOCK|33.5407|-101.8531|58TH PL|AVENUE P
878,LUBBOCK,LUBBOCK,33.5408,-101.8705,,UNIVERSITY AVENUE,4152.0,1422.0,-2730.0,33.5408,-101.8705,LUBBOCK|LUBBOCK|33.5408|-101.8705||UNIVERSITY AVENUE
879,LUBBOCK,LUBBOCK,33.5410,-101.9224,,SLIDE ROAD,4152.0,3389.0,-763.0,33.541,-101.9224,LUBBOCK|LUBBOCK|33.5410|-101.9224||SLIDE ROAD
880,LUBBOCK,LUBBOCK,33.5413,-101.8705,58TH STREET,UNIVERSITY AVENUE,669.0,98.0,-571.0,33.5413,-101.8705,LUBBOCK|LUBBOCK|33.5413|-101.8705|58TH STREET|UNIVERSITY AVENUE
881,LUBBOCK,LUBBOCK,33.5413,-101.8790,58TH STREET,ELGIN AVENUE,4152.0,4701.0,549.0,33.5413,-101.879,LUBBOCK|LUBBOCK|33.5413|-101.8790|58TH STREET|ELGIN AVENUE
882,LUBBOCK,LUBBOCK,33.5414,-101.8450,,IH0027,4152.0,5966.0,1814.0,33.5414,-101.845,LUBBOCK|LUBBOCK|33.5414|-101.8450||IH0027
883,LUBBOCK,LUBBOCK,33.5414,-101.9224,,SLIDE ROAD,2031.5,418.0,-1613.5,33.5414,-101.9224,LUBBOCK|LUBBOCK|33.5414|-101.9224||SLIDE ROAD
884,LUBBOCK,LUBBOCK,33.5414,-101.9397,,FRANKFORD AVENUE,4152.0,5075.0,923.0,33.5414,-101.9397,LUBBOCK|LUBBOCK|33.5414|-101.9397||FRANKFORD AVENUE
885,LUBBOCK,LUBBOCK,33.5415,-101.8450,58TH STREET,IH0027,1312.0,5978.0,4666.0,33.5415,-101.845,LUBBOCK|LUBBOCK|33.5415|-101.8450|58TH STREET|IH0027
886,LUBBOCK,LUBBOCK,33.5415,-101.8450,,IH0027,2031.5,2191.0,159.5,33.5415,-101.845,LUBBOCK|LUBBOCK|33.5415|-101.8450||IH0027
887,LUBBOCK,LUBBOCK,33.5415,-101.9224,58TH STREET,SLIDE ROAD,4152.0,2458.0,-1694.0,33.5415,-101.9224,LUBBOCK|LUBBOCK|33.5415|-101.9224|58TH STREET|SLIDE ROAD
888,LUBBOCK,LUBBOCK,33.5415,-101.9371,58TH STREET,ENGLEWOOD AVENUE,4152.0,5294.0,1142.0,33.5415,-101.9371,LUBBOCK|LUBBOCK|33.5415|-101.9371|58TH STREET|ENGLEWOOD AVENUE
889,LUBBOCK,LUBBOCK,33.5415,-101.9744,,UPLAND AVENUE,4152.0,3007.0,-1145.0,33.5415,-101.9744,LUBBOCK|LUBBOCK|33.5415|-101.9744||UPLAND AVENUE
890,LUBBOCK,LUBBOCK,33.5416,-101.8490,,US0084,1312.0,1518.0,206.0,33.5416,-101.849,LUBBOCK|LUBBOCK|33.5416|-101.8490||US0084
891,LUBBOCK,LUBBOCK,33.5416,-101.8531,58TH STREET,AVENUE P,4152.0,2518.0,-1634.0,33.5416,-101.8531,LUBBOCK|LUBBOCK|33.5416|-101.8531|58TH STREET|AVENUE P
892,LUBBOCK,LUBBOCK,33.5416,-101.8571,58TH STREET,58TH STREET,4152.0,5407.0,1255.0,33.5416,-101.8571,LUBBOCK|LUBBOCK|33.5416|-101.8571|58TH STREET|58TH STREET
893,LUBBOCK,LUBBOCK,33.5416,-101.8639,58TH STREET,58TH STREET,1312.0,3837.0,2525.0,33.5416,-101.8639,LUBBOCK|LUBBOCK|33.5416|-101.8639|58TH STREET|58TH STREET
894,LUBBOCK,LUBBOCK,33.5416,-101.8705,UNIVERSITY AVENUE,UNIVERSITY AVENUE,4152.0,1728.0,-2424.0,33.5416,-101.8705,LUBBOCK|LUBBOCK|33.5416|-101.8705|UNIVERSITY AVENUE|UNIVERSITY AVENUE
895,LUBBOCK,LUBBOCK,33.5416,-101.8877,58TH STREET,INDIANA AVENUE,1312.0,152.0,-1160.0,33.5416,-101.8877,LUBBOCK|LUBBOCK|33.5416|-101.8877|58TH STREET|INDIANA AVENUE
896,LUBBOCK,LUBBOCK,33.5416,-101.8924,,58TH STREET,390.5,4155.0,3764.5,33.5416,-101.8924,LUBBOCK|LUBBOCK|33.5416|-101.8924||58TH STREET
897,LUBBOCK,LUBBOCK,33.5416,-101.8964,58TH STREET,MEMPHIS AVENUE,4152.0,4110.0,-42.0,33.5416,-101.8964,LUBBOCK|LUBBOCK|33.5416|-101.8964|58TH STREET|MEMPHIS AVENUE
898,LUBBOCK,LUBBOCK,33.5416,-101.8979,,58TH STREET,4152.0,4524.0,372.0,33.5416,-101.8979,LUBBOCK|LUBBOCK|33.5416|-101.8979||58TH STREET
899,LUBBOCK,LUBBOCK,33.5416,-101.9051,58TH STREET,QUAKER AVENUE,2031.5,390.0,-1641.5,33.5416,-101.9051,LUBBOCK|LUBBOCK|33.5416|-101.9051|58TH STREET|QUAKER AVENUE
900,LUBBOCK,LUBBOCK,33.5416,-101.9224,,SLIDE ROAD,4152.0,2454.0,-1698.0,33.5416,-101.9224,LUBBOCK|LUBBOCK|33.5416|-101.9224||SLIDE ROAD
901,LUBBOCK,LUBBOCK,33.5417,-101.8491,58TH STREET,US0084,135.5,89.0,-46.5,33.5417,-101.8491,LUBBOCK|LUBBOCK|33.5417|-101.8491|58TH STREET|US0084
902,LUBBOCK,LUBBOCK,33.5417,-101.8491,IH0027,US0084,4152.0,2030.0,-2122.0,33.5417,-101.8491,LUBBOCK|LUBBOCK|33.5417|-101.8491|IH0027|US0084
903,LUBBOCK,LUBBOCK,33.5418,-101.8492,58TH STREET,US0084,4152.0,3349.0,-803.0,33.5418,-101.8492,LUBBOCK|LUBBOCK|33.5418|-101.8492|58TH STREET|US0084
904,LUBBOCK,LUBBOCK,33.5419,-101.9581,,US0062,4152.0,5844.0,1692.0,33.5419,-101.9581,LUBBOCK|LUBBOCK|33.5419|-101.9581||US0062
905,LUBBOCK,LUBBOCK,33.5420,-101.9579,,US0062,4152.0,5896.0,1744.0,33.542,-101.9579,LUBBOCK|LUBBOCK|33.5420|-101.9579||US0062
906,LUBBOCK,LUBBOCK,33.5421,-101.9398,,FRANKFORD AVENUE,4152.0,2885.0,-1267.0,33.5421,-101.9398,LUBBOCK|LUBBOCK|33.5421|-101.9398||FRANKFORD AVENUE
907,LUBBOCK,LUBBOCK,33.5421,-101.9578,,US0062,4152.0,5906.0,1754.0,33.5421,-101.9578,LUBBOCK|LUBBOCK|33.5421|-101.9578||US0062
908,LUBBOCK,LUBBOCK,33.5422,-101.8496,BRIERCROFT OFFICE PARK,US0084,4152.0,1272.0,-2880.0,33.5422,-101.8496,LUBBOCK|LUBBOCK|33.5422|-101.8496|BRIERCROFT OFFICE PARK|US0084
909,LUBBOCK,LUBBOCK,33.5422,-101.9224,57TH STREET,SLIDE ROAD,4152.0,4072.0,-80.0,33.5422,-101.9224,LUBBOCK|LUBBOCK|33.5422|-101.9224|57TH STREET|SLIDE ROAD
910,LUBBOCK,LUBBOCK,33.5422,-101.9224,,SLIDE ROAD,4152.0,2667.0,-1485.0,33.5422,-101.9224,LUBBOCK|LUBBOCK|33.5422|-101.9224||SLIDE ROAD
911,LUBBOCK,LUBBOCK,33.5422,-101.9347,,SL0289,1312.0,3928.0,2616.0,33.5422,-101.9347,LUBBOCK|LUBBOCK|33.5422|-101.9347||SL0289
912,LUBBOCK,LUBBOCK,33.5423,-101.8791,,57TH STREET,4152.0,1711.0,-2441.0,33.5423,-101.8791,LUBBOCK|LUBBOCK|33.5423|-101.8791||57TH STREET
913,LUBBOCK,LUBBOCK,33.5423,-101.9348,,SL0289,4152.0,6054.0,1902.0,33.5423,-101.9348,LUBBOCK|LUBBOCK|33.5423|-101.9348||SL0289
914,LUBBOCK,LUBBOCK,33.5424,-101.9224,57TH STREET,SLIDE ROAD,669.0,103.0,-566.0,33.5424,-101.9224,LUBBOCK|LUBBOCK|33.5424|-101.9224|57TH STREET|SLIDE ROAD
915,LUBBOCK,LUBBOCK,33.5424,-101.9224,SLIDE ROAD,SLIDE ROAD,4152.0,4470.0,318.0,33.5424,-101.9224,LUBBOCK|LUBBOCK|33.5424|-101.9224|SLIDE ROAD|SLIDE ROAD
916,LUBBOCK,LUBBOCK,33.5424,-101.9224,,SLIDE ROAD,4152.0,2465.0,-1687.0,33.5424,-101.9224,LUBBOCK|LUBBOCK|33.5424|-101.9224||SLIDE ROAD
917,LUBBOCK,LUBBOCK,33.5424,-101.9348,,SL0289,2031.5,5830.0,3798.5,33.5424,-101.9348,LUBBOCK|LUBBOCK|33.5424|-101.9348||SL0289
918,LUBBOCK,LUBBOCK,33.5425,-101.8617,,AVENUE U,4152.0,4588.0,436.0,33.5425,-101.8617,LUBBOCK|LUBBOCK|33.5425|-101.8617||AVENUE U
919,LUBBOCK,LUBBOCK,33.5425,-101.8878,57TH STREET,INDIANA AVENUE,4152.0,3549.0,-603.0,33.5425,-101.8878,LUBBOCK|LUBBOCK|33.5425|-101.8878|57TH STREET|INDIANA AVENUE
920,LUBBOCK,LUBBOCK,33.5425,-101.9159,,VICKSBURG AVENUE,4152.0,3804.0,-348.0,33.5425,-101.9159,LUBBOCK|LUBBOCK|33.5425|-101.9159||VICKSBURG AVENUE
921,LUBBOCK,LUBBOCK,33.5425,-101.9398,,FRANKFORD AVENUE,4152.0,4357.0,205.0,33.5425,-101.9398,LUBBOCK|LUBBOCK|33.5425|-101.9398||FRANKFORD AVENUE
922,LUBBOCK,LUBBOCK,33.5426,-101.8521,,BRIERCROFT OFFICE PARK,4152.0,2517.0,-1635.0,33.5426,-101.8521,LUBBOCK|LUBBOCK|33.5426|-101.8521||BRIERCROFT OFFICE PARK
923,LUBBOCK,LUBBOCK,33.5427,-101.9159,57TH STREET,VICKSBURG AVENUE,390.5,5220.0,4829.5,33.5427,-101.9159,LUBBOCK|LUBBOCK|33.5427|-101.9159|57TH STREET|VICKSBURG AVENUE
924,LUBBOCK,LUBBOCK,33.5427,-101.9570,SS0327,US0062,390.5,5815.0,5424.5,33.5427,-101.957,LUBBOCK|LUBBOCK|33.5427|-101.9570|SS0327|US0062
925,LUBBOCK,LUBBOCK,33.5429,-101.7883,,SL0289,4152.0,4632.0,480.0,33.5429,-101.7883,LUBBOCK|LUBBOCK|33.5429|-101.7883||SL0289
926,LUBBOCK,LUBBOCK,33.5430,-101.8617,,AVENUE U,390.5,1624.0,1233.5,33.543,-101.8617,LUBBOCK|LUBBOCK|33.5430|-101.8617||AVENUE U
927,LUBBOCK,LUBBOCK,33.5430,-101.9565,,US0062,4152.0,5923.0,1771.0,33.543,-101.9565,LUBBOCK|LUBBOCK|33.5430|-101.9565||US0062
928,LUBBOCK,LUBBOCK,33.5431,-101.7882,,SL0289,4152.0,2989.0,-1163.0,33.5431,-101.7882,LUBBOCK|LUBBOCK|33.5431|-101.7882||SL0289
929,LUBBOCK,LUBBOCK,33.5431,-101.8878,,INDIANA AVENUE,4152.0,3628.0,-524.0,33.5431,-101.8878,LUBBOCK|LUBBOCK|33.5431|-101.8878||INDIANA AVENUE
930,LUBBOCK,LUBBOCK,33.5431,-101.9351,,SL0289,1312.0,6070.0,4758.0,33.5431,-101.9351,LUBBOCK|LUBBOCK|33.5431|-101.9351||SL0289
931,LUBBOCK,LUBBOCK,33.5432,-101.9137,,UTICA AVENUE,4152.0,3358.0,-794.0,33.5432,-101.9137,LUBBOCK|LUBBOCK|33.5432|-101.9137||UTICA AVENUE
932,LUBBOCK,LUBBOCK,33.5433,-101.8508,US0084,VILLA DRIVE,4152.0,936.0,-3216.0,33.5433,-101.8508,LUBBOCK|LUBBOCK|33.5433|-101.8508|US0084|VILLA DRIVE
933,LUBBOCK,LUBBOCK,33.5433,-101.8878,,INDIANA AVENUE,4152.0,2974.0,-1178.0,33.5433,-101.8878,LUBBOCK|LUBBOCK|33.5433|-101.8878||INDIANA AVENUE
934,LUBBOCK,LUBBOCK,33.5433,-101.9398,,FRANKFORD AVENUE,4152.0,4015.0,-137.0,33.5433,-101.9398,LUBBOCK|LUBBOCK|33.5433|-101.9398||FRANKFORD AVENUE
935,LUBBOCK,LUBBOCK,33.5435,-101.8596,56TH STREET,TEMPLE AVENUE,4152.0,5055.0,903.0,33.5435,-101.8596,LUBBOCK|LUBBOCK|33.5435|-101.8596|56TH STREET|TEMPLE AVENUE
936,LUBBOCK,LUBBOCK,33.5435,-101.9224,,SLIDE ROAD,4152.0,4885.0,733.0,33.5435,-101.9224,LUBBOCK|LUBBOCK|33.5435|-101.9224||SLIDE ROAD
937,LUBBOCK,LUBBOCK,33.5435,-101.9559,,US0062,4152.0,5825.0,1673.0,33.5435,-101.9559,LUBBOCK|LUBBOCK|33.5435|-101.9559||US0062
938,LUBBOCK,LUBBOCK,33.5437,-101.8410,56TH STREET,AVENUE D,4152.0,4245.0,93.0,33.5437,-101.841,LUBBOCK|LUBBOCK|33.5437|-101.8410|56TH STREET|AVENUE D
939,LUBBOCK,LUBBOCK,33.5437,-101.8450,,IH0027,4152.0,5855.0,1703.0,33.5437,-101.845,LUBBOCK|LUBBOCK|33.5437|-101.8450||IH0027
940,LUBBOCK,LUBBOCK,33.5441,-101.8705,55TH STREET,UNIVERSITY AVENUE,4152.0,3116.0,-1036.0,33.5441,-101.8705,LUBBOCK|LUBBOCK|33.5441|-101.8705|55TH STREET|UNIVERSITY AVENUE
941,LUBBOCK,LUBBOCK,33.5441,-101.9239,,ABERDEEN AVENUE,390.5,2321.0,1930.5,33.5441,-101.9239,LUBBOCK|LUBBOCK|33.5441|-101.9239||ABERDEEN AVENUE
942,LUBBOCK,LUBBOCK,33.5441,-101.9571,,MILWAUKEE AVENUE,4152.0,2934.0,-1218.0,33.5441,-101.9571,LUBBOCK|LUBBOCK|33.5441|-101.9571||MILWAUKEE AVENUE
943,LUBBOCK,LUBBOCK,33.5442,-101.7882,,SL0289,390.5,4161.0,3770.5,33.5442,-101.7882,LUBBOCK|LUBBOCK|33.5442|-101.7882||SL0289
944,LUBBOCK,LUBBOCK,33.5442,-101.9356,,SL0289,4152.0,6065.0,1913.0,33.5442,-101.9356,LUBBOCK|LUBBOCK|33.5442|-101.9356||SL0289
945,LUBBOCK,LUBBOCK,33.5443,-101.9051,55TH STREET,QUAKER AVENUE,4152.0,2740.0,-1412.0,33.5443,-101.9051,LUBBOCK|LUBBOCK|33.5443|-101.9051|55TH STREET|QUAKER AVENUE
946,LUBBOCK,LUBBOCK,33.5443,-101.9137,,UTICA AVENUE,4152.0,3538.0,-614.0,33.5443,-101.9137,LUBBOCK|LUBBOCK|33.5443|-101.9137||UTICA AVENUE
947,LUBBOCK,LUBBOCK,33.5443,-101.9546,,US0062,4152.0,5927.0,1775.0,33.5443,-101.9546,LUBBOCK|LUBBOCK|33.5443|-101.9546||US0062
948,LUBBOCK,LUBBOCK,33.5444,-101.9180,,WAYNE AVENUE,4152.0,2771.0,-1381.0,33.5444,-101.918,LUBBOCK|LUBBOCK|33.5444|-101.9180||WAYNE AVENUE
949,LUBBOCK,LUBBOCK,33.5445,-101.9543,,US0062,4152.0,5903.0,1751.0,33.5445,-101.9543,LUBBOCK|LUBBOCK|33.5445|-101.9543||US0062
950,LUBBOCK,LUBBOCK,33.5448,-101.9224,,SLIDE ROAD,4152.0,2460.0,-1692.0,33.5448,-101.9224,LUBBOCK|LUBBOCK|33.5448|-101.9224||SLIDE ROAD
951,LUBBOCK,LUBBOCK,33.5448,-101.9229,,54TH STREET,4152.0,2730.0,-1422.0,33.5448,-101.9229,LUBBOCK|LUBBOCK|33.5448|-101.9229||54TH STREET
952,LUBBOCK,LUBBOCK,33.5448,-101.9236,,54TH STREET,4152.0,4676.0,524.0,33.5448,-101.9236,LUBBOCK|LUBBOCK|33.5448|-101.9236||54TH STREET
953,LUBBOCK,LUBBOCK,33.5448,-101.9308,,CHICAGO AVENUE,4152.0,1396.0,-2756.0,33.5448,-101.9308,LUBBOCK|LUBBOCK|33.5448|-101.9308||CHICAGO AVENUE
954,LUBBOCK,LUBBOCK,33.5448,-101.9358,,SL0289,4152.0,6091.0,1939.0,33.5448,-101.9358,LUBBOCK|LUBBOCK|33.5448|-101.9358||SL0289
955,LUBBOCK,LUBBOCK,33.5449,-101.9224,,SLIDE ROAD,4152.0,4660.0,508.0,33.5449,-101.9224,LUBBOCK|LUBBOCK|33.5449|-101.9224||SLIDE ROAD
956,LUBBOCK,LUBBOCK,33.5450,-101.8705,,UNIVERSITY AVENUE,4152.0,1946.0,-2206.0,33.545,-101.8705,LUBBOCK|LUBBOCK|33.5450|-101.8705||UNIVERSITY AVENUE
957,LUBBOCK,LUBBOCK,33.5450,-101.8790,54TH STREET,ELGIN AVENUE,4152.0,5092.0,940.0,33.545,-101.879,LUBBOCK|LUBBOCK|33.5450|-101.8790|54TH STREET|ELGIN AVENUE
958,LUBBOCK,LUBBOCK,33.5450,-101.9309,54TH STREET,CHICAGO AVENUE,4152.0,5157.0,1005.0,33.545,-101.9309,LUBBOCK|LUBBOCK|33.5450|-101.9309|54TH STREET|CHICAGO AVENUE
959,LUBBOCK,LUBBOCK,33.5451,-101.8527,IH0027,US0084,4152.0,2695.0,-1457.0,33.5451,-101.8527,LUBBOCK|LUBBOCK|33.5451|-101.8527|IH0027|US0084
960,LUBBOCK,LUBBOCK,33.5451,-101.9224,54TH STREET,SLIDE ROAD,4152.0,5262.0,1110.0,33.5451,-101.9224,LUBBOCK|LUBBOCK|33.5451|-101.9224|54TH STREET|SLIDE ROAD
961,LUBBOCK,LUBBOCK,33.5451,-101.9310,,CHICAGO AVENUE,4152.0,5420.0,1268.0,33.5451,-101.931,LUBBOCK|LUBBOCK|33.5451|-101.9310||CHICAGO AVENUE
962,LUBBOCK,LUBBOCK,33.5451,-101.9398,54TH STREET,FRANKFORD AVENUE,4152.0,3402.0,-750.0,33.5451,-101.9398,LUBBOCK|LUBBOCK|33.5451|-101.9398|54TH STREET|FRANKFORD AVENUE
963,LUBBOCK,LUBBOCK,33.5452,-101.8450,,IH0027,1312.0,5950.0,4638.0,33.5452,-101.845,LUBBOCK|LUBBOCK|33.5452|-101.8450||IH0027
964,LUBBOCK,LUBBOCK,33.5452,-101.8617,54TH STREET,AVENUE U,4152.0,2600.0,-1552.0,33.5452,-101.8617,LUBBOCK|LUBBOCK|33.5452|-101.8617|54TH STREET|AVENUE U
965,LUBBOCK,LUBBOCK,33.5452,-101.8910,,54TH STREET,4152.0,1338.0,-2814.0,33.5452,-101.891,LUBBOCK|LUBBOCK|33.5452|-101.8910||54TH STREET
966,LUBBOCK,LUBBOCK,33.5452,-101.8938,,54TH STREET,4152.0,1346.0,-2806.0,33.5452,-101.8938,LUBBOCK|LUBBOCK|33.5452|-101.8938||54TH STREET
967,LUBBOCK,LUBBOCK,33.5452,-101.8962,,54TH STREET,4152.0,3028.0,-1124.0,33.5452,-101.8962,LUBBOCK|LUBBOCK|33.5452|-101.8962||54TH STREET
968,LUBBOCK,LUBBOCK,33.5452,-101.9051,54TH STREET,QUAKER AVENUE,4152.0,3830.0,-322.0,33.5452,-101.9051,LUBBOCK|LUBBOCK|33.5452|-101.9051|54TH STREET|QUAKER AVENUE
969,LUBBOCK,LUBBOCK,33.5452,-101.9137,54TH STREET,UTICA AVENUE,4152.0,3789.0,-363.0,33.5452,-101.9137,LUBBOCK|LUBBOCK|33.5452|-101.9137|54TH STREET|UTICA AVENUE
970,LUBBOCK,LUBBOCK,33.5452,-101.9310,,CHICAGO AVENUE,4152.0,4869.0,717.0,33.5452,-101.931,LUBBOCK|LUBBOCK|33.5452|-101.9310||CHICAGO AVENUE
971,LUBBOCK,LUBBOCK,33.5455,-101.9362,,SL0289,4152.0,6115.0,1963.0,33.5455,-101.9362,LUBBOCK|LUBBOCK|33.5455|-101.9362||SL0289
972,LUBBOCK,LUBBOCK,33.5456,-101.9224,53RD STREET,SLIDE ROAD,4152.0,5413.0,1261.0,33.5456,-101.9224,LUBBOCK|LUBBOCK|33.5456|-101.9224|53RD STREET|SLIDE ROAD
973,LUBBOCK,LUBBOCK,33.5457,-101.9362,,SL0289,669.0,5865.0,5196.0,33.5457,-101.9362,LUBBOCK|LUBBOCK|33.5457|-101.9362||SL0289
974,LUBBOCK,LUBBOCK,33.5459,-101.8535,AVENUE P,US0084,2031.5,297.0,-1734.5,33.5459,-101.8535,LUBBOCK|LUBBOCK|33.5459|-101.8535|AVENUE P|US0084
975,LUBBOCK,LUBBOCK,33.5459,-101.8535,IH0027,US0084,4152.0,3248.0,-904.0,33.5459,-101.8535,LUBBOCK|LUBBOCK|33.5459|-101.8535|IH0027|US0084
976,LUBBOCK,LUBBOCK,33.5459,-101.8535,,US0084,4152.0,4064.0,-88.0,33.5459,-101.8535,LUBBOCK|LUBBOCK|33.5459|-101.8535||US0084
977,LUBBOCK,LUBBOCK,33.5460,-101.8928,,KENOSHA AVENUE,4152.0,5330.0,1178.0,33.546,-101.8928,LUBBOCK|LUBBOCK|33.5460|-101.8928||KENOSHA AVENUE
978,LUBBOCK,LUBBOCK,33.5460,-101.9224,,SLIDE ROAD,4152.0,5037.0,885.0,33.546,-101.9224,LUBBOCK|LUBBOCK|33.5460|-101.9224||SLIDE ROAD
979,LUBBOCK,LUBBOCK,33.5461,-101.8617,53RD STREET,AVENUE U,4152.0,5360.0,1208.0,33.5461,-101.8617,LUBBOCK|LUBBOCK|33.5461|-101.8617|53RD STREET|AVENUE U
980,LUBBOCK,LUBBOCK,33.5461,-101.8617,AVENUE U,AVENUE U,4152.0,4446.0,294.0,33.5461,-101.8617,LUBBOCK|LUBBOCK|33.5461|-101.8617|AVENUE U|AVENUE U
981,LUBBOCK,LUBBOCK,33.5461,-101.8617,,AVENUE U,4152.0,4871.0,719.0,33.5461,-101.8617,LUBBOCK|LUBBOCK|33.5461|-101.8617||AVENUE U
982,LUBBOCK,LUBBOCK,33.5461,-101.8661,53RD STREET,W AVENUE,4152.0,3891.0,-261.0,33.5461,-101.8661,LUBBOCK|LUBBOCK|33.5461|-101.8661|53RD STREET|W AVENUE
983,LUBBOCK,LUBBOCK,33.5461,-101.9224,,SLIDE ROAD,4152.0,4447.0,295.0,33.5461,-101.9224,LUBBOCK|LUBBOCK|33.5461|-101.9224||SLIDE ROAD
984,LUBBOCK,LUBBOCK,33.5465,-101.8832,53RD STREET,GARY AVENUE,1312.0,2724.0,1412.0,33.5465,-101.8832,LUBBOCK|LUBBOCK|33.5465|-101.8832|53RD STREET|GARY AVENUE
985,LUBBOCK,LUBBOCK,33.5466,-101.9224,,SLIDE ROAD,4152.0,5336.0,1184.0,33.5466,-101.9224,LUBBOCK|LUBBOCK|33.5466|-101.9224||SLIDE ROAD
986,LUBBOCK,LUBBOCK,33.5468,-101.8360,,AVENUE A,4152.0,3843.0,-309.0,33.5468,-101.836,LUBBOCK|LUBBOCK|33.5468|-101.8360||AVENUE A
987,LUBBOCK,LUBBOCK,33.5469,-101.9094,52ND STREET,SALEM AVENUE,4152.0,1741.0,-2411.0,33.5469,-101.9094,LUBBOCK|LUBBOCK|33.5469|-101.9094|52ND STREET|SALEM AVENUE
988,LUBBOCK,LUBBOCK,33.5469,-101.9132,,52ND STREET,4152.0,4365.0,213.0,33.5469,-101.9132,LUBBOCK|LUBBOCK|33.5469|-101.9132||52ND STREET
989,LUBBOCK,LUBBOCK,33.5470,-101.8617,,52ND STREET,4152.0,2400.0,-1752.0,33.547,-101.8617,LUBBOCK|LUBBOCK|33.5470|-101.8617||52ND STREET
990,LUBBOCK,LUBBOCK,33.5470,-101.8877,52ND STREET,INDIANA AVENUE,2031.5,413.0,-1618.5,33.547,-101.8877,LUBBOCK|LUBBOCK|33.5470|-101.8877|52ND STREET|INDIANA AVENUE
991,LUBBOCK,LUBBOCK,33.5470,-101.8980,,52ND STREET,4152.0,4428.0,276.0,33.547,-101.898,LUBBOCK|LUBBOCK|33.5470|-101.8980||52ND STREET
992,LUBBOCK,LUBBOCK,33.5470,-101.9051,,QUAKER AVENUE,4152.0,3429.0,-723.0,33.547,-101.9051,LUBBOCK|LUBBOCK|33.5470|-101.9051||QUAKER AVENUE
993,LUBBOCK,LUBBOCK,33.5470,-101.9398,,FRANKFORD AVENUE,390.5,1385.0,994.5,33.547,-101.9398,LUBBOCK|LUBBOCK|33.5470|-101.9398||FRANKFORD AVENUE
994,LUBBOCK,LUBBOCK,33.5471,-101.8546,,US0084,390.5,3898.0,3507.5,33.5471,-101.8546,LUBBOCK|LUBBOCK|33.5471|-101.8546||US0084
995,LUBBOCK,LUBBOCK,33.5471,-101.8877,,INDIANA AVENUE,4152.0,4975.0,823.0,33.5471,-101.8877,LUBBOCK|LUBBOCK|33.5471|-101.8877||INDIANA AVENUE
996,LUBBOCK,LUBBOCK,33.5472,-101.8546,IH0027,US0084,4152.0,1053.0,-3099.0,33.5472,-101.8546,LUBBOCK|LUBBOCK|33.5472|-101.8546|IH0027|US0084
997,LUBBOCK,LUBBOCK,33.5472,-101.9369,,SL0289,390.5,6074.0,5683.5,33.5472,-101.9369,LUBBOCK|LUBBOCK|33.5472|-101.9369||SL0289
998,LUBBOCK,LUBBOCK,33.5473,-101.8920,,KNOXVILLE AVENUE,4152.0,3474.0,-678.0,33.5473,-101.892,LUBBOCK|LUBBOCK|33.5473|-101.8920||KNOXVILLE AVENUE
999,LUBBOCK,LUBBOCK,33.5474,-101.9571,,MILWAUKEE AVENUE,4152.0,1840.0,-2312.0,33.5474,-101.9571,LUBBOCK|LUBBOCK|33.5474|-101.9571||MILWAUKEE AVENUE
1000,LUBBOCK,LUBBOCK,33.5475,-101.8548,,US0084,390.5,980.0,589.5,33.5475,-101.8548,LUBBOCK|LUBBOCK|33.5475|-101.8548||US0084
1001,LUBBOCK,LUBBOCK,33.5475,-101.8596,,AVENUE T,4152.0,5406.0,1254.0,33.5475,-101.8596,LUBBOCK|LUBBOCK|33.5475|-101.8596||AVENUE T
1002,LUBBOCK,LUBBOCK,33.5475,-101.8705,,UNIVERSITY AVENUE,4152.0,5148.0,996.0,33.5475,-101.8705,LUBBOCK|LUBBOCK|33.5475|-101.8705||UNIVERSITY AVENUE
1003,LUBBOCK,LUBBOCK,33.5476,-101.8428,,AVENUE G,4152.0,4747.0,595.0,33.5476,-101.8428,LUBBOCK|LUBBOCK|33.5476|-101.8428||AVENUE G
1004,LUBBOCK,LUBBOCK,33.5476,-101.8705,,UNIVERSITY AVENUE,4152.0,3531.0,-621.0,33.5476,-101.8705,LUBBOCK|LUBBOCK|33.5476|-101.8705||UNIVERSITY AVENUE
1005,LUBBOCK,LUBBOCK,33.5477,-101.8450,,IH0027,4152.0,5964.0,1812.0,33.5477,-101.845,LUBBOCK|LUBBOCK|33.5477|-101.8450||IH0027
1006,LUBBOCK,LUBBOCK,33.5477,-101.9371,,SL0289,1312.0,6096.0,4784.0,33.5477,-101.9371,LUBBOCK|LUBBOCK|33.5477|-101.9371||SL0289
1007,LUBBOCK,LUBBOCK,33.5479,-101.8617,,51ST STREET,4152.0,4035.0,-117.0,33.5479,-101.8617,LUBBOCK|LUBBOCK|33.5479|-101.8617||51ST STREET
1008,LUBBOCK,LUBBOCK,33.5479,-101.8621,,51ST STREET,4152.0,4896.0,744.0,33.5479,-101.8621,LUBBOCK|LUBBOCK|33.5479|-101.8621||51ST STREET
1009,LUBBOCK,LUBBOCK,33.5479,-101.9242,51ST STREET,ABERDEEN AVENUE,4152.0,1384.0,-2768.0,33.5479,-101.9242,LUBBOCK|LUBBOCK|33.5479|-101.9242|51ST STREET|ABERDEEN AVENUE
1010,LUBBOCK,LUBBOCK,33.5480,-101.8550,,US0084,4152.0,2692.0,-1460.0,33.548,-101.855,LUBBOCK|LUBBOCK|33.5480|-101.8550||US0084
1011,LUBBOCK,LUBBOCK,33.5482,-101.8551,,US0084,99.0,154.0,55.0,33.5482,-101.8551,LUBBOCK|LUBBOCK|33.5482|-101.8551||US0084
1012,LUBBOCK,LUBBOCK,33.5482,-101.9571,,MILWAUKEE AVENUE,4152.0,1497.0,-2655.0,33.5482,-101.9571,LUBBOCK|LUBBOCK|33.5482|-101.9571||MILWAUKEE AVENUE
1013,LUBBOCK,LUBBOCK,33.5483,-101.8450,,IH0027,4152.0,5912.0,1760.0,33.5483,-101.845,LUBBOCK|LUBBOCK|33.5483|-101.8450||IH0027
1014,LUBBOCK,LUBBOCK,33.5483,-101.9374,,SL0289,4152.0,6111.0,1959.0,33.5483,-101.9374,LUBBOCK|LUBBOCK|33.5483|-101.9374||SL0289
1015,LUBBOCK,LUBBOCK,33.5485,-101.8552,,US0084,669.0,267.0,-402.0,33.5485,-101.8552,LUBBOCK|LUBBOCK|33.5485|-101.8552||US0084
1016,LUBBOCK,LUBBOCK,33.5485,-101.8877,,INDIANA AVENUE,2031.5,307.0,-1724.5,33.5485,-101.8877,LUBBOCK|LUBBOCK|33.5485|-101.8877||INDIANA AVENUE
1017,LUBBOCK,LUBBOCK,33.5485,-101.9224,,SLIDE ROAD,4152.0,4486.0,334.0,33.5485,-101.9224,LUBBOCK|LUBBOCK|33.5485|-101.9224||SLIDE ROAD
1018,LUBBOCK,LUBBOCK,33.5485,-101.9375,,SL0289,669.0,5777.0,5108.0,33.5485,-101.9375,LUBBOCK|LUBBOCK|33.5485|-101.9375||SL0289
1019,LUBBOCK,LUBBOCK,33.5486,-101.8747,,BOSTON AVENUE,1312.0,2404.0,1092.0,33.5486,-101.8747,LUBBOCK|LUBBOCK|33.5486|-101.8747||BOSTON AVENUE
1020,LUBBOCK,LUBBOCK,33.5487,-101.8152,FM0835,SS0331,57.5,77.0,19.5,33.5487,-101.8152,LUBBOCK|LUBBOCK|33.5487|-101.8152|FM0835|SS0331
1021,LUBBOCK,LUBBOCK,33.5487,-101.8152,,FM0835,4152.0,1104.0,-3048.0,33.5487,-101.8152,LUBBOCK|LUBBOCK|33.5487|-101.8152||FM0835
1022,LUBBOCK,LUBBOCK,33.5487,-101.8157,,FM0835,669.0,250.0,-419.0,33.5487,-101.8157,LUBBOCK|LUBBOCK|33.5487|-101.8157||FM0835
1023,LUBBOCK,LUBBOCK,33.5487,-101.8159,FM0835,SS0331,4152.0,2598.0,-1554.0,33.5487,-101.8159,LUBBOCK|LUBBOCK|33.5487|-101.8159|FM0835|SS0331
1024,LUBBOCK,LUBBOCK,33.5487,-101.8166,,FM0835,4152.0,1087.0,-3065.0,33.5487,-101.8166,LUBBOCK|LUBBOCK|33.5487|-101.8166||FM0835
1025,LUBBOCK,LUBBOCK,33.5487,-101.8357,50TH STREET,AVENUE A,2031.5,459.0,-1572.5,33.5487,-101.8357,LUBBOCK|LUBBOCK|33.5487|-101.8357|50TH STREET|AVENUE A
1026,LUBBOCK,LUBBOCK,33.5487,-101.8357,AVENUE A SOUTH DRIVE,FM0835,4152.0,3033.0,-1119.0,33.5487,-101.8357,LUBBOCK|LUBBOCK|33.5487|-101.8357|AVENUE A SOUTH DRIVE|FM0835
1027,LUBBOCK,LUBBOCK,33.5487,-101.8357,AVENUE A,FM0835,2031.5,313.0,-1718.5,33.5487,-101.8357,LUBBOCK|LUBBOCK|33.5487|-101.8357|AVENUE A|FM0835
1028,LUBBOCK,LUBBOCK,33.5487,-101.8357,FM0835,IH0027,135.5,312.0,176.5,33.5487,-101.8357,LUBBOCK|LUBBOCK|33.5487|-101.8357|FM0835|IH0027
1029,LUBBOCK,LUBBOCK,33.5487,-101.8357,,FM0835,1312.0,2903.0,1591.0,33.5487,-101.8357,LUBBOCK|LUBBOCK|33.5487|-101.8357||FM0835
1030,LUBBOCK,LUBBOCK,33.5487,-101.8376,,FM0835,4152.0,3188.0,-964.0,33.5487,-101.8376,LUBBOCK|LUBBOCK|33.5487|-101.8376||FM0835
1031,LUBBOCK,LUBBOCK,33.5487,-101.8450,FM0835,IH0027,1312.0,5983.0,4671.0,33.5487,-101.845,LUBBOCK|LUBBOCK|33.5487|-101.8450|FM0835|IH0027
1032,LUBBOCK,LUBBOCK,33.5487,-101.8553,,US0084,4152.0,4216.0,64.0,33.5487,-101.8553,LUBBOCK|LUBBOCK|33.5487|-101.8553||US0084
1033,LUBBOCK,LUBBOCK,33.5487,-101.8724,,50TH STREET,1312.0,4859.0,3547.0,33.5487,-101.8724,LUBBOCK|LUBBOCK|33.5487|-101.8724||50TH STREET
1034,LUBBOCK,LUBBOCK,33.5487,-101.8791,50TH STREET,ELGIN AVENUE,390.5,4767.0,4376.5,33.5487,-101.8791,LUBBOCK|LUBBOCK|33.5487|-101.8791|50TH STREET|ELGIN AVENUE
1035,LUBBOCK,LUBBOCK,33.5487,-101.9224,50TH STREET,SLIDE ROAD,4152.0,3311.0,-841.0,33.5487,-101.9224,LUBBOCK|LUBBOCK|33.5487|-101.9224|50TH STREET|SLIDE ROAD
1036,LUBBOCK,LUBBOCK,33.5487,-101.9571,50TH STREET,MILWAUKEE AVENUE,2031.5,354.0,-1677.5,33.5487,-101.9571,LUBBOCK|LUBBOCK|33.5487|-101.9571|50TH STREET|MILWAUKEE AVENUE
1037,LUBBOCK,LUBBOCK,33.5487,-101.9571,MILWAUKEE AVENUE,MILWAUKEE AVENUE,4152.0,4987.0,835.0,33.5487,-101.9571,LUBBOCK|LUBBOCK|33.5487|-101.9571|MILWAUKEE AVENUE|MILWAUKEE AVENUE
1038,LUBBOCK,LUBBOCK,33.5488,-101.8050,,FM0835,4152.0,2003.0,-2149.0,33.5488,-101.805,LUBBOCK|LUBBOCK|33.5488|-101.8050||FM0835
1039,LUBBOCK,LUBBOCK,33.5488,-101.8055,FM0835,SS0331,2031.5,310.0,-1721.5,33.5488,-101.8055,LUBBOCK|LUBBOCK|33.5488|-101.8055|FM0835|SS0331
1040,LUBBOCK,LUBBOCK,33.5488,-101.8055,,FM0835,2031.5,329.0,-1702.5,33.5488,-101.8055,LUBBOCK|LUBBOCK|33.5488|-101.8055||FM0835
1041,LUBBOCK,LUBBOCK,33.5488,-101.8059,FM0835,SS0331,2031.5,382.0,-1649.5,33.5488,-101.8059,LUBBOCK|LUBBOCK|33.5488|-101.8059|FM0835|SS0331
1042,LUBBOCK,LUBBOCK,33.5488,-101.8063,FM0835,SS0331,4152.0,3702.0,-450.0,33.5488,-101.8063,LUBBOCK|LUBBOCK|33.5488|-101.8063|FM0835|SS0331
1043,LUBBOCK,LUBBOCK,33.5488,-101.8063,,FM0835,4152.0,4523.0,371.0,33.5488,-101.8063,LUBBOCK|LUBBOCK|33.5488|-101.8063||FM0835
1044,LUBBOCK,LUBBOCK,33.5488,-101.8067,FM0835,SS0331,390.5,58.0,-332.5,33.5488,-101.8067,LUBBOCK|LUBBOCK|33.5488|-101.8067|FM0835|SS0331
1045,LUBBOCK,LUBBOCK,33.5488,-101.8067,,FM0835,4152.0,1022.0,-3130.0,33.5488,-101.8067,LUBBOCK|LUBBOCK|33.5488|-101.8067||FM0835
1046,LUBBOCK,LUBBOCK,33.5488,-101.8070,FM0835,SS0331,4152.0,1067.0,-3085.0,33.5488,-101.807,LUBBOCK|LUBBOCK|33.5488|-101.8070|FM0835|SS0331
1047,LUBBOCK,LUBBOCK,33.5488,-101.8070,,FM0835,4152.0,2877.0,-1275.0,33.5488,-101.807,LUBBOCK|LUBBOCK|33.5488|-101.8070||FM0835
1048,LUBBOCK,LUBBOCK,33.5488,-101.8090,FM0835,SS0331,2031.5,378.0,-1653.5,33.5488,-101.809,LUBBOCK|LUBBOCK|33.5488|-101.8090|FM0835|SS0331
1049,LUBBOCK,LUBBOCK,33.5488,-101.8116,,FM0835,669.0,324.0,-345.0,33.5488,-101.8116,LUBBOCK|LUBBOCK|33.5488|-101.8116||FM0835
1050,LUBBOCK,LUBBOCK,33.5488,-101.8126,FM0835,VANDA AVENUE,4152.0,3315.0,-837.0,33.5488,-101.8126,LUBBOCK|LUBBOCK|33.5488|-101.8126|FM0835|VANDA AVENUE
1051,LUBBOCK,LUBBOCK,33.5488,-101.8126,,FM0835,4152.0,3947.0,-205.0,33.5488,-101.8126,LUBBOCK|LUBBOCK|33.5488|-101.8126||FM0835
1052,LUBBOCK,LUBBOCK,33.5488,-101.8147,FM0835,SS0331,1312.0,186.0,-1126.0,33.5488,-101.8147,LUBBOCK|LUBBOCK|33.5488|-101.8147|FM0835|SS0331
1053,LUBBOCK,LUBBOCK,33.5488,-101.8147,,FM0835,135.5,86.0,-49.5,33.5488,-101.8147,LUBBOCK|LUBBOCK|33.5488|-101.8147||FM0835
1054,LUBBOCK,LUBBOCK,33.5488,-101.8184,E 50TH STREET,MARTIN LUTHER KING JR BOULEVARD,2031.5,475.0,-1556.5,33.5488,-101.8184,LUBBOCK|LUBBOCK|33.5488|-101.8184|E 50TH STREET|MARTIN LUTHER KING JR BOULEVARD
1055,LUBBOCK,LUBBOCK,33.5488,-101.8184,FM0835,MARTIN LUTHER KING JR BOULEVARD,4152.0,4059.0,-93.0,33.5488,-101.8184,LUBBOCK|LUBBOCK|33.5488|-101.8184|FM0835|MARTIN LUTHER KING JR BOULEVARD
1056,LUBBOCK,LUBBOCK,33.5488,-101.8186,,FM0835,4152.0,3126.0,-1026.0,33.5488,-101.8186,LUBBOCK|LUBBOCK|33.5488|-101.8186||FM0835
1057,LUBBOCK,LUBBOCK,33.5488,-101.8195,,FM0835,4152.0,3854.0,-298.0,33.5488,-101.8195,LUBBOCK|LUBBOCK|33.5488|-101.8195||FM0835
1058,LUBBOCK,LUBBOCK,33.5488,-101.8226,FM0835,SS0331,4152.0,4546.0,394.0,33.5488,-101.8226,LUBBOCK|LUBBOCK|33.5488|-101.8226|FM0835|SS0331
1059,LUBBOCK,LUBBOCK,33.5488,-101.8292,FM0835,GLOBE AVENUE,4152.0,1148.0,-3004.0,33.5488,-101.8292,LUBBOCK|LUBBOCK|33.5488|-101.8292|FM0835|GLOBE AVENUE
1060,LUBBOCK,LUBBOCK,33.5488,-101.8313,FM0835,IH0027,4152.0,1577.0,-2575.0,33.5488,-101.8313,LUBBOCK|LUBBOCK|33.5488|-101.8313|FM0835|IH0027
1061,LUBBOCK,LUBBOCK,33.5488,-101.8401,AVENUE D,FM0835,4152.0,5154.0,1002.0,33.5488,-101.8401,LUBBOCK|LUBBOCK|33.5488|-101.8401|AVENUE D|FM0835
1062,LUBBOCK,LUBBOCK,33.5488,-101.8402,,FM0835,4152.0,5276.0,1124.0,33.5488,-101.8402,LUBBOCK|LUBBOCK|33.5488|-101.8402||FM0835
1063,LUBBOCK,LUBBOCK,33.5488,-101.8405,,FM0835,4152.0,4016.0,-136.0,33.5488,-101.8405,LUBBOCK|LUBBOCK|33.5488|-101.8405||FM0835
1064,LUBBOCK,LUBBOCK,33.5488,-101.8407,,FM0835,4152.0,5590.0,1438.0,33.5488,-101.8407,LUBBOCK|LUBBOCK|33.5488|-101.8407||FM0835
1065,LUBBOCK,LUBBOCK,33.5488,-101.8417,,FM0835,4152.0,5513.0,1361.0,33.5488,-101.8417,LUBBOCK|LUBBOCK|33.5488|-101.8417||FM0835
1066,LUBBOCK,LUBBOCK,33.5488,-101.8430,,FM0835,4152.0,5440.0,1288.0,33.5488,-101.843,LUBBOCK|LUBBOCK|33.5488|-101.8430||FM0835
1067,LUBBOCK,LUBBOCK,33.5488,-101.8444,,FM0835,4152.0,5562.0,1410.0,33.5488,-101.8444,LUBBOCK|LUBBOCK|33.5488|-101.8444||FM0835
1068,LUBBOCK,LUBBOCK,33.5488,-101.8449,,FM0835,1312.0,5583.0,4271.0,33.5488,-101.8449,LUBBOCK|LUBBOCK|33.5488|-101.8449||FM0835
1069,LUBBOCK,LUBBOCK,33.5488,-101.8450,FM0835,IH0027,8.0,33.0,25.0,33.5488,-101.845,LUBBOCK|LUBBOCK|33.5488|-101.8450|FM0835|IH0027
1070,LUBBOCK,LUBBOCK,33.5488,-101.8457,FM0835,IH0027,4152.0,5546.0,1394.0,33.5488,-101.8457,LUBBOCK|LUBBOCK|33.5488|-101.8457|FM0835|IH0027
1071,LUBBOCK,LUBBOCK,33.5488,-101.8457,,FM0835,390.5,208.0,-182.5,33.5488,-101.8457,LUBBOCK|LUBBOCK|33.5488|-101.8457||FM0835
1072,LUBBOCK,LUBBOCK,33.5488,-101.8487,50TH STREET,AVENUE L,4152.0,1681.0,-2471.0,33.5488,-101.8487,LUBBOCK|LUBBOCK|33.5488|-101.8487|50TH STREET|AVENUE L
1073,LUBBOCK,LUBBOCK,33.5488,-101.8488,50TH STREET,AVENUE L,4152.0,2589.0,-1563.0,33.5488,-101.8488,LUBBOCK|LUBBOCK|33.5488|-101.8488|50TH STREET|AVENUE L
1074,LUBBOCK,LUBBOCK,33.5488,-101.8531,50TH STREET,AVENUE P,4152.0,4170.0,18.0,33.5488,-101.8531,LUBBOCK|LUBBOCK|33.5488|-101.8531|50TH STREET|AVENUE P
1075,LUBBOCK,LUBBOCK,33.5488,-101.8550,,50TH STREET,669.0,342.0,-327.0,33.5488,-101.855,LUBBOCK|LUBBOCK|33.5488|-101.8550||50TH STREET
1076,LUBBOCK,LUBBOCK,33.5488,-101.8553,50TH STREET,US0084,15.5,8.0,-7.5,33.5488,-101.8553,LUBBOCK|LUBBOCK|33.5488|-101.8553|50TH STREET|US0084
1077,LUBBOCK,LUBBOCK,33.5488,-101.8553,IH0027,US0084,2031.5,428.0,-1603.5,33.5488,-101.8553,LUBBOCK|LUBBOCK|33.5488|-101.8553|IH0027|US0084
1078,LUBBOCK,LUBBOCK,33.5488,-101.8554,,50TH STREET,4152.0,4321.0,169.0,33.5488,-101.8554,LUBBOCK|LUBBOCK|33.5488|-101.8554||50TH STREET
1079,LUBBOCK,LUBBOCK,33.5488,-101.8559,,50TH STREET,4152.0,3577.0,-575.0,33.5488,-101.8559,LUBBOCK|LUBBOCK|33.5488|-101.8559||50TH STREET
1080,LUBBOCK,LUBBOCK,33.5488,-101.8574,,50TH STREET,4152.0,5340.0,1188.0,33.5488,-101.8574,LUBBOCK|LUBBOCK|33.5488|-101.8574||50TH STREET
1081,LUBBOCK,LUBBOCK,33.5488,-101.8595,,50TH STREET,1312.0,2268.0,956.0,33.5488,-101.8595,LUBBOCK|LUBBOCK|33.5488|-101.8595||50TH STREET
1082,LUBBOCK,LUBBOCK,33.5488,-101.8596,50TH STREET,AVENUE T,1312.0,202.0,-1110.0,33.5488,-101.8596,LUBBOCK|LUBBOCK|33.5488|-101.8596|50TH STREET|AVENUE T
1083,LUBBOCK,LUBBOCK,33.5488,-101.8617,50TH STREET,AVENUE U,4152.0,5093.0,941.0,33.5488,-101.8617,LUBBOCK|LUBBOCK|33.5488|-101.8617|50TH STREET|AVENUE U
1084,LUBBOCK,LUBBOCK,33.5488,-101.8624,,50TH STREET,4152.0,5211.0,1059.0,33.5488,-101.8624,LUBBOCK|LUBBOCK|33.5488|-101.8624||50TH STREET
1085,LUBBOCK,LUBBOCK,33.5488,-101.8634,,50TH STREET,4152.0,4118.0,-34.0,33.5488,-101.8634,LUBBOCK|LUBBOCK|33.5488|-101.8634||50TH STREET
1086,LUBBOCK,LUBBOCK,33.5488,-101.8635,,50TH STREET,390.5,3723.0,3332.5,33.5488,-101.8635,LUBBOCK|LUBBOCK|33.5488|-101.8635||50TH STREET
1087,LUBBOCK,LUBBOCK,33.5488,-101.8661,50TH STREET,W AVENUE,4152.0,2548.0,-1604.0,33.5488,-101.8661,LUBBOCK|LUBBOCK|33.5488|-101.8661|50TH STREET|W AVENUE
1088,LUBBOCK,LUBBOCK,33.5488,-101.8705,50TH STREET,UNIVERSITY AVENUE,32.0,14.0,-18.0,33.5488,-101.8705,LUBBOCK|LUBBOCK|33.5488|-101.8705|50TH STREET|UNIVERSITY AVENUE
1089,LUBBOCK,LUBBOCK,33.5488,-101.8710,,50TH STREET,390.5,2830.0,2439.5,33.5488,-101.871,LUBBOCK|LUBBOCK|33.5488|-101.8710||50TH STREET
1090,LUBBOCK,LUBBOCK,33.5488,-101.8812,50TH STREET,FLINT AVENUE,2031.5,412.0,-1619.5,33.5488,-101.8812,LUBBOCK|LUBBOCK|33.5488|-101.8812|50TH STREET|FLINT AVENUE
1091,LUBBOCK,LUBBOCK,33.5488,-101.8877,50TH STREET,INDIANA AVENUE,4152.0,5368.0,1216.0,33.5488,-101.8877,LUBBOCK|LUBBOCK|33.5488|-101.8877|50TH STREET|INDIANA AVENUE
1092,LUBBOCK,LUBBOCK,33.5488,-101.8878,50TH STREET,50TH STREET,4152.0,2921.0,-1231.0,33.5488,-101.8878,LUBBOCK|LUBBOCK|33.5488|-101.8878|50TH STREET|50TH STREET
1093,LUBBOCK,LUBBOCK,33.5488,-101.8878,50TH STREET,INDIANA AVENUE,57.5,76.0,18.5,33.5488,-101.8878,LUBBOCK|LUBBOCK|33.5488|-101.8878|50TH STREET|INDIANA AVENUE
1094,LUBBOCK,LUBBOCK,33.5488,-101.8878,,50TH STREET,4152.0,2710.0,-1442.0,33.5488,-101.8878,LUBBOCK|LUBBOCK|33.5488|-101.8878||50TH STREET
1095,LUBBOCK,LUBBOCK,33.5488,-101.8878,,INDIANA AVENUE,4152.0,3196.0,-956.0,33.5488,-101.8878,LUBBOCK|LUBBOCK|33.5488|-101.8878||INDIANA AVENUE
1096,LUBBOCK,LUBBOCK,33.5488,-101.8881,,50TH STREET,4152.0,4530.0,378.0,33.5488,-101.8881,LUBBOCK|LUBBOCK|33.5488|-101.8881||50TH STREET
1097,LUBBOCK,LUBBOCK,33.5488,-101.8900,50TH STREET,JOLIET AVENUE,4152.0,1789.0,-2363.0,33.5488,-101.89,LUBBOCK|LUBBOCK|33.5488|-101.8900|50TH STREET|JOLIET AVENUE
1098,LUBBOCK,LUBBOCK,33.5488,-101.8921,50TH STREET,KNOXVILLE AVENUE,2031.5,271.0,-1760.5,33.5488,-101.8921,LUBBOCK|LUBBOCK|33.5488|-101.8921|50TH STREET|KNOXVILLE AVENUE
1099,LUBBOCK,LUBBOCK,33.5488,-101.8922,,50TH STREET,2031.5,326.0,-1705.5,33.5488,-101.8922,LUBBOCK|LUBBOCK|33.5488|-101.8922||50TH STREET
1100,LUBBOCK,LUBBOCK,33.5488,-101.8999,,50TH STREET,4152.0,4664.0,512.0,33.5488,-101.8999,LUBBOCK|LUBBOCK|33.5488|-101.8999||50TH STREET
1101,LUBBOCK,LUBBOCK,33.5488,-101.9049,50TH STREET,QUAKER AVENUE,1312.0,4630.0,3318.0,33.5488,-101.9049,LUBBOCK|LUBBOCK|33.5488|-101.9049|50TH STREET|QUAKER AVENUE
1102,LUBBOCK,LUBBOCK,33.5488,-101.9049,,50TH STREET,4152.0,3622.0,-530.0,33.5488,-101.9049,LUBBOCK|LUBBOCK|33.5488|-101.9049||50TH STREET
1103,LUBBOCK,LUBBOCK,33.5488,-101.9050,50TH STREET,QUAKER AVENUE,4152.0,2749.0,-1403.0,33.5488,-101.905,LUBBOCK|LUBBOCK|33.5488|-101.9050|50TH STREET|QUAKER AVENUE
1104,LUBBOCK,LUBBOCK,33.5488,-101.9051,50TH STREET,50TH STREET,1312.0,194.0,-1118.0,33.5488,-101.9051,LUBBOCK|LUBBOCK|33.5488|-101.9051|50TH STREET|50TH STREET
1105,LUBBOCK,LUBBOCK,33.5488,-101.9051,50TH STREET,QUAKER AVENUE,19.5,9.0,-10.5,33.5488,-101.9051,LUBBOCK|LUBBOCK|33.5488|-101.9051|50TH STREET|QUAKER AVENUE
1106,LUBBOCK,LUBBOCK,33.5488,-101.9051,,50TH STREET,4152.0,2549.0,-1603.0,33.5488,-101.9051,LUBBOCK|LUBBOCK|33.5488|-101.9051||50TH STREET
1107,LUBBOCK,LUBBOCK,33.5488,-101.9052,50TH STREET,50TH STREET,4152.0,4175.0,23.0,33.5488,-101.9052,LUBBOCK|LUBBOCK|33.5488|-101.9052|50TH STREET|50TH STREET
1108,LUBBOCK,LUBBOCK,33.5488,-101.9061,,50TH STREET,4152.0,2538.0,-1614.0,33.5488,-101.9061,LUBBOCK|LUBBOCK|33.5488|-101.9061||50TH STREET
1109,LUBBOCK,LUBBOCK,33.5488,-101.9089,50TH STREET,SALEM AVENUE,1312.0,2519.0,1207.0,33.5488,-101.9089,LUBBOCK|LUBBOCK|33.5488|-101.9089|50TH STREET|SALEM AVENUE
1110,LUBBOCK,LUBBOCK,33.5488,-101.9094,50TH STREET,SALEM AVENUE,2031.5,452.0,-1579.5,33.5488,-101.9094,LUBBOCK|LUBBOCK|33.5488|-101.9094|50TH STREET|SALEM AVENUE
1111,LUBBOCK,LUBBOCK,33.5488,-101.9094,,50TH STREET,4152.0,1879.0,-2273.0,33.5488,-101.9094,LUBBOCK|LUBBOCK|33.5488|-101.9094||50TH STREET
1112,LUBBOCK,LUBBOCK,33.5488,-101.9137,50TH STREET,UTICA AVENUE,135.5,108.0,-27.5,33.5488,-101.9137,LUBBOCK|LUBBOCK|33.5488|-101.9137|50TH STREET|UTICA AVENUE
1113,LUBBOCK,LUBBOCK,33.5488,-101.9138,,50TH STREET,1312.0,1777.0,465.0,33.5488,-101.9138,LUBBOCK|LUBBOCK|33.5488|-101.9138||50TH STREET
1114,LUBBOCK,LUBBOCK,33.5488,-101.9139,,50TH STREET,4152.0,2280.0,-1872.0,33.5488,-101.9139,LUBBOCK|LUBBOCK|33.5488|-101.9139||50TH STREET
1115,LUBBOCK,LUBBOCK,33.5488,-101.9140,,50TH STREET,4152.0,3545.0,-607.0,33.5488,-101.914,LUBBOCK|LUBBOCK|33.5488|-101.9140||50TH STREET
1116,LUBBOCK,LUBBOCK,33.5488,-101.9145,,50TH STREET,390.5,3742.0,3351.5,33.5488,-101.9145,LUBBOCK|LUBBOCK|33.5488|-101.9145||50TH STREET
1117,LUBBOCK,LUBBOCK,33.5488,-101.9147,,50TH STREET,4152.0,4312.0,160.0,33.5488,-101.9147,LUBBOCK|LUBBOCK|33.5488|-101.9147||50TH STREET
1118,LUBBOCK,LUBBOCK,33.5488,-101.9171,,50TH STREET,4152.0,1548.0,-2604.0,33.5488,-101.9171,LUBBOCK|LUBBOCK|33.5488|-101.9171||50TH STREET
1119,LUBBOCK,LUBBOCK,33.5488,-101.9180,50TH STREET,WAYNE AVENUE,390.5,145.0,-245.5,33.5488,-101.918,LUBBOCK|LUBBOCK|33.5488|-101.9180|50TH STREET|WAYNE AVENUE
1120,LUBBOCK,LUBBOCK,33.5488,-101.9180,,50TH STREET,1312.0,156.0,-1156.0,33.5488,-101.918,LUBBOCK|LUBBOCK|33.5488|-101.9180||50TH STREET
1121,LUBBOCK,LUBBOCK,33.5488,-101.9184,,50TH STREET,4152.0,1637.0,-2515.0,33.5488,-101.9184,LUBBOCK|LUBBOCK|33.5488|-101.9184||50TH STREET
1122,LUBBOCK,LUBBOCK,33.5488,-101.9208,50TH STREET,50TH STREET,4152.0,2671.0,-1481.0,33.5488,-101.9208,LUBBOCK|LUBBOCK|33.5488|-101.9208|50TH STREET|50TH STREET
1123,LUBBOCK,LUBBOCK,33.5488,-101.9214,,50TH STREET,4152.0,4044.0,-108.0,33.5488,-101.9214,LUBBOCK|LUBBOCK|33.5488|-101.9214||50TH STREET
1124,LUBBOCK,LUBBOCK,33.5488,-101.9224,50TH STREET,SLIDE ROAD,57.5,22.0,-35.5,33.5488,-101.9224,LUBBOCK|LUBBOCK|33.5488|-101.9224|50TH STREET|SLIDE ROAD
1125,LUBBOCK,LUBBOCK,33.5488,-101.9224,,SLIDE ROAD,4152.0,5362.0,1210.0,33.5488,-101.9224,LUBBOCK|LUBBOCK|33.5488|-101.9224||SLIDE ROAD
1126,LUBBOCK,LUBBOCK,33.5488,-101.9225,50TH STREET,SLIDE ROAD,4152.0,3354.0,-798.0,33.5488,-101.9225,LUBBOCK|LUBBOCK|33.5488|-101.9225|50TH STREET|SLIDE ROAD
1127,LUBBOCK,LUBBOCK,33.5488,-101.9228,,50TH STREET,4152.0,2355.0,-1797.0,33.5488,-101.9228,LUBBOCK|LUBBOCK|33.5488|-101.9228||50TH STREET
1128,LUBBOCK,LUBBOCK,33.5488,-101.9234,,50TH STREET,4152.0,1684.0,-2468.0,33.5488,-101.9234,LUBBOCK|LUBBOCK|33.5488|-101.9234||50TH STREET
1129,LUBBOCK,LUBBOCK,33.5488,-101.9269,,50TH STREET,1312.0,1314.0,2.0,33.5488,-101.9269,LUBBOCK|LUBBOCK|33.5488|-101.9269||50TH STREET
1130,LUBBOCK,LUBBOCK,33.5488,-101.9272,,50TH STREET,4152.0,3993.0,-159.0,33.5488,-101.9272,LUBBOCK|LUBBOCK|33.5488|-101.9272||50TH STREET
1131,LUBBOCK,LUBBOCK,33.5488,-101.9273,50TH STREET,BANGOR AVENUE,1312.0,173.0,-1139.0,33.5488,-101.9273,LUBBOCK|LUBBOCK|33.5488|-101.9273|50TH STREET|BANGOR AVENUE
1132,LUBBOCK,LUBBOCK,33.5488,-101.9310,50TH STREET,CHICAGO AVENUE,135.5,110.0,-25.5,33.5488,-101.931,LUBBOCK|LUBBOCK|33.5488|-101.9310|50TH STREET|CHICAGO AVENUE
1133,LUBBOCK,LUBBOCK,33.5488,-101.9317,,50TH STREET,4152.0,4221.0,69.0,33.5488,-101.9317,LUBBOCK|LUBBOCK|33.5488|-101.9317||50TH STREET
1134,LUBBOCK,LUBBOCK,33.5488,-101.9344,,50TH STREET,2031.5,381.0,-1650.5,33.5488,-101.9344,LUBBOCK|LUBBOCK|33.5488|-101.9344||50TH STREET
1135,LUBBOCK,LUBBOCK,33.5488,-101.9358,,50TH STREET,4152.0,1811.0,-2341.0,33.5488,-101.9358,LUBBOCK|LUBBOCK|33.5488|-101.9358||50TH STREET
1136,LUBBOCK,LUBBOCK,33.5488,-101.9362,,50TH STREET,4152.0,2090.0,-2062.0,33.5488,-101.9362,LUBBOCK|LUBBOCK|33.5488|-101.9362||50TH STREET
1137,LUBBOCK,LUBBOCK,33.5488,-101.9397,,50TH STREET,4152.0,1668.0,-2484.0,33.5488,-101.9397,LUBBOCK|LUBBOCK|33.5488|-101.9397||50TH STREET
1138,LUBBOCK,LUBBOCK,33.5488,-101.9397,,FRANKFORD AVENUE,4152.0,4938.0,786.0,33.5488,-101.9397,LUBBOCK|LUBBOCK|33.5488|-101.9397||FRANKFORD AVENUE
1139,LUBBOCK,LUBBOCK,33.5488,-101.9401,,50TH STREET,4152.0,2257.0,-1895.0,33.5488,-101.9401,LUBBOCK|LUBBOCK|33.5488|-101.9401||50TH STREET
1140,LUBBOCK,LUBBOCK,33.5488,-101.9744,50TH STREET,UPLAND AVENUE,2031.5,288.0,-1743.5,33.5488,-101.9744,LUBBOCK|LUBBOCK|33.5488|-101.9744|50TH STREET|UPLAND AVENUE
1141,LUBBOCK,LUBBOCK,33.5488,-101.9744,UPLAND AVENUE,UPLAND AVENUE,390.5,1690.0,1299.5,33.5488,-101.9744,LUBBOCK|LUBBOCK|33.5488|-101.9744|UPLAND AVENUE|UPLAND AVENUE
1142,LUBBOCK,LUBBOCK,33.5489,-101.7843,FM0835,OLIVE AVENUE,669.0,244.0,-425.0,33.5489,-101.7843,LUBBOCK|LUBBOCK|33.5489|-101.7843|FM0835|OLIVE AVENUE
1143,LUBBOCK,LUBBOCK,33.5489,-101.7882,FM0835,SL0289,135.5,360.0,224.5,33.5489,-101.7882,LUBBOCK|LUBBOCK|33.5489|-101.7882|FM0835|SL0289
1144,LUBBOCK,LUBBOCK,33.5489,-101.8000,FM0835,SS0331,1312.0,147.0,-1165.0,33.5489,-101.8,LUBBOCK|LUBBOCK|33.5489|-101.8000|FM0835|SS0331
1145,LUBBOCK,LUBBOCK,33.5489,-101.8000,,FM0835,4152.0,746.0,-3406.0,33.5489,-101.8,LUBBOCK|LUBBOCK|33.5489|-101.8000||FM0835
1146,LUBBOCK,LUBBOCK,33.5489,-101.8014,FM0835,SS0331,2031.5,290.0,-1741.5,33.5489,-101.8014,LUBBOCK|LUBBOCK|33.5489|-101.8014|FM0835|SS0331
1147,LUBBOCK,LUBBOCK,33.5489,-101.8014,,FM0835,2031.5,228.0,-1803.5,33.5489,-101.8014,LUBBOCK|LUBBOCK|33.5489|-101.8014||FM0835
1148,LUBBOCK,LUBBOCK,33.5489,-101.8019,FM0835,SS0331,2031.5,246.0,-1785.5,33.5489,-101.8019,LUBBOCK|LUBBOCK|33.5489|-101.8019|FM0835|SS0331
1149,LUBBOCK,LUBBOCK,33.5489,-101.8026,FM0835,SS0331,4152.0,2503.0,-1649.0,33.5489,-101.8026,LUBBOCK|LUBBOCK|33.5489|-101.8026|FM0835|SS0331
1150,LUBBOCK,LUBBOCK,33.5489,-101.8030,FM0835,SS0331,669.0,85.0,-584.0,33.5489,-101.803,LUBBOCK|LUBBOCK|33.5489|-101.8030|FM0835|SS0331
1151,LUBBOCK,LUBBOCK,33.5489,-101.8033,FM0835,SS0331,4152.0,2847.0,-1305.0,33.5489,-101.8033,LUBBOCK|LUBBOCK|33.5489|-101.8033|FM0835|SS0331
1152,LUBBOCK,LUBBOCK,33.5489,-101.8033,,FM0835,1312.0,862.0,-450.0,33.5489,-101.8033,LUBBOCK|LUBBOCK|33.5489|-101.8033||FM0835
1153,LUBBOCK,LUBBOCK,33.5489,-101.8034,,FM0835,4152.0,700.0,-3452.0,33.5489,-101.8034,LUBBOCK|LUBBOCK|33.5489|-101.8034||FM0835
1154,LUBBOCK,LUBBOCK,33.5489,-101.8038,FM0835,SS0331,4152.0,3053.0,-1099.0,33.5489,-101.8038,LUBBOCK|LUBBOCK|33.5489|-101.8038|FM0835|SS0331
1155,LUBBOCK,LUBBOCK,33.5489,-101.8038,,FM0835,390.5,1016.0,625.5,33.5489,-101.8038,LUBBOCK|LUBBOCK|33.5489|-101.8038||FM0835
1156,LUBBOCK,LUBBOCK,33.5489,-101.8044,,FM0835,4152.0,2208.0,-1944.0,33.5489,-101.8044,LUBBOCK|LUBBOCK|33.5489|-101.8044||FM0835
1157,LUBBOCK,LUBBOCK,33.5489,-101.8203,FM0835,SS0331,2031.5,287.0,-1744.5,33.5489,-101.8203,LUBBOCK|LUBBOCK|33.5489|-101.8203|FM0835|SS0331
1158,LUBBOCK,LUBBOCK,33.5489,-101.8553,,US0084,2031.5,472.0,-1559.5,33.5489,-101.8553,LUBBOCK|LUBBOCK|33.5489|-101.8553||US0084
1159,LUBBOCK,LUBBOCK,33.5489,-101.8930,,50TH STREET,390.5,2783.0,2392.5,33.5489,-101.893,LUBBOCK|LUBBOCK|33.5489|-101.8930||50TH STREET
1160,LUBBOCK,LUBBOCK,33.5489,-101.9376,,SL0289,1312.0,6057.0,4745.0,33.5489,-101.9376,LUBBOCK|LUBBOCK|33.5489|-101.9376||SL0289
1161,LUBBOCK,LUBBOCK,33.5489,-101.9571,50TH STREET,MILWAUKEE AVENUE,390.5,4775.0,4384.5,33.5489,-101.9571,LUBBOCK|LUBBOCK|33.5489|-101.9571|50TH STREET|MILWAUKEE AVENUE
1162,LUBBOCK,LUBBOCK,33.5490,-101.8878,,INDIANA AVENUE,2031.5,379.0,-1652.5,33.549,-101.8878,LUBBOCK|LUBBOCK|33.5490|-101.8878||INDIANA AVENUE
1163,LUBBOCK,LUBBOCK,33.5490,-101.8942,50TH STREET,LOUISVILLE AVENUE,4152.0,1527.0,-2625.0,33.549,-101.8942,LUBBOCK|LUBBOCK|33.5490|-101.8942|50TH STREET|LOUISVILLE AVENUE
1164,LUBBOCK,LUBBOCK,33.5490,-101.8947,50TH STREET,MEMPHIS AVENUE,4152.0,1558.0,-2594.0,33.549,-101.8947,LUBBOCK|LUBBOCK|33.5490|-101.8947|50TH STREET|MEMPHIS AVENUE
1165,LUBBOCK,LUBBOCK,33.5490,-101.8957,,50TH STREET,4152.0,2907.0,-1245.0,33.549,-101.8957,LUBBOCK|LUBBOCK|33.5490|-101.8957||50TH STREET
1166,LUBBOCK,LUBBOCK,33.5490,-101.8964,50TH STREET,MEMPHIS AVENUE,1312.0,211.0,-1101.0,33.549,-101.8964,LUBBOCK|LUBBOCK|33.5490|-101.8964|50TH STREET|MEMPHIS AVENUE
1167,LUBBOCK,LUBBOCK,33.5490,-101.8964,,50TH STREET,4152.0,4143.0,-9.0,33.549,-101.8964,LUBBOCK|LUBBOCK|33.5490|-101.8964||50TH STREET
1168,LUBBOCK,LUBBOCK,33.5490,-101.8967,,50TH STREET,390.5,1451.0,1060.5,33.549,-101.8967,LUBBOCK|LUBBOCK|33.5490|-101.8967||50TH STREET
1169,LUBBOCK,LUBBOCK,33.5490,-101.9051,,QUAKER AVENUE,4152.0,3477.0,-675.0,33.549,-101.9051,LUBBOCK|LUBBOCK|33.5490|-101.9051||QUAKER AVENUE
1170,LUBBOCK,LUBBOCK,33.5490,-101.9224,50TH STREET,SLIDE ROAD,4152.0,1761.0,-2391.0,33.549,-101.9224,LUBBOCK|LUBBOCK|33.5490|-101.9224|50TH STREET|SLIDE ROAD
1171,LUBBOCK,LUBBOCK,33.5491,-101.9224,,SLIDE ROAD,4152.0,4067.0,-85.0,33.5491,-101.9224,LUBBOCK|LUBBOCK|33.5491|-101.9224||SLIDE ROAD
1172,LUBBOCK,LUBBOCK,33.5491,-101.9377,50TH STREET,SL0289,135.5,481.0,345.5,33.5491,-101.9377,LUBBOCK|LUBBOCK|33.5491|-101.9377|50TH STREET|SL0289
1173,LUBBOCK,LUBBOCK,33.5491,-101.9377,,SL0289,4152.0,6107.0,1955.0,33.5491,-101.9377,LUBBOCK|LUBBOCK|33.5491|-101.9377||SL0289
1174,LUBBOCK,LUBBOCK,33.5492,-101.9378,50TH STREET,SL0289,4152.0,6105.0,1953.0,33.5492,-101.9378,LUBBOCK|LUBBOCK|33.5492|-101.9378|50TH STREET|SL0289
1175,LUBBOCK,LUBBOCK,33.5493,-101.8553,,US0084,2031.5,457.0,-1574.5,33.5493,-101.8553,LUBBOCK|LUBBOCK|33.5493|-101.8553||US0084
1176,LUBBOCK,LUBBOCK,33.5493,-101.9137,,UTICA AVENUE,4152.0,4659.0,507.0,33.5493,-101.9137,LUBBOCK|LUBBOCK|33.5493|-101.9137||UTICA AVENUE
1177,LUBBOCK,LUBBOCK,33.5493,-101.9378,SL0289,SS0327,1312.0,6056.0,4744.0,33.5493,-101.9378,LUBBOCK|LUBBOCK|33.5493|-101.9378|SL0289|SS0327
1178,LUBBOCK,LUBBOCK,33.5495,-101.9224,,SLIDE ROAD,4152.0,1546.0,-2606.0,33.5495,-101.9224,LUBBOCK|LUBBOCK|33.5495|-101.9224||SLIDE ROAD
1179,LUBBOCK,LUBBOCK,33.5496,-101.8554,,US0084,4152.0,5658.0,1506.0,33.5496,-101.8554,LUBBOCK|LUBBOCK|33.5496|-101.8554||US0084
1180,LUBBOCK,LUBBOCK,33.5497,-101.9343,49TH STREET,ELKHART AVENUE,4152.0,2983.0,-1169.0,33.5497,-101.9343,LUBBOCK|LUBBOCK|33.5497|-101.9343|49TH STREET|ELKHART AVENUE
1181,LUBBOCK,LUBBOCK,33.5498,-101.8596,,AVENUE T,4152.0,1288.0,-2864.0,33.5498,-101.8596,LUBBOCK|LUBBOCK|33.5498|-101.8596||AVENUE T
1182,LUBBOCK,LUBBOCK,33.5498,-101.8617,49TH STREET,AVENUE U,2031.5,435.0,-1596.5,33.5498,-101.8617,LUBBOCK|LUBBOCK|33.5498|-101.8617|49TH STREET|AVENUE U
1183,LUBBOCK,LUBBOCK,33.5498,-101.8624,,49TH STREET,4152.0,1628.0,-2524.0,33.5498,-101.8624,LUBBOCK|LUBBOCK|33.5498|-101.8624||49TH STREET
1184,LUBBOCK,LUBBOCK,33.5498,-101.9380,,SL0289,99.0,5348.0,5249.0,33.5498,-101.938,LUBBOCK|LUBBOCK|33.5498|-101.9380||SL0289
1185,LUBBOCK,LUBBOCK,33.5500,-101.8899,JOLIET AVENUE,JOLIET AVENUE,4152.0,2647.0,-1505.0,33.55,-101.8899,LUBBOCK|LUBBOCK|33.5500|-101.8899|JOLIET AVENUE|JOLIET AVENUE
1186,LUBBOCK,LUBBOCK,33.5501,-101.8450,,IH0027,4152.0,6018.0,1866.0,33.5501,-101.845,LUBBOCK|LUBBOCK|33.5501|-101.8450||IH0027
1187,LUBBOCK,LUBBOCK,33.5501,-101.9381,,SL0289,4152.0,6081.0,1929.0,33.5501,-101.9381,LUBBOCK|LUBBOCK|33.5501|-101.9381||SL0289
1188,LUBBOCK,LUBBOCK,33.5502,-101.9397,,FRANKFORD AVENUE,2031.5,300.0,-1731.5,33.5502,-101.9397,LUBBOCK|LUBBOCK|33.5502|-101.9397||FRANKFORD AVENUE
1189,LUBBOCK,LUBBOCK,33.5503,-101.8705,,UNIVERSITY AVENUE,1312.0,3004.0,1692.0,33.5503,-101.8705,LUBBOCK|LUBBOCK|33.5503|-101.8705||UNIVERSITY AVENUE
1190,LUBBOCK,LUBBOCK,33.5504,-101.8450,,IH0027,4152.0,6009.0,1857.0,33.5504,-101.845,LUBBOCK|LUBBOCK|33.5504|-101.8450||IH0027
1191,LUBBOCK,LUBBOCK,33.5504,-101.8554,,US0084,669.0,504.0,-165.0,33.5504,-101.8554,LUBBOCK|LUBBOCK|33.5504|-101.8554||US0084
1192,LUBBOCK,LUBBOCK,33.5505,-101.8554,,US0084,1312.0,3636.0,2324.0,33.5505,-101.8554,LUBBOCK|LUBBOCK|33.5505|-101.8554||US0084
1193,LUBBOCK,LUBBOCK,33.5506,-101.8401,48TH STREET,AVENUE D,4152.0,2960.0,-1192.0,33.5506,-101.8401,LUBBOCK|LUBBOCK|33.5506|-101.8401|48TH STREET|AVENUE D
1194,LUBBOCK,LUBBOCK,33.5506,-101.8406,,48TH STREET,4152.0,5369.0,1217.0,33.5506,-101.8406,LUBBOCK|LUBBOCK|33.5506|-101.8406||48TH STREET
1195,LUBBOCK,LUBBOCK,33.5506,-101.8531,48TH STREET,AVENUE P,4152.0,3656.0,-496.0,33.5506,-101.8531,LUBBOCK|LUBBOCK|33.5506|-101.8531|48TH STREET|AVENUE P
1196,LUBBOCK,LUBBOCK,33.5506,-101.8554,48TH STREET,US0084,4152.0,3630.0,-522.0,33.5506,-101.8554,LUBBOCK|LUBBOCK|33.5506|-101.8554|48TH STREET|US0084
1197,LUBBOCK,LUBBOCK,33.5506,-101.8601,,48TH STREET,4152.0,4054.0,-98.0,33.5506,-101.8601,LUBBOCK|LUBBOCK|33.5506|-101.8601||48TH STREET
1198,LUBBOCK,LUBBOCK,33.5506,-101.8964,,MEMPHIS AVENUE,4152.0,5316.0,1164.0,33.5506,-101.8964,LUBBOCK|LUBBOCK|33.5506|-101.8964||MEMPHIS AVENUE
1199,LUBBOCK,LUBBOCK,33.5506,-101.9343,48TH STREET,ELKHART AVENUE,4152.0,4032.0,-120.0,33.5506,-101.9343,LUBBOCK|LUBBOCK|33.5506|-101.9343|48TH STREET|ELKHART AVENUE
1200,LUBBOCK,LUBBOCK,33.5513,-101.9433,,US0062,1312.0,5934.0,4622.0,33.5513,-101.9433,LUBBOCK|LUBBOCK|33.5513|-101.9433||US0062
1201,LUBBOCK,LUBBOCK,33.5514,-101.9387,,SL0289,2031.5,5812.0,3780.5,33.5514,-101.9387,LUBBOCK|LUBBOCK|33.5514|-101.9387||SL0289
1202,LUBBOCK,LUBBOCK,33.5515,-101.8618,,47TH STREET,4152.0,1401.0,-2751.0,33.5515,-101.8618,LUBBOCK|LUBBOCK|33.5515|-101.8618||47TH STREET
1203,LUBBOCK,LUBBOCK,33.5515,-101.9051,,QUAKER AVENUE,4152.0,3689.0,-463.0,33.5515,-101.9051,LUBBOCK|LUBBOCK|33.5515|-101.9051||QUAKER AVENUE
1204,LUBBOCK,LUBBOCK,33.5516,-101.8878,47TH STREET,INDIANA AVENUE,4152.0,5268.0,1116.0,33.5516,-101.8878,LUBBOCK|LUBBOCK|33.5516|-101.8878|47TH STREET|INDIANA AVENUE
1205,LUBBOCK,LUBBOCK,33.5516,-101.9051,47TH STREET,QUAKER AVENUE,4152.0,5027.0,875.0,33.5516,-101.9051,LUBBOCK|LUBBOCK|33.5516|-101.9051|47TH STREET|QUAKER AVENUE
1206,LUBBOCK,LUBBOCK,33.5516,-101.9224,47TH STREET,SLIDE ROAD,2031.5,421.0,-1610.5,33.5516,-101.9224,LUBBOCK|LUBBOCK|33.5516|-101.9224|47TH STREET|SLIDE ROAD
1207,LUBBOCK,LUBBOCK,33.5516,-101.9425,,US0062,390.5,5849.0,5458.5,33.5516,-101.9425,LUBBOCK|LUBBOCK|33.5516|-101.9425||US0062
1208,LUBBOCK,LUBBOCK,33.5517,-101.8450,,IH0027,4152.0,5944.0,1792.0,33.5517,-101.845,LUBBOCK|LUBBOCK|33.5517|-101.8450||IH0027
1209,LUBBOCK,LUBBOCK,33.5517,-101.9051,,QUAKER AVENUE,4152.0,4555.0,403.0,33.5517,-101.9051,LUBBOCK|LUBBOCK|33.5517|-101.9051||QUAKER AVENUE
1210,LUBBOCK,LUBBOCK,33.5517,-101.9388,,SL0289,4152.0,6098.0,1946.0,33.5517,-101.9388,LUBBOCK|LUBBOCK|33.5517|-101.9388||SL0289
1211,LUBBOCK,LUBBOCK,33.5518,-101.9422,,US0062,4152.0,5904.0,1752.0,33.5518,-101.9422,LUBBOCK|LUBBOCK|33.5518|-101.9422||US0062
1212,LUBBOCK,LUBBOCK,33.5519,-101.9389,,SL0289,2031.5,5814.0,3782.5,33.5519,-101.9389,LUBBOCK|LUBBOCK|33.5519|-101.9389||SL0289
1213,LUBBOCK,LUBBOCK,33.5519,-101.9419,,US0062,4152.0,5859.0,1707.0,33.5519,-101.9419,LUBBOCK|LUBBOCK|33.5519|-101.9419||US0062
1214,LUBBOCK,LUBBOCK,33.5520,-101.9415,,US0062,4152.0,5834.0,1682.0,33.552,-101.9415,LUBBOCK|LUBBOCK|33.5520|-101.9415||US0062
1215,LUBBOCK,LUBBOCK,33.5521,-101.8488,46TH PL,AVENUE L,4152.0,1674.0,-2478.0,33.5521,-101.8488,LUBBOCK|LUBBOCK|33.5521|-101.8488|46TH PL|AVENUE L
1216,LUBBOCK,LUBBOCK,33.5521,-101.8488,,AVENUE L,4152.0,5096.0,944.0,33.5521,-101.8488,LUBBOCK|LUBBOCK|33.5521|-101.8488||AVENUE L
1217,LUBBOCK,LUBBOCK,33.5521,-101.8779,,DETROIT AVENUE,4152.0,2987.0,-1165.0,33.5521,-101.8779,LUBBOCK|LUBBOCK|33.5521|-101.8779||DETROIT AVENUE
1218,LUBBOCK,LUBBOCK,33.5523,-101.8401,,AVENUE D,4152.0,2633.0,-1519.0,33.5523,-101.8401,LUBBOCK|LUBBOCK|33.5523|-101.8401||AVENUE D
1219,LUBBOCK,LUBBOCK,33.5523,-101.8706,46TH STREET,UNIVERSITY AVENUE,4152.0,2738.0,-1414.0,33.5523,-101.8706,LUBBOCK|LUBBOCK|33.5523|-101.8706|46TH STREET|UNIVERSITY AVENUE
1220,LUBBOCK,LUBBOCK,33.5523,-101.8834,,GARY AVENUE,4152.0,2402.0,-1750.0,33.5523,-101.8834,LUBBOCK|LUBBOCK|33.5523|-101.8834||GARY AVENUE
1221,LUBBOCK,LUBBOCK,33.5523,-101.9570,,MILWAUKEE AVENUE,4152.0,4528.0,376.0,33.5523,-101.957,LUBBOCK|LUBBOCK|33.5523|-101.9570||MILWAUKEE AVENUE
1222,LUBBOCK,LUBBOCK,33.5524,-101.8401,46TH STREET,AVENUE D,4152.0,3197.0,-955.0,33.5524,-101.8401,LUBBOCK|LUBBOCK|33.5524|-101.8401|46TH STREET|AVENUE D
1223,LUBBOCK,LUBBOCK,33.5524,-101.8554,IH0027,US0084,390.5,3206.0,2815.5,33.5524,-101.8554,LUBBOCK|LUBBOCK|33.5524|-101.8554|IH0027|US0084
1224,LUBBOCK,LUBBOCK,33.5524,-101.8661,46TH STREET,W AVENUE,4152.0,4529.0,377.0,33.5524,-101.8661,LUBBOCK|LUBBOCK|33.5524|-101.8661|46TH STREET|W AVENUE
1225,LUBBOCK,LUBBOCK,33.5524,-101.8686,,46TH STREET,4152.0,4832.0,680.0,33.5524,-101.8686,LUBBOCK|LUBBOCK|33.5524|-101.8686||46TH STREET
1226,LUBBOCK,LUBBOCK,33.5524,-101.8706,46TH STREET,UNIVERSITY AVENUE,390.5,75.0,-315.5,33.5524,-101.8706,LUBBOCK|LUBBOCK|33.5524|-101.8706|46TH STREET|UNIVERSITY AVENUE
1227,LUBBOCK,LUBBOCK,33.5524,-101.9094,46TH STREET,SALEM AVENUE,4152.0,4623.0,471.0,33.5524,-101.9094,LUBBOCK|LUBBOCK|33.5524|-101.9094|46TH STREET|SALEM AVENUE
1228,LUBBOCK,LUBBOCK,33.5524,-101.9159,46TH STREET,VICKSBURG AVENUE,4152.0,1655.0,-2497.0,33.5524,-101.9159,LUBBOCK|LUBBOCK|33.5524|-101.9159|46TH STREET|VICKSBURG AVENUE
1229,LUBBOCK,LUBBOCK,33.5524,-101.9363,46TH STREET,ENGLEWOOD AVENUE,4152.0,4336.0,184.0,33.5524,-101.9363,LUBBOCK|LUBBOCK|33.5524|-101.9363|46TH STREET|ENGLEWOOD AVENUE
1230,LUBBOCK,LUBBOCK,33.5525,-101.8357,46TH STREET,AVENUE A,4152.0,4713.0,561.0,33.5525,-101.8357,LUBBOCK|LUBBOCK|33.5525|-101.8357|46TH STREET|AVENUE A
1231,LUBBOCK,LUBBOCK,33.5525,-101.8554,46TH STREET,46TH STREET,1312.0,5411.0,4099.0,33.5525,-101.8554,LUBBOCK|LUBBOCK|33.5525|-101.8554|46TH STREET|46TH STREET
1232,LUBBOCK,LUBBOCK,33.5525,-101.8554,IH0027,US0084,4152.0,5678.0,1526.0,33.5525,-101.8554,LUBBOCK|LUBBOCK|33.5525|-101.8554|IH0027|US0084
1233,LUBBOCK,LUBBOCK,33.5525,-101.8574,46TH STREET,S AVENUE,4152.0,4442.0,290.0,33.5525,-101.8574,LUBBOCK|LUBBOCK|33.5525|-101.8574|46TH STREET|S AVENUE
1234,LUBBOCK,LUBBOCK,33.5525,-101.9054,,46TH STREET,2031.5,361.0,-1670.5,33.5525,-101.9054,LUBBOCK|LUBBOCK|33.5525|-101.9054||46TH STREET
1235,LUBBOCK,LUBBOCK,33.5525,-101.9404,MARSHA SHARP FWY,SL0289,4152.0,4834.0,682.0,33.5525,-101.9404,LUBBOCK|LUBBOCK|33.5525|-101.9404|MARSHA SHARP FWY|SL0289
1236,LUBBOCK,LUBBOCK,33.5525,-101.9404,MARSHA SHARP FWY,W LOOP 289,4152.0,4663.0,511.0,33.5525,-101.9404,LUBBOCK|LUBBOCK|33.5525|-101.9404|MARSHA SHARP FWY|W LOOP 289
1237,LUBBOCK,LUBBOCK,33.5526,-101.9297,,46TH STREET,4152.0,4449.0,297.0,33.5526,-101.9297,LUBBOCK|LUBBOCK|33.5526|-101.9297||46TH STREET
1238,LUBBOCK,LUBBOCK,33.5526,-101.9404,SL0289,US0062,2031.5,1014.0,-1017.5,33.5526,-101.9404,LUBBOCK|LUBBOCK|33.5526|-101.9404|SL0289|US0062
1239,LUBBOCK,LUBBOCK,33.5529,-101.9394,,SL0289,4152.0,6097.0,1945.0,33.5529,-101.9394,LUBBOCK|LUBBOCK|33.5529|-101.9394||SL0289
1240,LUBBOCK,LUBBOCK,33.5531,-101.9394,SS0327,US0062,390.5,576.0,185.5,33.5531,-101.9394,LUBBOCK|LUBBOCK|33.5531|-101.9394|SS0327|US0062
1241,LUBBOCK,LUBBOCK,33.5531,-101.9395,SS0327,US0062,4152.0,6045.0,1893.0,33.5531,-101.9395,LUBBOCK|LUBBOCK|33.5531|-101.9395|SS0327|US0062
1242,LUBBOCK,LUBBOCK,33.5532,-101.9051,,QUAKER AVENUE,390.5,4665.0,4274.5,33.5532,-101.9051,LUBBOCK|LUBBOCK|33.5532|-101.9051||QUAKER AVENUE
1243,LUBBOCK,LUBBOCK,33.5533,-101.9126,,45TH STREET,4152.0,4733.0,581.0,33.5533,-101.9126,LUBBOCK|LUBBOCK|33.5533|-101.9126||45TH STREET
1244,LUBBOCK,LUBBOCK,33.5534,-101.8682,45TH STREET,AVENUE X,4152.0,4756.0,604.0,33.5534,-101.8682,LUBBOCK|LUBBOCK|33.5534|-101.8682|45TH STREET|AVENUE X
1245,LUBBOCK,LUBBOCK,33.5534,-101.8724,,45TH STREET,4152.0,4130.0,-22.0,33.5534,-101.8724,LUBBOCK|LUBBOCK|33.5534|-101.8724||45TH STREET
1246,LUBBOCK,LUBBOCK,33.5534,-101.8737,,45TH STREET,4152.0,4617.0,465.0,33.5534,-101.8737,LUBBOCK|LUBBOCK|33.5534|-101.8737||45TH STREET
1247,LUBBOCK,LUBBOCK,33.5535,-101.8516,46TH STREET,N AVENUE,4152.0,5359.0,1207.0,33.5535,-101.8516,LUBBOCK|LUBBOCK|33.5535|-101.8516|46TH STREET|N AVENUE
1248,LUBBOCK,LUBBOCK,33.5535,-101.9275,,45TH STREET,4152.0,4253.0,101.0,33.5535,-101.9275,LUBBOCK|LUBBOCK|33.5535|-101.9275||45TH STREET
1249,LUBBOCK,LUBBOCK,33.5535,-101.9452,45TH STREET,HURON AVENUE,4152.0,1514.0,-2638.0,33.5535,-101.9452,LUBBOCK|LUBBOCK|33.5535|-101.9452|45TH STREET|HURON AVENUE
1250,LUBBOCK,LUBBOCK,33.5537,-101.8682,,AVENUE X,1312.0,4377.0,3065.0,33.5537,-101.8682,LUBBOCK|LUBBOCK|33.5537|-101.8682||AVENUE X
1251,LUBBOCK,LUBBOCK,33.5539,-101.8450,,IH0027,4152.0,5894.0,1742.0,33.5539,-101.845,LUBBOCK|LUBBOCK|33.5539|-101.8450||IH0027
1252,LUBBOCK,LUBBOCK,33.5541,-101.8450,,IH0027,4152.0,5898.0,1746.0,33.5541,-101.845,LUBBOCK|LUBBOCK|33.5541|-101.8450||IH0027
1253,LUBBOCK,LUBBOCK,33.5541,-101.8964,44TH STREET,MEMPHIS AVENUE,4152.0,4764.0,612.0,33.5541,-101.8964,LUBBOCK|LUBBOCK|33.5541|-101.8964|44TH STREET|MEMPHIS AVENUE
1254,LUBBOCK,LUBBOCK,33.5542,-101.8126,E 44TH STREET,VANDA AVENUE,4152.0,5035.0,883.0,33.5542,-101.8126,LUBBOCK|LUBBOCK|33.5542|-101.8126|E 44TH STREET|VANDA AVENUE
1255,LUBBOCK,LUBBOCK,33.5542,-101.8184,,MARTIN LUTHER KING JR BOULEVARD,4152.0,4397.0,245.0,33.5542,-101.8184,LUBBOCK|LUBBOCK|33.5542|-101.8184||MARTIN LUTHER KING JR BOULEVARD
1256,LUBBOCK,LUBBOCK,33.5542,-101.8554,,US0084,390.5,2872.0,2481.5,33.5542,-101.8554,LUBBOCK|LUBBOCK|33.5542|-101.8554||US0084
1257,LUBBOCK,LUBBOCK,33.5542,-101.8618,,AVENUE U,4152.0,3205.0,-947.0,33.5542,-101.8618,LUBBOCK|LUBBOCK|33.5542|-101.8618||AVENUE U
1258,LUBBOCK,LUBBOCK,33.5542,-101.9051,,QUAKER AVENUE,4152.0,2317.0,-1835.0,33.5542,-101.9051,LUBBOCK|LUBBOCK|33.5542|-101.9051||QUAKER AVENUE
1259,LUBBOCK,LUBBOCK,33.5543,-101.8554,,US0084,4152.0,2999.0,-1153.0,33.5543,-101.8554,LUBBOCK|LUBBOCK|33.5543|-101.8554||US0084
1260,LUBBOCK,LUBBOCK,33.5543,-101.8599,,44TH STREET,4152.0,4540.0,388.0,33.5543,-101.8599,LUBBOCK|LUBBOCK|33.5543|-101.8599||44TH STREET
1261,LUBBOCK,LUBBOCK,33.5543,-101.9051,44TH STREET,QUAKER AVENUE,4152.0,3817.0,-335.0,33.5543,-101.9051,LUBBOCK|LUBBOCK|33.5543|-101.9051|44TH STREET|QUAKER AVENUE
1262,LUBBOCK,LUBBOCK,33.5544,-101.7880,,SL0289,1312.0,2073.0,761.0,33.5544,-101.788,LUBBOCK|LUBBOCK|33.5544|-101.7880||SL0289
1263,LUBBOCK,LUBBOCK,33.5546,-101.8184,,MARTIN LUTHER KING JR BOULEVARD,4152.0,4000.0,-152.0,33.5546,-101.8184,LUBBOCK|LUBBOCK|33.5546|-101.8184||MARTIN LUTHER KING JR BOULEVARD
1264,LUBBOCK,LUBBOCK,33.5547,-101.8488,,AVENUE L,1312.0,4585.0,3273.0,33.5547,-101.8488,LUBBOCK|LUBBOCK|33.5547|-101.8488||AVENUE L
1265,LUBBOCK,LUBBOCK,33.5549,-101.8450,,IH0027,390.5,5899.0,5508.5,33.5549,-101.845,LUBBOCK|LUBBOCK|33.5549|-101.8450||IH0027
1266,LUBBOCK,LUBBOCK,33.5550,-101.8554,IH0027,US0084,4152.0,3260.0,-892.0,33.555,-101.8554,LUBBOCK|LUBBOCK|33.5550|-101.8554|IH0027|US0084
1267,LUBBOCK,LUBBOCK,33.5552,-101.8389,,43RD STREET,4152.0,5310.0,1158.0,33.5552,-101.8389,LUBBOCK|LUBBOCK|33.5552|-101.8389||43RD STREET
1268,LUBBOCK,LUBBOCK,33.5552,-101.8812,43RD STREET,FLINT AVENUE,4152.0,4430.0,278.0,33.5552,-101.8812,LUBBOCK|LUBBOCK|33.5552|-101.8812|43RD STREET|FLINT AVENUE
1269,LUBBOCK,LUBBOCK,33.5552,-101.8920,,KNOXVILLE AVENUE,4152.0,2582.0,-1570.0,33.5552,-101.892,LUBBOCK|LUBBOCK|33.5552|-101.8920||KNOXVILLE AVENUE
1270,LUBBOCK,LUBBOCK,33.5552,-101.9007,43RD STREET,ORLANDO AVENUE,4152.0,5318.0,1166.0,33.5552,-101.9007,LUBBOCK|LUBBOCK|33.5552|-101.9007|43RD STREET|ORLANDO AVENUE
1271,LUBBOCK,LUBBOCK,33.5552,-101.9051,43RD STREET,QUAKER AVENUE,4152.0,3775.0,-377.0,33.5552,-101.9051,LUBBOCK|LUBBOCK|33.5552|-101.9051|43RD STREET|QUAKER AVENUE
1272,LUBBOCK,LUBBOCK,33.5552,-101.9057,,43RD STREET,390.5,3706.0,3315.5,33.5552,-101.9057,LUBBOCK|LUBBOCK|33.5552|-101.9057||43RD STREET
1273,LUBBOCK,LUBBOCK,33.5552,-101.9162,,43RD STREET,4152.0,4753.0,601.0,33.5552,-101.9162,LUBBOCK|LUBBOCK|33.5552|-101.9162||43RD STREET
1274,LUBBOCK,LUBBOCK,33.5552,-101.9224,43RD STREET,SLIDE ROAD,4152.0,3127.0,-1025.0,33.5552,-101.9224,LUBBOCK|LUBBOCK|33.5552|-101.9224|43RD STREET|SLIDE ROAD
1275,LUBBOCK,LUBBOCK,33.5552,-101.9404,,SL0289,4152.0,6131.0,1979.0,33.5552,-101.9404,LUBBOCK|LUBBOCK|33.5552|-101.9404||SL0289
1276,LUBBOCK,LUBBOCK,33.5553,-101.8570,,43RD STREET,4152.0,4793.0,641.0,33.5553,-101.857,LUBBOCK|LUBBOCK|33.5553|-101.8570||43RD STREET
1277,LUBBOCK,LUBBOCK,33.5553,-101.8964,43RD STREET,MEMPHIS AVENUE,4152.0,5321.0,1169.0,33.5553,-101.8964,LUBBOCK|LUBBOCK|33.5553|-101.8964|43RD STREET|MEMPHIS AVENUE
1278,LUBBOCK,LUBBOCK,33.5559,-101.8554,IH0027,US0084,2031.5,454.0,-1577.5,33.5559,-101.8554,LUBBOCK|LUBBOCK|33.5559|-101.8554|IH0027|US0084
1279,LUBBOCK,LUBBOCK,33.5559,-101.9566,,MILWAUKEE AVENUE,4152.0,1600.0,-2552.0,33.5559,-101.9566,LUBBOCK|LUBBOCK|33.5559|-101.9566||MILWAUKEE AVENUE
1280,LUBBOCK,LUBBOCK,33.5561,-101.8357,42ND STREET,AVENUE A,2031.5,364.0,-1667.5,33.5561,-101.8357,LUBBOCK|LUBBOCK|33.5561|-101.8357|42ND STREET|AVENUE A
1281,LUBBOCK,LUBBOCK,33.5561,-101.8450,,IH0027,4152.0,5889.0,1737.0,33.5561,-101.845,LUBBOCK|LUBBOCK|33.5561|-101.8450||IH0027
1282,LUBBOCK,LUBBOCK,33.5561,-101.8456,,42ND STREET,4152.0,1945.0,-2207.0,33.5561,-101.8456,LUBBOCK|LUBBOCK|33.5561|-101.8456||42ND STREET
1283,LUBBOCK,LUBBOCK,33.5561,-101.8490,42ND STREET,AVENUE L,390.5,196.0,-194.5,33.5561,-101.849,LUBBOCK|LUBBOCK|33.5561|-101.8490|42ND STREET|AVENUE L
1284,LUBBOCK,LUBBOCK,33.5561,-101.8531,,42ND STREET,4152.0,1551.0,-2601.0,33.5561,-101.8531,LUBBOCK|LUBBOCK|33.5561|-101.8531||42ND STREET
1285,LUBBOCK,LUBBOCK,33.5561,-101.8796,,42ND STREET,4152.0,4758.0,606.0,33.5561,-101.8796,LUBBOCK|LUBBOCK|33.5561|-101.8796||42ND STREET
1286,LUBBOCK,LUBBOCK,33.5561,-101.8899,42ND STREET,JOLIET AVENUE,4152.0,5080.0,928.0,33.5561,-101.8899,LUBBOCK|LUBBOCK|33.5561|-101.8899|42ND STREET|JOLIET AVENUE
1287,LUBBOCK,LUBBOCK,33.5561,-101.8902,,42ND STREET,4152.0,5366.0,1214.0,33.5561,-101.8902,LUBBOCK|LUBBOCK|33.5561|-101.8902||42ND STREET
1288,LUBBOCK,LUBBOCK,33.5561,-101.9051,42ND STREET,QUAKER AVENUE,669.0,111.0,-558.0,33.5561,-101.9051,LUBBOCK|LUBBOCK|33.5561|-101.9051|42ND STREET|QUAKER AVENUE
1289,LUBBOCK,LUBBOCK,33.5561,-101.9057,,42ND STREET,4152.0,5019.0,867.0,33.5561,-101.9057,LUBBOCK|LUBBOCK|33.5561|-101.9057||42ND STREET
1290,LUBBOCK,LUBBOCK,33.5561,-101.9225,42ND STREET,SLIDE ROAD,4152.0,2569.0,-1583.0,33.5561,-101.9225,LUBBOCK|LUBBOCK|33.5561|-101.9225|42ND STREET|SLIDE ROAD
1291,LUBBOCK,LUBBOCK,33.5561,-101.9241,,42ND STREET,4152.0,1400.0,-2752.0,33.5561,-101.9241,LUBBOCK|LUBBOCK|33.5561|-101.9241||42ND STREET
1292,LUBBOCK,LUBBOCK,33.5561,-101.9267,,42ND STREET,4152.0,3511.0,-641.0,33.5561,-101.9267,LUBBOCK|LUBBOCK|33.5561|-101.9267||42ND STREET
1293,LUBBOCK,LUBBOCK,33.5562,-101.8921,42ND STREET,KNOXVILLE AVENUE,390.5,163.0,-227.5,33.5562,-101.8921,LUBBOCK|LUBBOCK|33.5562|-101.8921|42ND STREET|KNOXVILLE AVENUE
1294,LUBBOCK,LUBBOCK,33.5562,-101.8964,42ND STREET,MEMPHIS AVENUE,4152.0,2919.0,-1233.0,33.5562,-101.8964,LUBBOCK|LUBBOCK|33.5562|-101.8964|42ND STREET|MEMPHIS AVENUE
1295,LUBBOCK,LUBBOCK,33.5562,-101.9417,43RD STREET,SL0289,4152.0,1599.0,-2553.0,33.5562,-101.9417,LUBBOCK|LUBBOCK|33.5562|-101.9417|43RD STREET|SL0289
1296,LUBBOCK,LUBBOCK,33.5562,-101.9496,43RD STREET,IRONTON AVENUE,4152.0,2083.0,-2069.0,33.5562,-101.9496,LUBBOCK|LUBBOCK|33.5562|-101.9496|43RD STREET|IRONTON AVENUE
1297,LUBBOCK,LUBBOCK,33.5562,-101.9566,43RD STREET,MILWAUKEE AVENUE,669.0,106.0,-563.0,33.5562,-101.9566,LUBBOCK|LUBBOCK|33.5562|-101.9566|43RD STREET|MILWAUKEE AVENUE
1298,LUBBOCK,LUBBOCK,33.5566,-101.8150,,E 40TH STREET,4152.0,5150.0,998.0,33.5566,-101.815,LUBBOCK|LUBBOCK|33.5566|-101.8150||E 40TH STREET
1299,LUBBOCK,LUBBOCK,33.5566,-101.9340,,US0062,4152.0,6031.0,1879.0,33.5566,-101.934,LUBBOCK|LUBBOCK|33.5566|-101.9340||US0062
1300,LUBBOCK,LUBBOCK,33.5568,-101.8450,,IH0027,4152.0,5987.0,1835.0,33.5568,-101.845,LUBBOCK|LUBBOCK|33.5568|-101.8450||IH0027
1301,LUBBOCK,LUBBOCK,33.5568,-101.8554,US0062,US0084,4152.0,3821.0,-331.0,33.5568,-101.8554,LUBBOCK|LUBBOCK|33.5568|-101.8554|US0062|US0084
1302,LUBBOCK,LUBBOCK,33.5568,-101.9051,,QUAKER AVENUE,4152.0,3626.0,-526.0,33.5568,-101.9051,LUBBOCK|LUBBOCK|33.5568|-101.9051||QUAKER AVENUE
1303,LUBBOCK,LUBBOCK,33.5569,-101.8554,,US0084,390.5,5687.0,5296.5,33.5569,-101.8554,LUBBOCK|LUBBOCK|33.5569|-101.8554||US0084
1304,LUBBOCK,LUBBOCK,33.5569,-101.9411,41ST STREET,SL0289,4152.0,6058.0,1906.0,33.5569,-101.9411,LUBBOCK|LUBBOCK|33.5569|-101.9411|41ST STREET|SL0289
1305,LUBBOCK,LUBBOCK,33.5570,-101.8915,,41ST STREET,4152.0,3129.0,-1023.0,33.557,-101.8915,LUBBOCK|LUBBOCK|33.5570|-101.8915||41ST STREET
1306,LUBBOCK,LUBBOCK,33.5570,-101.9202,41ST STREET,YORK AVENUE,4152.0,4394.0,242.0,33.557,-101.9202,LUBBOCK|LUBBOCK|33.5570|-101.9202|41ST STREET|YORK AVENUE
1307,LUBBOCK,LUBBOCK,33.5570,-101.9225,,SLIDE ROAD,4152.0,4861.0,709.0,33.557,-101.9225,LUBBOCK|LUBBOCK|33.5570|-101.9225||SLIDE ROAD
1308,LUBBOCK,LUBBOCK,33.5575,-101.9414,SH0114,SL0289,390.5,6103.0,5712.5,33.5575,-101.9414,LUBBOCK|LUBBOCK|33.5575|-101.9414|SH0114|SL0289
1309,LUBBOCK,LUBBOCK,33.5578,-101.8417,,40TH STREET,1312.0,5426.0,4114.0,33.5578,-101.8417,LUBBOCK|LUBBOCK|33.5578|-101.8417||40TH STREET
1310,LUBBOCK,LUBBOCK,33.5578,-101.9051,40TH STREET,QUAKER AVENUE,4152.0,1667.0,-2485.0,33.5578,-101.9051,LUBBOCK|LUBBOCK|33.5578|-101.9051|40TH STREET|QUAKER AVENUE
1311,LUBBOCK,LUBBOCK,33.5578,-101.9051,QUAKER AVENUE,QUAKER AVENUE,390.5,5135.0,4744.5,33.5578,-101.9051,LUBBOCK|LUBBOCK|33.5578|-101.9051|QUAKER AVENUE|QUAKER AVENUE
1312,LUBBOCK,LUBBOCK,33.5579,-101.8184,MARTIN LUTHER KING JR BOULEVARD,MARTIN LUTHER KING JR BOULEVARD,4152.0,4085.0,-67.0,33.5579,-101.8184,LUBBOCK|LUBBOCK|33.5579|-101.8184|MARTIN LUTHER KING JR BOULEVARD|MARTIN LUTHER KING JR BOULEVARD
1313,LUBBOCK,LUBBOCK,33.5579,-101.8290,E 40TH STREET,GLOBE AVENUE,1312.0,4661.0,3349.0,33.5579,-101.829,LUBBOCK|LUBBOCK|33.5579|-101.8290|E 40TH STREET|GLOBE AVENUE
1314,LUBBOCK,LUBBOCK,33.5579,-101.8617,40TH STREET,AVENUE U,4152.0,3096.0,-1056.0,33.5579,-101.8617,LUBBOCK|LUBBOCK|33.5579|-101.8617|40TH STREET|AVENUE U
1315,LUBBOCK,LUBBOCK,33.5579,-101.8684,40TH STREET,AVENUE X,4152.0,5403.0,1251.0,33.5579,-101.8684,LUBBOCK|LUBBOCK|33.5579|-101.8684|40TH STREET|AVENUE X
1316,LUBBOCK,LUBBOCK,33.5579,-101.8748,40TH STREET,BOSTON AVENUE,4152.0,3058.0,-1094.0,33.5579,-101.8748,LUBBOCK|LUBBOCK|33.5579|-101.8748|40TH STREET|BOSTON AVENUE
1317,LUBBOCK,LUBBOCK,33.5579,-101.8812,40TH STREET,FLINT AVENUE,4152.0,5313.0,1161.0,33.5579,-101.8812,LUBBOCK|LUBBOCK|33.5579|-101.8812|40TH STREET|FLINT AVENUE
1318,LUBBOCK,LUBBOCK,33.5579,-101.9225,SLIDE ROAD,SLIDE ROAD,4152.0,1415.0,-2737.0,33.5579,-101.9225,LUBBOCK|LUBBOCK|33.5579|-101.9225|SLIDE ROAD|SLIDE ROAD
1319,LUBBOCK,LUBBOCK,33.5579,-101.9261,,40TH STREET,4152.0,2878.0,-1274.0,33.5579,-101.9261,LUBBOCK|LUBBOCK|33.5579|-101.9261||40TH STREET
1320,LUBBOCK,LUBBOCK,33.5579,-101.9290,,40TH STREET,4152.0,4770.0,618.0,33.5579,-101.929,LUBBOCK|LUBBOCK|33.5579|-101.9290||40TH STREET
1321,LUBBOCK,LUBBOCK,33.5580,-101.8617,,AVENUE U,4152.0,1441.0,-2711.0,33.558,-101.8617,LUBBOCK|LUBBOCK|33.5580|-101.8617||AVENUE U
1322,LUBBOCK,LUBBOCK,33.5580,-101.8964,40TH STREET,MEMPHIS AVENUE,4152.0,2349.0,-1803.0,33.558,-101.8964,LUBBOCK|LUBBOCK|33.5580|-101.8964|40TH STREET|MEMPHIS AVENUE
1323,LUBBOCK,LUBBOCK,33.5581,-101.8450,,IH0027,4152.0,5969.0,1817.0,33.5581,-101.845,LUBBOCK|LUBBOCK|33.5581|-101.8450||IH0027
1324,LUBBOCK,LUBBOCK,33.5581,-101.8554,US0062,US0084,4152.0,5231.0,1079.0,33.5581,-101.8554,LUBBOCK|LUBBOCK|33.5581|-101.8554|US0062|US0084
1325,LUBBOCK,LUBBOCK,33.5582,-101.8554,,US0084,4152.0,4926.0,774.0,33.5582,-101.8554,LUBBOCK|LUBBOCK|33.5582|-101.8554||US0084
1326,LUBBOCK,LUBBOCK,33.5584,-101.9315,,US0062,4152.0,5982.0,1830.0,33.5584,-101.9315,LUBBOCK|LUBBOCK|33.5584|-101.9315||US0062
1327,LUBBOCK,LUBBOCK,33.5587,-101.8184,,MARTIN LUTHER KING JR BOULEVARD,4152.0,3667.0,-485.0,33.5587,-101.8184,LUBBOCK|LUBBOCK|33.5587|-101.8184||MARTIN LUTHER KING JR BOULEVARD
1328,LUBBOCK,LUBBOCK,33.5588,-101.8136,,FM 835,390.5,3279.0,2888.5,33.5588,-101.8136,LUBBOCK|LUBBOCK|33.5588|-101.8136||FM 835
1329,LUBBOCK,LUBBOCK,33.5588,-101.8363,,39TH STREET,4152.0,3383.0,-769.0,33.5588,-101.8363,LUBBOCK|LUBBOCK|33.5588|-101.8363||39TH STREET
1330,LUBBOCK,LUBBOCK,33.5588,-101.8496,,39TH STREET,4152.0,2551.0,-1601.0,33.5588,-101.8496,LUBBOCK|LUBBOCK|33.5588|-101.8496||39TH STREET
1331,LUBBOCK,LUBBOCK,33.5588,-101.8513,,39TH STREET,1312.0,3593.0,2281.0,33.5588,-101.8513,LUBBOCK|LUBBOCK|33.5588|-101.8513||39TH STREET
1332,LUBBOCK,LUBBOCK,33.5588,-101.8596,39TH STREET,AVENUE T,4152.0,3167.0,-985.0,33.5588,-101.8596,LUBBOCK|LUBBOCK|33.5588|-101.8596|39TH STREET|AVENUE T
1333,LUBBOCK,LUBBOCK,33.5588,-101.8617,,AVENUE U,1312.0,3091.0,1779.0,33.5588,-101.8617,LUBBOCK|LUBBOCK|33.5588|-101.8617||AVENUE U
1334,LUBBOCK,LUBBOCK,33.5588,-101.9225,39TH STREET,SLIDE ROAD,4152.0,3223.0,-929.0,33.5588,-101.9225,LUBBOCK|LUBBOCK|33.5588|-101.9225|39TH STREET|SLIDE ROAD
1335,LUBBOCK,LUBBOCK,33.5588,-101.9566,38TH STREET,MILWAUKEE AVENUE,4152.0,3008.0,-1144.0,33.5588,-101.9566,LUBBOCK|LUBBOCK|33.5588|-101.9566|38TH STREET|MILWAUKEE AVENUE
1336,LUBBOCK,LUBBOCK,33.5590,-101.8184,,MARTIN LUTHER KING JR BOULEVARD,1312.0,2850.0,1538.0,33.559,-101.8184,LUBBOCK|LUBBOCK|33.5590|-101.8184||MARTIN LUTHER KING JR BOULEVARD
1337,LUBBOCK,LUBBOCK,33.5592,-101.8554,US0062,US0084,4152.0,4240.0,88.0,33.5592,-101.8554,LUBBOCK|LUBBOCK|33.5592|-101.8554|US0062|US0084
1338,LUBBOCK,LUBBOCK,33.5593,-101.8450,38TH STREET,IH0027,1312.0,5881.0,4569.0,33.5593,-101.845,LUBBOCK|LUBBOCK|33.5593|-101.8450|38TH STREET|IH0027
1339,LUBBOCK,LUBBOCK,33.5593,-101.9225,,SLIDE ROAD,4152.0,2508.0,-1644.0,33.5593,-101.9225,LUBBOCK|LUBBOCK|33.5593|-101.9225||SLIDE ROAD
1340,LUBBOCK,LUBBOCK,33.5594,-101.8450,,IH0027,390.5,5930.0,5539.5,33.5594,-101.845,LUBBOCK|LUBBOCK|33.5594|-101.8450||IH0027
1341,LUBBOCK,LUBBOCK,33.5594,-101.9301,,US0062,4152.0,5976.0,1824.0,33.5594,-101.9301,LUBBOCK|LUBBOCK|33.5594|-101.9301||US0062
1342,LUBBOCK,LUBBOCK,33.5596,-101.8554,,US0084,4152.0,5452.0,1300.0,33.5596,-101.8554,LUBBOCK|LUBBOCK|33.5596|-101.8554||US0084
1343,LUBBOCK,LUBBOCK,33.5596,-101.9026,,38TH STREET,4152.0,3405.0,-747.0,33.5596,-101.9026,LUBBOCK|LUBBOCK|33.5596|-101.9026||38TH STREET
1344,LUBBOCK,LUBBOCK,33.5597,-101.8490,38TH STREET,AVENUE L,2031.5,321.0,-1710.5,33.5597,-101.849,LUBBOCK|LUBBOCK|33.5597|-101.8490|38TH STREET|AVENUE L
1345,LUBBOCK,LUBBOCK,33.5597,-101.8509,38TH STREET,N AVENUE,4152.0,4435.0,283.0,33.5597,-101.8509,LUBBOCK|LUBBOCK|33.5597|-101.8509|38TH STREET|N AVENUE
1346,LUBBOCK,LUBBOCK,33.5597,-101.8531,38TH STREET,AVENUE P,99.0,188.0,89.0,33.5597,-101.8531,LUBBOCK|LUBBOCK|33.5597|-101.8531|38TH STREET|AVENUE P
1347,LUBBOCK,LUBBOCK,33.5597,-101.8554,38TH STREET,US0084,2031.5,495.0,-1536.5,33.5597,-101.8554,LUBBOCK|LUBBOCK|33.5597|-101.8554|38TH STREET|US0084
1348,LUBBOCK,LUBBOCK,33.5597,-101.8554,US0062,US0084,669.0,132.0,-537.0,33.5597,-101.8554,LUBBOCK|LUBBOCK|33.5597|-101.8554|US0062|US0084
1349,LUBBOCK,LUBBOCK,33.5597,-101.8574,S AVENUE,S AVENUE,4152.0,5387.0,1235.0,33.5597,-101.8574,LUBBOCK|LUBBOCK|33.5597|-101.8574|S AVENUE|S AVENUE
1350,LUBBOCK,LUBBOCK,33.5597,-101.8617,38TH STREET,AVENUE U,1312.0,3800.0,2488.0,33.5597,-101.8617,LUBBOCK|LUBBOCK|33.5597|-101.8617|38TH STREET|AVENUE U
1351,LUBBOCK,LUBBOCK,33.5597,-101.8639,38TH STREET,AVENUE V,4152.0,3490.0,-662.0,33.5597,-101.8639,LUBBOCK|LUBBOCK|33.5597|-101.8639|38TH STREET|AVENUE V
1352,LUBBOCK,LUBBOCK,33.5597,-101.8706,38TH STREET,UNIVERSITY AVENUE,4152.0,1416.0,-2736.0,33.5597,-101.8706,LUBBOCK|LUBBOCK|33.5597|-101.8706|38TH STREET|UNIVERSITY AVENUE
1353,LUBBOCK,LUBBOCK,33.5597,-101.8812,38TH STREET,FLINT AVENUE,1312.0,3471.0,2159.0,33.5597,-101.8812,LUBBOCK|LUBBOCK|33.5597|-101.8812|38TH STREET|FLINT AVENUE
1354,LUBBOCK,LUBBOCK,33.5597,-101.8839,,38TH STREET,4152.0,5110.0,958.0,33.5597,-101.8839,LUBBOCK|LUBBOCK|33.5597|-101.8839||38TH STREET
1355,LUBBOCK,LUBBOCK,33.5597,-101.8878,38TH STREET,INDIANA AVENUE,4152.0,4563.0,411.0,33.5597,-101.8878,LUBBOCK|LUBBOCK|33.5597|-101.8878|38TH STREET|INDIANA AVENUE
1356,LUBBOCK,LUBBOCK,33.5597,-101.8964,38TH STREET,MEMPHIS AVENUE,1312.0,3446.0,2134.0,33.5597,-101.8964,LUBBOCK|LUBBOCK|33.5597|-101.8964|38TH STREET|MEMPHIS AVENUE
1357,LUBBOCK,LUBBOCK,33.5597,-101.9072,38TH STREET,RALEIGH AVENUE,4152.0,1280.0,-2872.0,33.5597,-101.9072,LUBBOCK|LUBBOCK|33.5597|-101.9072|38TH STREET|RALEIGH AVENUE
1358,LUBBOCK,LUBBOCK,33.5597,-101.9137,38TH STREET,UTICA AVENUE,4152.0,4541.0,389.0,33.5597,-101.9137,LUBBOCK|LUBBOCK|33.5597|-101.9137|38TH STREET|UTICA AVENUE
1359,LUBBOCK,LUBBOCK,33.5597,-101.9159,VICKSBURG AVENUE,VICKSBURG AVENUE,4152.0,1640.0,-2512.0,33.5597,-101.9159,LUBBOCK|LUBBOCK|33.5597|-101.9159|VICKSBURG AVENUE|VICKSBURG AVENUE
1360,LUBBOCK,LUBBOCK,33.5597,-101.9181,WAYNE AVENUE,WAYNE AVENUE,390.5,1858.0,1467.5,33.5597,-101.9181,LUBBOCK|LUBBOCK|33.5597|-101.9181|WAYNE AVENUE|WAYNE AVENUE
1361,LUBBOCK,LUBBOCK,33.5597,-101.9196,,38TH STREET,4152.0,4382.0,230.0,33.5597,-101.9196,LUBBOCK|LUBBOCK|33.5597|-101.9196||38TH STREET
1362,LUBBOCK,LUBBOCK,33.5597,-101.9202,38TH STREET,YORK AVENUE,4152.0,3521.0,-631.0,33.5597,-101.9202,LUBBOCK|LUBBOCK|33.5597|-101.9202|38TH STREET|YORK AVENUE
1363,LUBBOCK,LUBBOCK,33.5597,-101.9225,38TH STREET,SLIDE ROAD,4152.0,2233.0,-1919.0,33.5597,-101.9225,LUBBOCK|LUBBOCK|33.5597|-101.9225|38TH STREET|SLIDE ROAD
1364,LUBBOCK,LUBBOCK,33.5597,-101.9225,,SLIDE ROAD,4152.0,4065.0,-87.0,33.5597,-101.9225,LUBBOCK|LUBBOCK|33.5597|-101.9225||SLIDE ROAD
1365,LUBBOCK,LUBBOCK,33.5598,-101.8554,US0062,US0084,2031.5,465.0,-1566.5,33.5598,-101.8554,LUBBOCK|LUBBOCK|33.5598|-101.8554|US0062|US0084
1366,LUBBOCK,LUBBOCK,33.5598,-101.8554,,US0084,4152.0,3046.0,-1106.0,33.5598,-101.8554,LUBBOCK|LUBBOCK|33.5598|-101.8554||US0084
1367,LUBBOCK,LUBBOCK,33.5600,-101.9225,,SLIDE ROAD,4152.0,1293.0,-2859.0,33.56,-101.9225,LUBBOCK|LUBBOCK|33.5600|-101.9225||SLIDE ROAD
1368,LUBBOCK,LUBBOCK,33.5604,-101.8184,,MARTIN LUTHER KING JR BOULEVARD,4152.0,5001.0,849.0,33.5604,-101.8184,LUBBOCK|LUBBOCK|33.5604|-101.8184||MARTIN LUTHER KING JR BOULEVARD
1369,LUBBOCK,LUBBOCK,33.5604,-101.9225,,SLIDE ROAD,4152.0,4652.0,500.0,33.5604,-101.9225,LUBBOCK|LUBBOCK|33.5604|-101.9225||SLIDE ROAD
1370,LUBBOCK,LUBBOCK,33.5606,-101.8509,37TH STREET,N AVENUE,4152.0,3333.0,-819.0,33.5606,-101.8509,LUBBOCK|LUBBOCK|33.5606|-101.8509|37TH STREET|N AVENUE
1371,LUBBOCK,LUBBOCK,33.5606,-101.8531,37TH STREET,AVENUE P,4152.0,3634.0,-518.0,33.5606,-101.8531,LUBBOCK|LUBBOCK|33.5606|-101.8531|37TH STREET|AVENUE P
1372,LUBBOCK,LUBBOCK,33.5606,-101.8661,37TH STREET,W AVENUE,4152.0,4686.0,534.0,33.5606,-101.8661,LUBBOCK|LUBBOCK|33.5606|-101.8661|37TH STREET|W AVENUE
1373,LUBBOCK,LUBBOCK,33.5606,-101.8812,37TH STREET,FLINT AVENUE,4152.0,1561.0,-2591.0,33.5606,-101.8812,LUBBOCK|LUBBOCK|33.5606|-101.8812|37TH STREET|FLINT AVENUE
1374,LUBBOCK,LUBBOCK,33.5606,-101.9051,37TH STREET,QUAKER AVENUE,4152.0,2696.0,-1456.0,33.5606,-101.9051,LUBBOCK|LUBBOCK|33.5606|-101.9051|37TH STREET|QUAKER AVENUE
1375,LUBBOCK,LUBBOCK,33.5607,-101.8812,,FLINT AVENUE,4152.0,1864.0,-2288.0,33.5607,-101.8812,LUBBOCK|LUBBOCK|33.5607|-101.8812||FLINT AVENUE
1376,LUBBOCK,LUBBOCK,33.5608,-101.9429,,SL0289,390.5,6059.0,5668.5,33.5608,-101.9429,LUBBOCK|LUBBOCK|33.5608|-101.9429||SL0289
1377,LUBBOCK,LUBBOCK,33.5609,-101.8358,37TH STREET,AVENUE A,1312.0,1960.0,648.0,33.5609,-101.8358,LUBBOCK|LUBBOCK|33.5609|-101.8358|37TH STREET|AVENUE A
1378,LUBBOCK,LUBBOCK,33.5610,-101.8184,,MARTIN LUTHER KING JR BOULEVARD,4152.0,1279.0,-2873.0,33.561,-101.8184,LUBBOCK|LUBBOCK|33.5610|-101.8184||MARTIN LUTHER KING JR BOULEVARD
1379,LUBBOCK,LUBBOCK,33.5610,-101.8409,,E AVENUE,4152.0,1614.0,-2538.0,33.561,-101.8409,LUBBOCK|LUBBOCK|33.5610|-101.8409||E AVENUE
1380,LUBBOCK,LUBBOCK,33.5614,-101.9016,36TH STREET,ORLANDO AVENUE,4152.0,2318.0,-1834.0,33.5614,-101.9016,LUBBOCK|LUBBOCK|33.5614|-101.9016|36TH STREET|ORLANDO AVENUE
1381,LUBBOCK,LUBBOCK,33.5615,-101.8554,,US0084,1312.0,3249.0,1937.0,33.5615,-101.8554,LUBBOCK|LUBBOCK|33.5615|-101.8554||US0084
1382,LUBBOCK,LUBBOCK,33.5615,-101.9051,36TH STREET,QUAKER AVENUE,4152.0,2787.0,-1365.0,33.5615,-101.9051,LUBBOCK|LUBBOCK|33.5615|-101.9051|36TH STREET|QUAKER AVENUE
1383,LUBBOCK,LUBBOCK,33.5615,-101.9159,36TH STREET,VICKSBURG AVENUE,4152.0,4004.0,-148.0,33.5615,-101.9159,LUBBOCK|LUBBOCK|33.5615|-101.9159|36TH STREET|VICKSBURG AVENUE
1384,LUBBOCK,LUBBOCK,33.5615,-101.9183,,36TH STREET,4152.0,3790.0,-362.0,33.5615,-101.9183,LUBBOCK|LUBBOCK|33.5615|-101.9183||36TH STREET
1385,LUBBOCK,LUBBOCK,33.5615,-101.9225,36TH STREET,SLIDE ROAD,4152.0,5054.0,902.0,33.5615,-101.9225,LUBBOCK|LUBBOCK|33.5615|-101.9225|36TH STREET|SLIDE ROAD
1386,LUBBOCK,LUBBOCK,33.5617,-101.9225,,SLIDE ROAD,4152.0,3083.0,-1069.0,33.5617,-101.9225,LUBBOCK|LUBBOCK|33.5617|-101.9225||SLIDE ROAD
1387,LUBBOCK,LUBBOCK,33.5619,-101.8361,36TH STREET,US0087,4152.0,1615.0,-2537.0,33.5619,-101.8361,LUBBOCK|LUBBOCK|33.5619|-101.8361|36TH STREET|US0087
1388,LUBBOCK,LUBBOCK,33.5619,-101.9527,35TH STREET,KEWANEE AVENUE,1312.0,5128.0,3816.0,33.5619,-101.9527,LUBBOCK|LUBBOCK|33.5619|-101.9527|35TH STREET|KEWANEE AVENUE
1389,LUBBOCK,LUBBOCK,33.5623,-101.8878,,INDIANA AVENUE,4152.0,4904.0,752.0,33.5623,-101.8878,LUBBOCK|LUBBOCK|33.5623|-101.8878||INDIANA AVENUE
1390,LUBBOCK,LUBBOCK,33.5624,-101.8450,,IH0027,4152.0,5886.0,1734.0,33.5624,-101.845,LUBBOCK|LUBBOCK|33.5624|-101.8450||IH0027
1391,LUBBOCK,LUBBOCK,33.5624,-101.8878,35TH STREET,INDIANA AVENUE,1312.0,4721.0,3409.0,33.5624,-101.8878,LUBBOCK|LUBBOCK|33.5624|-101.8878|35TH STREET|INDIANA AVENUE
1392,LUBBOCK,LUBBOCK,33.5624,-101.8921,35TH STREET,KNOXVILLE AVENUE,2031.5,406.0,-1625.5,33.5624,-101.8921,LUBBOCK|LUBBOCK|33.5624|-101.8921|35TH STREET|KNOXVILLE AVENUE
1393,LUBBOCK,LUBBOCK,33.5624,-101.9181,35TH STREET,WAYNE AVENUE,1312.0,2172.0,860.0,33.5624,-101.9181,LUBBOCK|LUBBOCK|33.5624|-101.9181|35TH STREET|WAYNE AVENUE
1394,LUBBOCK,LUBBOCK,33.5625,-101.9435,,SL0289,4152.0,6102.0,1950.0,33.5625,-101.9435,LUBBOCK|LUBBOCK|33.5625|-101.9435||SL0289
1395,LUBBOCK,LUBBOCK,33.5627,-101.9254,US0062,US0082,4152.0,6025.0,1873.0,33.5627,-101.9254,LUBBOCK|LUBBOCK|33.5627|-101.9254|US0062|US0082
1396,LUBBOCK,LUBBOCK,33.5630,-101.8191,,E 34TH STREET,4152.0,1496.0,-2656.0,33.563,-101.8191,LUBBOCK|LUBBOCK|33.5630|-101.8191||E 34TH STREET
1397,LUBBOCK,LUBBOCK,33.5630,-101.8450,,IH0027,4152.0,5879.0,1727.0,33.563,-101.845,LUBBOCK|LUBBOCK|33.5630|-101.8450||IH0027
1398,LUBBOCK,LUBBOCK,33.5630,-101.8878,,INDIANA AVENUE,4152.0,5202.0,1050.0,33.563,-101.8878,LUBBOCK|LUBBOCK|33.5630|-101.8878||INDIANA AVENUE
1399,LUBBOCK,LUBBOCK,33.5630,-101.9225,SLIDE ROAD,SLIDE ROAD,1312.0,2080.0,768.0,33.563,-101.9225,LUBBOCK|LUBBOCK|33.5630|-101.9225|SLIDE ROAD|SLIDE ROAD
1400,LUBBOCK,LUBBOCK,33.5631,-101.8184,,E 34TH STREET,390.5,3308.0,2917.5,33.5631,-101.8184,LUBBOCK|LUBBOCK|33.5631|-101.8184||E 34TH STREET
1401,LUBBOCK,LUBBOCK,33.5631,-101.8185,,MARTIN LUTHER KING JR BOULEVARD,4152.0,1664.0,-2488.0,33.5631,-101.8185,LUBBOCK|LUBBOCK|33.5631|-101.8185||MARTIN LUTHER KING JR BOULEVARD
1402,LUBBOCK,LUBBOCK,33.5631,-101.8450,,IH0027,4152.0,6011.0,1859.0,33.5631,-101.845,LUBBOCK|LUBBOCK|33.5631|-101.8450||IH0027
1403,LUBBOCK,LUBBOCK,33.5631,-101.8554,,US0084,2031.5,492.0,-1539.5,33.5631,-101.8554,LUBBOCK|LUBBOCK|33.5631|-101.8554||US0084
1404,LUBBOCK,LUBBOCK,33.5632,-101.8450,FM0835,IH0027,669.0,3498.0,2829.0,33.5632,-101.845,LUBBOCK|LUBBOCK|33.5632|-101.8450|FM0835|IH0027
1405,LUBBOCK,LUBBOCK,33.5632,-101.9938,,34TH STREET,1312.0,5057.0,3745.0,33.5632,-101.9938,LUBBOCK|LUBBOCK|33.5632|-101.9938||34TH STREET
1406,LUBBOCK,LUBBOCK,33.5633,-101.8450,E 34TH STREET,IH0027,669.0,358.0,-311.0,33.5633,-101.845,LUBBOCK|LUBBOCK|33.5633|-101.8450|E 34TH STREET|IH0027
1407,LUBBOCK,LUBBOCK,33.5633,-101.8450,FM0835,IH0027,135.5,446.0,310.5,33.5633,-101.845,LUBBOCK|LUBBOCK|33.5633|-101.8450|FM0835|IH0027
1408,LUBBOCK,LUBBOCK,33.5633,-101.8467,,34TH STREET,4152.0,3793.0,-359.0,33.5633,-101.8467,LUBBOCK|LUBBOCK|33.5633|-101.8467||34TH STREET
1409,LUBBOCK,LUBBOCK,33.5633,-101.8468,34TH STREET,34TH STREET,4152.0,4959.0,807.0,33.5633,-101.8468,LUBBOCK|LUBBOCK|33.5633|-101.8468|34TH STREET|34TH STREET
1410,LUBBOCK,LUBBOCK,33.5633,-101.8468,,34TH STREET,1312.0,2276.0,964.0,33.5633,-101.8468,LUBBOCK|LUBBOCK|33.5633|-101.8468||34TH STREET
1411,LUBBOCK,LUBBOCK,33.5633,-101.8469,,34TH STREET,390.5,2855.0,2464.5,33.5633,-101.8469,LUBBOCK|LUBBOCK|33.5633|-101.8469||34TH STREET
1412,LUBBOCK,LUBBOCK,33.5633,-101.8488,34TH STREET,AVENUE L,2031.5,333.0,-1698.5,33.5633,-101.8488,LUBBOCK|LUBBOCK|33.5633|-101.8488|34TH STREET|AVENUE L
1413,LUBBOCK,LUBBOCK,33.5633,-101.8506,34TH STREET,N AVENUE,4152.0,2286.0,-1866.0,33.5633,-101.8506,LUBBOCK|LUBBOCK|33.5633|-101.8506|34TH STREET|N AVENUE
1414,LUBBOCK,LUBBOCK,33.5633,-101.8531,34TH STREET,AVENUE P,2031.5,338.0,-1693.5,33.5633,-101.8531,LUBBOCK|LUBBOCK|33.5633|-101.8531|34TH STREET|AVENUE P
1415,LUBBOCK,LUBBOCK,33.5633,-101.8533,,34TH STREET,4152.0,2734.0,-1418.0,33.5633,-101.8533,LUBBOCK|LUBBOCK|33.5633|-101.8533||34TH STREET
1416,LUBBOCK,LUBBOCK,33.5633,-101.8554,34TH STREET,AVENUE Q,4152.0,3030.0,-1122.0,33.5633,-101.8554,LUBBOCK|LUBBOCK|33.5633|-101.8554|34TH STREET|AVENUE Q
1417,LUBBOCK,LUBBOCK,33.5633,-101.8554,34TH STREET,US0084,1312.0,213.0,-1099.0,33.5633,-101.8554,LUBBOCK|LUBBOCK|33.5633|-101.8554|34TH STREET|US0084
1418,LUBBOCK,LUBBOCK,33.5633,-101.8554,US0062,US0084,32.0,20.0,-12.0,33.5633,-101.8554,LUBBOCK|LUBBOCK|33.5633|-101.8554|US0062|US0084
1419,LUBBOCK,LUBBOCK,33.5633,-101.8575,34TH STREET,S AVENUE,2031.5,339.0,-1692.5,33.5633,-101.8575,LUBBOCK|LUBBOCK|33.5633|-101.8575|34TH STREET|S AVENUE
1420,LUBBOCK,LUBBOCK,33.5633,-101.8576,34TH STREET,S AVENUE,1312.0,1951.0,639.0,33.5633,-101.8576,LUBBOCK|LUBBOCK|33.5633|-101.8576|34TH STREET|S AVENUE
1421,LUBBOCK,LUBBOCK,33.5633,-101.8577,34TH STREET,S AVENUE,4152.0,4126.0,-26.0,33.5633,-101.8577,LUBBOCK|LUBBOCK|33.5633|-101.8577|34TH STREET|S AVENUE
1422,LUBBOCK,LUBBOCK,33.5633,-101.8608,34TH STREET,AVENUE U,2031.5,311.0,-1720.5,33.5633,-101.8608,LUBBOCK|LUBBOCK|33.5633|-101.8608|34TH STREET|AVENUE U
1423,LUBBOCK,LUBBOCK,33.5633,-101.8649,,34TH STREET,1312.0,3960.0,2648.0,33.5633,-101.8649,LUBBOCK|LUBBOCK|33.5633|-101.8649||34TH STREET
1424,LUBBOCK,LUBBOCK,33.5633,-101.8650,,34TH STREET,4152.0,1392.0,-2760.0,33.5633,-101.865,LUBBOCK|LUBBOCK|33.5633|-101.8650||34TH STREET
1425,LUBBOCK,LUBBOCK,33.5633,-101.8674,,34TH STREET,2031.5,448.0,-1583.5,33.5633,-101.8674,LUBBOCK|LUBBOCK|33.5633|-101.8674||34TH STREET
1426,LUBBOCK,LUBBOCK,33.5633,-101.8704,34TH STREET,UNIVERSITY AVENUE,4152.0,1754.0,-2398.0,33.5633,-101.8704,LUBBOCK|LUBBOCK|33.5633|-101.8704|34TH STREET|UNIVERSITY AVENUE
1427,LUBBOCK,LUBBOCK,33.5633,-101.8705,34TH STREET,UNIVERSITY AVENUE,4152.0,3061.0,-1091.0,33.5633,-101.8705,LUBBOCK|LUBBOCK|33.5633|-101.8705|34TH STREET|UNIVERSITY AVENUE
1428,LUBBOCK,LUBBOCK,33.5633,-101.8706,34TH STREET,UNIVERSITY AVENUE,669.0,104.0,-565.0,33.5633,-101.8706,LUBBOCK|LUBBOCK|33.5633|-101.8706|34TH STREET|UNIVERSITY AVENUE
1429,LUBBOCK,LUBBOCK,33.5633,-101.8725,34TH STREET,AKRON AVENUE,4152.0,1291.0,-2861.0,33.5633,-101.8725,LUBBOCK|LUBBOCK|33.5633|-101.8725|34TH STREET|AKRON AVENUE
1430,LUBBOCK,LUBBOCK,33.5633,-101.8751,34TH STREET,BOSTON AVENUE,4152.0,4411.0,259.0,33.5633,-101.8751,LUBBOCK|LUBBOCK|33.5633|-101.8751|34TH STREET|BOSTON AVENUE
1431,LUBBOCK,LUBBOCK,33.5633,-101.8752,34TH STREET,BOSTON AVENUE,669.0,124.0,-545.0,33.5633,-101.8752,LUBBOCK|LUBBOCK|33.5633|-101.8752|34TH STREET|BOSTON AVENUE
1432,LUBBOCK,LUBBOCK,33.5633,-101.8763,34TH STREET,CANTON AVENUE,4152.0,1636.0,-2516.0,33.5633,-101.8763,LUBBOCK|LUBBOCK|33.5633|-101.8763|34TH STREET|CANTON AVENUE
1433,LUBBOCK,LUBBOCK,33.5633,-101.8786,,34TH STREET,1312.0,4757.0,3445.0,33.5633,-101.8786,LUBBOCK|LUBBOCK|33.5633|-101.8786||34TH STREET
1434,LUBBOCK,LUBBOCK,33.5633,-101.8789,34TH STREET,ELGIN AVENUE,4152.0,3432.0,-720.0,33.5633,-101.8789,LUBBOCK|LUBBOCK|33.5633|-101.8789|34TH STREET|ELGIN AVENUE
1435,LUBBOCK,LUBBOCK,33.5633,-101.8791,34TH STREET,ELGIN AVENUE,4152.0,1329.0,-2823.0,33.5633,-101.8791,LUBBOCK|LUBBOCK|33.5633|-101.8791|34TH STREET|ELGIN AVENUE
1436,LUBBOCK,LUBBOCK,33.5633,-101.8793,,34TH STREET,4152.0,4533.0,381.0,33.5633,-101.8793,LUBBOCK|LUBBOCK|33.5633|-101.8793||34TH STREET
1437,LUBBOCK,LUBBOCK,33.5633,-101.8811,34TH STREET,FLINT AVENUE,4152.0,4135.0,-17.0,33.5633,-101.8811,LUBBOCK|LUBBOCK|33.5633|-101.8811|34TH STREET|FLINT AVENUE
1438,LUBBOCK,LUBBOCK,33.5633,-101.8812,34TH STREET,FLINT AVENUE,4152.0,4433.0,281.0,33.5633,-101.8812,LUBBOCK|LUBBOCK|33.5633|-101.8812|34TH STREET|FLINT AVENUE
1439,LUBBOCK,LUBBOCK,33.5633,-101.8834,34TH STREET,GARY AVENUE,4152.0,3761.0,-391.0,33.5633,-101.8834,LUBBOCK|LUBBOCK|33.5633|-101.8834|34TH STREET|GARY AVENUE
1440,LUBBOCK,LUBBOCK,33.5633,-101.8876,,34TH STREET,1312.0,2911.0,1599.0,33.5633,-101.8876,LUBBOCK|LUBBOCK|33.5633|-101.8876||34TH STREET
1441,LUBBOCK,LUBBOCK,33.5633,-101.8878,34TH STREET,INDIANA AVENUE,19.5,50.0,30.5,33.5633,-101.8878,LUBBOCK|LUBBOCK|33.5633|-101.8878|34TH STREET|INDIANA AVENUE
1442,LUBBOCK,LUBBOCK,33.5633,-101.8878,,34TH STREET,1312.0,4187.0,2875.0,33.5633,-101.8878,LUBBOCK|LUBBOCK|33.5633|-101.8878||34TH STREET
1443,LUBBOCK,LUBBOCK,33.5633,-101.8899,34TH STREET,JOLIET AVENUE,2031.5,350.0,-1681.5,33.5633,-101.8899,LUBBOCK|LUBBOCK|33.5633|-101.8899|34TH STREET|JOLIET AVENUE
1444,LUBBOCK,LUBBOCK,33.5633,-101.8902,,34TH STREET,4152.0,2574.0,-1578.0,33.5633,-101.8902,LUBBOCK|LUBBOCK|33.5633|-101.8902||34TH STREET
1445,LUBBOCK,LUBBOCK,33.5633,-101.8917,,34TH STREET,4152.0,4075.0,-77.0,33.5633,-101.8917,LUBBOCK|LUBBOCK|33.5633|-101.8917||34TH STREET
1446,LUBBOCK,LUBBOCK,33.5633,-101.8921,34TH STREET,KNOXVILLE AVENUE,4152.0,2997.0,-1155.0,33.5633,-101.8921,LUBBOCK|LUBBOCK|33.5633|-101.8921|34TH STREET|KNOXVILLE AVENUE
1447,LUBBOCK,LUBBOCK,33.5633,-101.8963,,34TH STREET,4152.0,4207.0,55.0,33.5633,-101.8963,LUBBOCK|LUBBOCK|33.5633|-101.8963||34TH STREET
1448,LUBBOCK,LUBBOCK,33.5633,-101.8964,34TH STREET,MEMPHIS AVENUE,4152.0,3977.0,-175.0,33.5633,-101.8964,LUBBOCK|LUBBOCK|33.5633|-101.8964|34TH STREET|MEMPHIS AVENUE
1449,LUBBOCK,LUBBOCK,33.5633,-101.8967,,34TH STREET,4152.0,1834.0,-2318.0,33.5633,-101.8967,LUBBOCK|LUBBOCK|33.5633|-101.8967||34TH STREET
1450,LUBBOCK,LUBBOCK,33.5633,-101.8992,,34TH STREET,4152.0,4266.0,114.0,33.5633,-101.8992,LUBBOCK|LUBBOCK|33.5633|-101.8992||34TH STREET
1451,LUBBOCK,LUBBOCK,33.5633,-101.9051,34TH STREET,QUAKER AVENUE,135.5,49.0,-86.5,33.5633,-101.9051,LUBBOCK|LUBBOCK|33.5633|-101.9051|34TH STREET|QUAKER AVENUE
1452,LUBBOCK,LUBBOCK,33.5633,-101.9051,,34TH STREET,4152.0,4565.0,413.0,33.5633,-101.9051,LUBBOCK|LUBBOCK|33.5633|-101.9051||34TH STREET
1453,LUBBOCK,LUBBOCK,33.5633,-101.9086,34TH STREET,SALEM AVENUE,2031.5,470.0,-1561.5,33.5633,-101.9086,LUBBOCK|LUBBOCK|33.5633|-101.9086|34TH STREET|SALEM AVENUE
1454,LUBBOCK,LUBBOCK,33.5633,-101.9086,,34TH STREET,1312.0,4548.0,3236.0,33.5633,-101.9086,LUBBOCK|LUBBOCK|33.5633|-101.9086||34TH STREET
1455,LUBBOCK,LUBBOCK,33.5633,-101.9094,SALEM AVENUE,SALEM AVENUE,4152.0,3133.0,-1019.0,33.5633,-101.9094,LUBBOCK|LUBBOCK|33.5633|-101.9094|SALEM AVENUE|SALEM AVENUE
1456,LUBBOCK,LUBBOCK,33.5633,-101.9103,34TH STREET,SALISBURY AVENUE,1312.0,5397.0,4085.0,33.5633,-101.9103,LUBBOCK|LUBBOCK|33.5633|-101.9103|34TH STREET|SALISBURY AVENUE
1457,LUBBOCK,LUBBOCK,33.5633,-101.9116,34TH STREET,TOLEDO AVENUE,4152.0,4286.0,134.0,33.5633,-101.9116,LUBBOCK|LUBBOCK|33.5633|-101.9116|34TH STREET|TOLEDO AVENUE
1458,LUBBOCK,LUBBOCK,33.5633,-101.9119,,34TH STREET,1312.0,1582.0,270.0,33.5633,-101.9119,LUBBOCK|LUBBOCK|33.5633|-101.9119||34TH STREET
1459,LUBBOCK,LUBBOCK,33.5633,-101.9159,34TH STREET,VICKSBURG AVENUE,4152.0,3461.0,-691.0,33.5633,-101.9159,LUBBOCK|LUBBOCK|33.5633|-101.9159|34TH STREET|VICKSBURG AVENUE
1460,LUBBOCK,LUBBOCK,33.5633,-101.9181,,34TH STREET,1312.0,5020.0,3708.0,33.5633,-101.9181,LUBBOCK|LUBBOCK|33.5633|-101.9181||34TH STREET
1461,LUBBOCK,LUBBOCK,33.5633,-101.9202,34TH STREET,YORK AVENUE,4152.0,2660.0,-1492.0,33.5633,-101.9202,LUBBOCK|LUBBOCK|33.5633|-101.9202|34TH STREET|YORK AVENUE
1462,LUBBOCK,LUBBOCK,33.5633,-101.9311,34TH STREET,CHICAGO AVENUE,4152.0,1895.0,-2257.0,33.5633,-101.9311,LUBBOCK|LUBBOCK|33.5633|-101.9311|34TH STREET|CHICAGO AVENUE
1463,LUBBOCK,LUBBOCK,33.5633,-101.9314,,34TH STREET,1312.0,2851.0,1539.0,33.5633,-101.9314,LUBBOCK|LUBBOCK|33.5633|-101.9314||34TH STREET
1464,LUBBOCK,LUBBOCK,33.5633,-101.9397,34TH STREET,FRANKFORD AVENUE,669.0,100.0,-569.0,33.5633,-101.9397,LUBBOCK|LUBBOCK|33.5633|-101.9397|34TH STREET|FRANKFORD AVENUE
1465,LUBBOCK,LUBBOCK,33.5633,-101.9414,,34TH STREET,4152.0,1517.0,-2635.0,33.5633,-101.9414,LUBBOCK|LUBBOCK|33.5633|-101.9414||34TH STREET
1466,LUBBOCK,LUBBOCK,33.5633,-101.9475,,34TH STREET,4152.0,4338.0,186.0,33.5633,-101.9475,LUBBOCK|LUBBOCK|33.5633|-101.9475||34TH STREET
1467,LUBBOCK,LUBBOCK,33.5633,-101.9477,,34TH STREET,4152.0,3428.0,-724.0,33.5633,-101.9477,LUBBOCK|LUBBOCK|33.5633|-101.9477||34TH STREET
1468,LUBBOCK,LUBBOCK,33.5633,-101.9480,34TH STREET,HYDEN AVENUE,4152.0,1353.0,-2799.0,33.5633,-101.948,LUBBOCK|LUBBOCK|33.5633|-101.9480|34TH STREET|HYDEN AVENUE
1469,LUBBOCK,LUBBOCK,33.5633,-101.9480,,34TH STREET,390.5,4199.0,3808.5,33.5633,-101.948,LUBBOCK|LUBBOCK|33.5633|-101.9480||34TH STREET
1470,LUBBOCK,LUBBOCK,33.5633,-101.9483,,34TH STREET,4152.0,1531.0,-2621.0,33.5633,-101.9483,LUBBOCK|LUBBOCK|33.5633|-101.9483||34TH STREET
1471,LUBBOCK,LUBBOCK,33.5633,-101.9486,,34TH STREET,4152.0,1906.0,-2246.0,33.5633,-101.9486,LUBBOCK|LUBBOCK|33.5633|-101.9486||34TH STREET
1472,LUBBOCK,LUBBOCK,33.5633,-101.9497,34TH STREET,IRONTON AVENUE,390.5,2685.0,2294.5,33.5633,-101.9497,LUBBOCK|LUBBOCK|33.5633|-101.9497|34TH STREET|IRONTON AVENUE
1473,LUBBOCK,LUBBOCK,33.5633,-101.9536,,34TH STREET,4152.0,3450.0,-702.0,33.5633,-101.9536,LUBBOCK|LUBBOCK|33.5633|-101.9536||34TH STREET
1474,LUBBOCK,LUBBOCK,33.5633,-101.9544,34TH STREET,LA SALLE AVENUE,2031.5,398.0,-1633.5,33.5633,-101.9544,LUBBOCK|LUBBOCK|33.5633|-101.9544|34TH STREET|LA SALLE AVENUE
1475,LUBBOCK,LUBBOCK,33.5633,-101.9569,34TH STREET,MILWAUKEE AVENUE,1312.0,157.0,-1155.0,33.5633,-101.9569,LUBBOCK|LUBBOCK|33.5633|-101.9569|34TH STREET|MILWAUKEE AVENUE
1476,LUBBOCK,LUBBOCK,33.5633,-101.9687,34TH STREET,ROCHESTER AVENUE,4152.0,3543.0,-609.0,33.5633,-101.9687,LUBBOCK|LUBBOCK|33.5633|-101.9687|34TH STREET|ROCHESTER AVENUE
1477,LUBBOCK,LUBBOCK,33.5633,-101.9744,34TH STREET,UPLAND AVENUE,4152.0,5377.0,1225.0,33.5633,-101.9744,LUBBOCK|LUBBOCK|33.5633|-101.9744|34TH STREET|UPLAND AVENUE
1478,LUBBOCK,LUBBOCK,33.5633,-101.9911,,34TH STREET,4152.0,4101.0,-51.0,33.5633,-101.9911,LUBBOCK|LUBBOCK|33.5633|-101.9911||34TH STREET
1479,LUBBOCK,LUBBOCK,33.5633,-101.9917,34TH STREET,ALCOVE AVENUE,4152.0,1670.0,-2482.0,33.5633,-101.9917,LUBBOCK|LUBBOCK|33.5633|-101.9917|34TH STREET|ALCOVE AVENUE
1480,LUBBOCK,LUBBOCK,33.5634,-101.8356,,FM 835,4152.0,2638.0,-1514.0,33.5634,-101.8356,LUBBOCK|LUBBOCK|33.5634|-101.8356||FM 835
1481,LUBBOCK,LUBBOCK,33.5634,-101.8359,34TH STREET,AVENUE A,4152.0,1287.0,-2865.0,33.5634,-101.8359,LUBBOCK|LUBBOCK|33.5634|-101.8359|34TH STREET|AVENUE A
1482,LUBBOCK,LUBBOCK,33.5634,-101.8391,,34TH STREET,4152.0,3969.0,-183.0,33.5634,-101.8391,LUBBOCK|LUBBOCK|33.5634|-101.8391||34TH STREET
1483,LUBBOCK,LUBBOCK,33.5634,-101.8432,,34TH STREET,390.5,2861.0,2470.5,33.5634,-101.8432,LUBBOCK|LUBBOCK|33.5634|-101.8432||34TH STREET
1484,LUBBOCK,LUBBOCK,33.5634,-101.8450,FM0835,IH0027,390.5,6005.0,5614.5,33.5634,-101.845,LUBBOCK|LUBBOCK|33.5634|-101.8450|FM0835|IH0027
1485,LUBBOCK,LUBBOCK,33.5634,-101.8466,34TH STREET,AVENUE J,4152.0,2651.0,-1501.0,33.5634,-101.8466,LUBBOCK|LUBBOCK|33.5634|-101.8466|34TH STREET|AVENUE J
1486,LUBBOCK,LUBBOCK,33.5634,-101.8554,US0062,US0084,2031.5,493.0,-1538.5,33.5634,-101.8554,LUBBOCK|LUBBOCK|33.5634|-101.8554|US0062|US0084
1487,LUBBOCK,LUBBOCK,33.5634,-101.8608,,AVENUE U,4152.0,2977.0,-1175.0,33.5634,-101.8608,LUBBOCK|LUBBOCK|33.5634|-101.8608||AVENUE U
1488,LUBBOCK,LUBBOCK,33.5634,-101.9243,,US0062,1312.0,6032.0,4720.0,33.5634,-101.9243,LUBBOCK|LUBBOCK|33.5634|-101.9243||US0062
1489,LUBBOCK,LUBBOCK,33.5634,-101.9252,34TH STREET,34TH STREET,4152.0,1623.0,-2529.0,33.5634,-101.9252,LUBBOCK|LUBBOCK|33.5634|-101.9252|34TH STREET|34TH STREET
1490,LUBBOCK,LUBBOCK,33.5634,-101.9438,,SL0289,4152.0,5958.0,1806.0,33.5634,-101.9438,LUBBOCK|LUBBOCK|33.5634|-101.9438||SL0289
1491,LUBBOCK,LUBBOCK,33.5634,-101.9440,,34TH STREET,4152.0,4942.0,790.0,33.5634,-101.944,LUBBOCK|LUBBOCK|33.5634|-101.9440||34TH STREET
1492,LUBBOCK,LUBBOCK,33.5634,-101.9444,34TH STREET,SL0289,4152.0,3135.0,-1017.0,33.5634,-101.9444,LUBBOCK|LUBBOCK|33.5634|-101.9444|34TH STREET|SL0289
1493,LUBBOCK,LUBBOCK,33.5634,-101.9450,,34TH STREET,4152.0,1550.0,-2602.0,33.5634,-101.945,LUBBOCK|LUBBOCK|33.5634|-101.9450||34TH STREET
1494,LUBBOCK,LUBBOCK,33.5634,-101.9569,,MILWAUKEE AVENUE,4152.0,2646.0,-1506.0,33.5634,-101.9569,LUBBOCK|LUBBOCK|33.5634|-101.9569||MILWAUKEE AVENUE
1495,LUBBOCK,LUBBOCK,33.5635,-101.9438,34TH STREET,SL0289,669.0,320.0,-349.0,33.5635,-101.9438,LUBBOCK|LUBBOCK|33.5635|-101.9438|34TH STREET|SL0289
1496,LUBBOCK,LUBBOCK,33.5635,-101.9438,SH0114,SL0289,4152.0,6015.0,1863.0,33.5635,-101.9438,LUBBOCK|LUBBOCK|33.5635|-101.9438|SH0114|SL0289
1497,LUBBOCK,LUBBOCK,33.5635,-101.9438,,SL0289,4152.0,6019.0,1867.0,33.5635,-101.9438,LUBBOCK|LUBBOCK|33.5635|-101.9438||SL0289
1498,LUBBOCK,LUBBOCK,33.5637,-101.9237,,US0062,4152.0,6024.0,1872.0,33.5637,-101.9237,LUBBOCK|LUBBOCK|33.5637|-101.9237||US0062
1499,LUBBOCK,LUBBOCK,33.5637,-101.9438,,SL0289,1312.0,548.0,-764.0,33.5637,-101.9438,LUBBOCK|LUBBOCK|33.5637|-101.9438||SL0289
1500,LUBBOCK,LUBBOCK,33.5638,-101.8450,,IH0027,4152.0,5953.0,1801.0,33.5638,-101.845,LUBBOCK|LUBBOCK|33.5638|-101.8450||IH0027
1501,LUBBOCK,LUBBOCK,33.5638,-101.9051,,QUAKER AVENUE,4152.0,3086.0,-1066.0,33.5638,-101.9051,LUBBOCK|LUBBOCK|33.5638|-101.9051||QUAKER AVENUE
1502,LUBBOCK,LUBBOCK,33.5640,-101.8167,,E 33RD STREET,4152.0,4722.0,570.0,33.564,-101.8167,LUBBOCK|LUBBOCK|33.5640|-101.8167||E 33RD STREET
1503,LUBBOCK,LUBBOCK,33.5640,-101.9439,,SL0289,2031.5,5379.0,3347.5,33.564,-101.9439,LUBBOCK|LUBBOCK|33.5640|-101.9439||SL0289
1504,LUBBOCK,LUBBOCK,33.5641,-101.8450,,IH0027,2031.5,5475.0,3443.5,33.5641,-101.845,LUBBOCK|LUBBOCK|33.5641|-101.8450||IH0027
1505,LUBBOCK,LUBBOCK,33.5641,-101.9229,US0062,US0082,4152.0,5971.0,1819.0,33.5641,-101.9229,LUBBOCK|LUBBOCK|33.5641|-101.9229|US0062|US0082
1506,LUBBOCK,LUBBOCK,33.5641,-101.9230,,US0062,4152.0,6040.0,1888.0,33.5641,-101.923,LUBBOCK|LUBBOCK|33.5641|-101.9230||US0062
1507,LUBBOCK,LUBBOCK,33.5641,-101.9439,,SL0289,4152.0,6014.0,1862.0,33.5641,-101.9439,LUBBOCK|LUBBOCK|33.5641|-101.9439||SL0289
1508,LUBBOCK,LUBBOCK,33.5641,-101.9744,,UPLAND AVENUE,4152.0,3409.0,-743.0,33.5641,-101.9744,LUBBOCK|LUBBOCK|33.5641|-101.9744||UPLAND AVENUE
1509,LUBBOCK,LUBBOCK,33.5642,-101.8450,,IH0027,390.5,5960.0,5569.5,33.5642,-101.845,LUBBOCK|LUBBOCK|33.5642|-101.8450||IH0027
1510,LUBBOCK,LUBBOCK,33.5643,-101.8812,,33RD STREET,4152.0,2214.0,-1938.0,33.5643,-101.8812,LUBBOCK|LUBBOCK|33.5643|-101.8812||33RD STREET
1511,LUBBOCK,LUBBOCK,33.5643,-101.9225,SLIDE ROAD,US0062,669.0,479.0,-190.0,33.5643,-101.9225,LUBBOCK|LUBBOCK|33.5643|-101.9225|SLIDE ROAD|US0062
1512,LUBBOCK,LUBBOCK,33.5643,-101.9225,,US0062,4152.0,6003.0,1851.0,33.5643,-101.9225,LUBBOCK|LUBBOCK|33.5643|-101.9225||US0062
1513,LUBBOCK,LUBBOCK,33.5644,-101.9224,US0062,US0082,75.0,5773.0,5698.0,33.5644,-101.9224,LUBBOCK|LUBBOCK|33.5644|-101.9224|US0062|US0082
1514,LUBBOCK,LUBBOCK,33.5646,-101.8450,E 34TH STREET,IH0027,4152.0,6017.0,1865.0,33.5646,-101.845,LUBBOCK|LUBBOCK|33.5646|-101.8450|E 34TH STREET|IH0027
1515,LUBBOCK,LUBBOCK,33.5646,-101.8553,,US0084,390.5,5745.0,5354.5,33.5646,-101.8553,LUBBOCK|LUBBOCK|33.5646|-101.8553||US0084
1516,LUBBOCK,LUBBOCK,33.5647,-101.9114,,TOLEDO AVENUE,4152.0,2118.0,-2034.0,33.5647,-101.9114,LUBBOCK|LUBBOCK|33.5647|-101.9114||TOLEDO AVENUE
1517,LUBBOCK,LUBBOCK,33.5648,-101.9440,,SL0289,4152.0,5917.0,1765.0,33.5648,-101.944,LUBBOCK|LUBBOCK|33.5648|-101.9440||SL0289
1518,LUBBOCK,LUBBOCK,33.5649,-101.9397,,FRANKFORD AVENUE,4152.0,2006.0,-2146.0,33.5649,-101.9397,LUBBOCK|LUBBOCK|33.5649|-101.9397||FRANKFORD AVENUE
1519,LUBBOCK,LUBBOCK,33.5650,-101.8553,32ND STREET,US0084,4152.0,5551.0,1399.0,33.565,-101.8553,LUBBOCK|LUBBOCK|33.5650|-101.8553|32ND STREET|US0084
1520,LUBBOCK,LUBBOCK,33.5650,-101.9051,,QUAKER AVENUE,1312.0,4822.0,3510.0,33.565,-101.9051,LUBBOCK|LUBBOCK|33.5650|-101.9051||QUAKER AVENUE
1521,LUBBOCK,LUBBOCK,33.5651,-101.8450,32ND STREET,IH0027,4152.0,5924.0,1772.0,33.5651,-101.845,LUBBOCK|LUBBOCK|33.5651|-101.8450|32ND STREET|IH0027
1522,LUBBOCK,LUBBOCK,33.5651,-101.8494,32ND STREET,AVENUE M,4152.0,3555.0,-597.0,33.5651,-101.8494,LUBBOCK|LUBBOCK|33.5651|-101.8494|32ND STREET|AVENUE M
1523,LUBBOCK,LUBBOCK,33.5651,-101.8880,32ND STREET,INDIANA AVENUE,2031.5,365.0,-1666.5,33.5651,-101.888,LUBBOCK|LUBBOCK|33.5651|-101.8880|32ND STREET|INDIANA AVENUE
1524,LUBBOCK,LUBBOCK,33.5651,-101.8942,,32ND STREET,4152.0,3749.0,-403.0,33.5651,-101.8942,LUBBOCK|LUBBOCK|33.5651|-101.8942||32ND STREET
1525,LUBBOCK,LUBBOCK,33.5651,-101.8986,32ND STREET,NASHVILLE AVENUE,4152.0,2590.0,-1562.0,33.5651,-101.8986,LUBBOCK|LUBBOCK|33.5651|-101.8986|32ND STREET|NASHVILLE AVENUE
1526,LUBBOCK,LUBBOCK,33.5651,-101.9056,,32ND STREET,4152.0,4287.0,135.0,33.5651,-101.9056,LUBBOCK|LUBBOCK|33.5651|-101.9056||32ND STREET
1527,LUBBOCK,LUBBOCK,33.5651,-101.9311,32ND STREET,CHICAGO AVENUE,4152.0,1355.0,-2797.0,33.5651,-101.9311,LUBBOCK|LUBBOCK|33.5651|-101.9311|32ND STREET|CHICAGO AVENUE
1528,LUBBOCK,LUBBOCK,33.5652,-101.8553,32ND STREET,US0084,4152.0,5668.0,1516.0,33.5652,-101.8553,LUBBOCK|LUBBOCK|33.5652|-101.8553|32ND STREET|US0084
1529,LUBBOCK,LUBBOCK,33.5652,-101.8964,,MEMPHIS AVENUE,4152.0,4703.0,551.0,33.5652,-101.8964,LUBBOCK|LUBBOCK|33.5652|-101.8964||MEMPHIS AVENUE
1530,LUBBOCK,LUBBOCK,33.5653,-101.8553,32ND STREET,US0084,2031.5,460.0,-1571.5,33.5653,-101.8553,LUBBOCK|LUBBOCK|33.5653|-101.8553|32ND STREET|US0084
1531,LUBBOCK,LUBBOCK,33.5653,-101.8630,32ND STREET,AVENUE V,4152.0,4202.0,50.0,33.5653,-101.863,LUBBOCK|LUBBOCK|33.5653|-101.8630|32ND STREET|AVENUE V
1532,LUBBOCK,LUBBOCK,33.5653,-101.8651,32ND STREET,W AVENUE,4152.0,5319.0,1167.0,33.5653,-101.8651,LUBBOCK|LUBBOCK|33.5653|-101.8651|32ND STREET|W AVENUE
1533,LUBBOCK,LUBBOCK,33.5653,-101.8656,,32ND STREET,1312.0,4943.0,3631.0,33.5653,-101.8656,LUBBOCK|LUBBOCK|33.5653|-101.8656||32ND STREET
1534,LUBBOCK,LUBBOCK,33.5653,-101.8812,32ND STREET,FLINT AVENUE,4152.0,2699.0,-1453.0,33.5653,-101.8812,LUBBOCK|LUBBOCK|33.5653|-101.8812|32ND STREET|FLINT AVENUE
1535,LUBBOCK,LUBBOCK,33.5653,-101.8842,,32ND STREET,1312.0,3829.0,2517.0,33.5653,-101.8842,LUBBOCK|LUBBOCK|33.5653|-101.8842||32ND STREET
1536,LUBBOCK,LUBBOCK,33.5655,-101.9242,,ABERDEEN AVENUE,4152.0,4961.0,809.0,33.5655,-101.9242,LUBBOCK|LUBBOCK|33.5655|-101.9242||ABERDEEN AVENUE
1537,LUBBOCK,LUBBOCK,33.5658,-101.8450,IH0027,US0062,1312.0,5986.0,4674.0,33.5658,-101.845,LUBBOCK|LUBBOCK|33.5658|-101.8450|IH0027|US0062
1538,LUBBOCK,LUBBOCK,33.5659,-101.8450,,IH0027,4152.0,5990.0,1838.0,33.5659,-101.845,LUBBOCK|LUBBOCK|33.5659|-101.8450||IH0027
1539,LUBBOCK,LUBBOCK,33.5659,-101.9051,,QUAKER AVENUE,1312.0,1549.0,237.0,33.5659,-101.9051,LUBBOCK|LUBBOCK|33.5659|-101.9051||QUAKER AVENUE
1540,LUBBOCK,LUBBOCK,33.5659,-101.9398,,FRANKFORD AVENUE,4152.0,4145.0,-7.0,33.5659,-101.9398,LUBBOCK|LUBBOCK|33.5659|-101.9398||FRANKFORD AVENUE
1541,LUBBOCK,LUBBOCK,33.5660,-101.8880,,INDIANA AVENUE,4152.0,4426.0,274.0,33.566,-101.888,LUBBOCK|LUBBOCK|33.5660|-101.8880||INDIANA AVENUE
1542,LUBBOCK,LUBBOCK,33.5661,-101.8834,31ST STREET,GARY AVENUE,4152.0,1881.0,-2271.0,33.5661,-101.8834,LUBBOCK|LUBBOCK|33.5661|-101.8834|31ST STREET|GARY AVENUE
1543,LUBBOCK,LUBBOCK,33.5661,-101.8856,HARTFORD AVENUE,HARTFORD AVENUE,4152.0,2399.0,-1753.0,33.5661,-101.8856,LUBBOCK|LUBBOCK|33.5661|-101.8856|HARTFORD AVENUE|HARTFORD AVENUE
1544,LUBBOCK,LUBBOCK,33.5661,-101.8880,31ST STREET,INDIANA AVENUE,4152.0,2661.0,-1491.0,33.5661,-101.888,LUBBOCK|LUBBOCK|33.5661|-101.8880|31ST STREET|INDIANA AVENUE
1545,LUBBOCK,LUBBOCK,33.5661,-101.9064,,31ST STREET,4152.0,5010.0,858.0,33.5661,-101.9064,LUBBOCK|LUBBOCK|33.5661|-101.9064||31ST STREET
1546,LUBBOCK,LUBBOCK,33.5661,-101.9441,,SL0289,2031.5,4874.0,2842.5,33.5661,-101.9441,LUBBOCK|LUBBOCK|33.5661|-101.9441||SL0289
1547,LUBBOCK,LUBBOCK,33.5662,-101.8630,,AVENUE V,4152.0,1477.0,-2675.0,33.5662,-101.863,LUBBOCK|LUBBOCK|33.5662|-101.8630||AVENUE V
1548,LUBBOCK,LUBBOCK,33.5662,-101.8726,31ST STREET,AKRON AVENUE,4152.0,4033.0,-119.0,33.5662,-101.8726,LUBBOCK|LUBBOCK|33.5662|-101.8726|31ST STREET|AKRON AVENUE
1549,LUBBOCK,LUBBOCK,33.5664,-101.8184,,MARTIN LUTHER KING JR BOULEVARD,4152.0,5156.0,1004.0,33.5664,-101.8184,LUBBOCK|LUBBOCK|33.5664|-101.8184||MARTIN LUTHER KING JR BOULEVARD
1550,LUBBOCK,LUBBOCK,33.5665,-101.8880,,INDIANA AVENUE,4152.0,1426.0,-2726.0,33.5665,-101.888,LUBBOCK|LUBBOCK|33.5665|-101.8880||INDIANA AVENUE
1551,LUBBOCK,LUBBOCK,33.5667,-101.9571,30TH STREET,MILWAUKEE AVENUE,4152.0,3366.0,-786.0,33.5667,-101.9571,LUBBOCK|LUBBOCK|33.5667|-101.9571|30TH STREET|MILWAUKEE AVENUE
1552,LUBBOCK,LUBBOCK,33.5669,-101.8466,30TH STREET,AVENUE J,4152.0,2307.0,-1845.0,33.5669,-101.8466,LUBBOCK|LUBBOCK|33.5669|-101.8466|30TH STREET|AVENUE J
1553,LUBBOCK,LUBBOCK,33.5669,-101.9277,,30TH STREET,4152.0,1672.0,-2480.0,33.5669,-101.9277,LUBBOCK|LUBBOCK|33.5669|-101.9277||30TH STREET
1554,LUBBOCK,LUBBOCK,33.5669,-101.9571,30TH STREET,MILWAUKEE AVENUE,1312.0,2854.0,1542.0,33.5669,-101.9571,LUBBOCK|LUBBOCK|33.5669|-101.9571|30TH STREET|MILWAUKEE AVENUE
1555,LUBBOCK,LUBBOCK,33.5670,-101.8487,,AVENUE K,4152.0,2688.0,-1464.0,33.567,-101.8487,LUBBOCK|LUBBOCK|33.5670|-101.8487||AVENUE K
1556,LUBBOCK,LUBBOCK,33.5670,-101.9175,,US0062,4152.0,6063.0,1911.0,33.567,-101.9175,LUBBOCK|LUBBOCK|33.5670|-101.9175||US0062
1557,LUBBOCK,LUBBOCK,33.5670,-101.9593,30TH STREET,MILWAUKEE AVENUE,1312.0,3982.0,2670.0,33.567,-101.9593,LUBBOCK|LUBBOCK|33.5670|-101.9593|30TH STREET|MILWAUKEE AVENUE
1558,LUBBOCK,LUBBOCK,33.5672,-101.8672,,AVENUE X,4152.0,4915.0,763.0,33.5672,-101.8672,LUBBOCK|LUBBOCK|33.5672|-101.8672||AVENUE X
1559,LUBBOCK,LUBBOCK,33.5672,-101.8707,UNIVERSITY AVENUE,UNIVERSITY AVENUE,390.5,4401.0,4010.5,33.5672,-101.8707,LUBBOCK|LUBBOCK|33.5672|-101.8707|UNIVERSITY AVENUE|UNIVERSITY AVENUE
1560,LUBBOCK,LUBBOCK,33.5672,-101.8727,,30TH STREET,4152.0,5302.0,1150.0,33.5672,-101.8727,LUBBOCK|LUBBOCK|33.5672|-101.8727||30TH STREET
1561,LUBBOCK,LUBBOCK,33.5673,-101.9224,29TH STREET,SLIDE ROAD,4152.0,3909.0,-243.0,33.5673,-101.9224,LUBBOCK|LUBBOCK|33.5673|-101.9224|29TH STREET|SLIDE ROAD
1562,LUBBOCK,LUBBOCK,33.5674,-101.9167,,US0062,4152.0,6049.0,1897.0,33.5674,-101.9167,LUBBOCK|LUBBOCK|33.5674|-101.9167||US0062
1563,LUBBOCK,LUBBOCK,33.5675,-101.9623,,OAKRIDGE AVENUE,4152.0,3386.0,-766.0,33.5675,-101.9623,LUBBOCK|LUBBOCK|33.5675|-101.9623||OAKRIDGE AVENUE
1564,LUBBOCK,LUBBOCK,33.5678,-101.8152,E 29TH STREET,TEAK AVENUE,1312.0,5260.0,3948.0,33.5678,-101.8152,LUBBOCK|LUBBOCK|33.5678|-101.8152|E 29TH STREET|TEAK AVENUE
1565,LUBBOCK,LUBBOCK,33.5678,-101.8967,29TH STREET,MEMPHIS AVENUE,4152.0,5335.0,1183.0,33.5678,-101.8967,LUBBOCK|LUBBOCK|33.5678|-101.8967|29TH STREET|MEMPHIS AVENUE
1566,LUBBOCK,LUBBOCK,33.5678,-101.9224,29TH STREET,SLIDE ROAD,4152.0,1386.0,-2766.0,33.5678,-101.9224,LUBBOCK|LUBBOCK|33.5678|-101.9224|29TH STREET|SLIDE ROAD
1567,LUBBOCK,LUBBOCK,33.5679,-101.8450,,IH0027,4152.0,5995.0,1843.0,33.5679,-101.845,LUBBOCK|LUBBOCK|33.5679|-101.8450||IH0027
1568,LUBBOCK,LUBBOCK,33.5679,-101.8531,29TH STREET,AVENUE P,4152.0,5042.0,890.0,33.5679,-101.8531,LUBBOCK|LUBBOCK|33.5679|-101.8531|29TH STREET|AVENUE P
1569,LUBBOCK,LUBBOCK,33.5679,-101.9571,29TH STREET,MILWAUKEE AVENUE,4152.0,2353.0,-1799.0,33.5679,-101.9571,LUBBOCK|LUBBOCK|33.5679|-101.9571|29TH STREET|MILWAUKEE AVENUE
1570,LUBBOCK,LUBBOCK,33.5680,-101.8054,,CANYON LAKE DRIVE,669.0,411.0,-258.0,33.568,-101.8054,LUBBOCK|LUBBOCK|33.5680|-101.8054||CANYON LAKE DRIVE
1571,LUBBOCK,LUBBOCK,33.5680,-101.8362,,US 87 BR,390.5,3781.0,3390.5,33.568,-101.8362,LUBBOCK|LUBBOCK|33.5680|-101.8362||US 87 BR
1572,LUBBOCK,LUBBOCK,33.5680,-101.8752,29TH STREET,BOSTON AVENUE,4152.0,4009.0,-143.0,33.568,-101.8752,LUBBOCK|LUBBOCK|33.5680|-101.8752|29TH STREET|BOSTON AVENUE
1573,LUBBOCK,LUBBOCK,33.5680,-101.9063,,29TH STREET,4152.0,4776.0,624.0,33.568,-101.9063,LUBBOCK|LUBBOCK|33.5680|-101.9063||29TH STREET
1574,LUBBOCK,LUBBOCK,33.5681,-101.8608,,AVENUE U,4152.0,4536.0,384.0,33.5681,-101.8608,LUBBOCK|LUBBOCK|33.5681|-101.8608||AVENUE U
1575,LUBBOCK,LUBBOCK,33.5682,-101.8608,29TH STREET,AVENUE U,4152.0,4462.0,310.0,33.5682,-101.8608,LUBBOCK|LUBBOCK|33.5682|-101.8608|29TH STREET|AVENUE U
1576,LUBBOCK,LUBBOCK,33.5682,-101.8651,,29TH STREET,4152.0,4138.0,-14.0,33.5682,-101.8651,LUBBOCK|LUBBOCK|33.5682|-101.8651||29TH STREET
1577,LUBBOCK,LUBBOCK,33.5684,-101.8362,,US 87 BR,390.5,3515.0,3124.5,33.5684,-101.8362,LUBBOCK|LUBBOCK|33.5684|-101.8362||US 87 BR
1578,LUBBOCK,LUBBOCK,33.5685,-101.8184,,MARTIN LUTHER KING JR BOULEVARD,4152.0,4255.0,103.0,33.5685,-101.8184,LUBBOCK|LUBBOCK|33.5685|-101.8184||MARTIN LUTHER KING JR BOULEVARD
1579,LUBBOCK,LUBBOCK,33.5686,-101.9051,,QUAKER AVENUE,4152.0,5329.0,1177.0,33.5686,-101.9051,LUBBOCK|LUBBOCK|33.5686|-101.9051||QUAKER AVENUE
1580,LUBBOCK,LUBBOCK,33.5686,-102.0091,,FM0179,4152.0,4183.0,31.0,33.5686,-102.0091,LUBBOCK|LUBBOCK|33.5686|-102.0091||FM0179
1581,LUBBOCK,LUBBOCK,33.5687,-101.8449,,IH0027,390.5,5890.0,5499.5,33.5687,-101.8449,LUBBOCK|LUBBOCK|33.5687|-101.8449||IH0027
1582,LUBBOCK,LUBBOCK,33.5687,-101.8813,,FLINT AVENUE,4152.0,1393.0,-2759.0,33.5687,-101.8813,LUBBOCK|LUBBOCK|33.5687|-101.8813||FLINT AVENUE
1583,LUBBOCK,LUBBOCK,33.5688,-101.8489,,28TH STREET,4152.0,3716.0,-436.0,33.5688,-101.8489,LUBBOCK|LUBBOCK|33.5688|-101.8489||28TH STREET
1584,LUBBOCK,LUBBOCK,33.5688,-101.8813,28TH STREET,FLINT AVENUE,4152.0,5428.0,1276.0,33.5688,-101.8813,LUBBOCK|LUBBOCK|33.5688|-101.8813|28TH STREET|FLINT AVENUE
1585,LUBBOCK,LUBBOCK,33.5688,-101.8834,28TH STREET,GARY AVENUE,4152.0,4810.0,658.0,33.5688,-101.8834,LUBBOCK|LUBBOCK|33.5688|-101.8834|28TH STREET|GARY AVENUE
1586,LUBBOCK,LUBBOCK,33.5688,-101.8856,HARTFORD AVENUE,HARTFORD AVENUE,4152.0,1337.0,-2815.0,33.5688,-101.8856,LUBBOCK|LUBBOCK|33.5688|-101.8856|HARTFORD AVENUE|HARTFORD AVENUE
1587,LUBBOCK,LUBBOCK,33.5689,-101.8448,,IH0027,4152.0,5956.0,1804.0,33.5689,-101.8448,LUBBOCK|LUBBOCK|33.5689|-101.8448||IH0027
1588,LUBBOCK,LUBBOCK,33.5689,-101.9129,,27TH STREET,4152.0,5281.0,1129.0,33.5689,-101.9129,LUBBOCK|LUBBOCK|33.5689|-101.9129||27TH STREET
1589,LUBBOCK,LUBBOCK,33.5689,-101.9426,,GENOA AVENUE,4152.0,4909.0,757.0,33.5689,-101.9426,LUBBOCK|LUBBOCK|33.5689|-101.9426||GENOA AVENUE
1590,LUBBOCK,LUBBOCK,33.5691,-101.8553,28TH STREET,US0084,1312.0,5531.0,4219.0,33.5691,-101.8553,LUBBOCK|LUBBOCK|33.5691|-101.8553|28TH STREET|US0084
1591,LUBBOCK,LUBBOCK,33.5691,-101.8553,US0062,US0084,4152.0,5134.0,982.0,33.5691,-101.8553,LUBBOCK|LUBBOCK|33.5691|-101.8553|US0062|US0084
1592,LUBBOCK,LUBBOCK,33.5691,-101.8651,28TH STREET,W AVENUE,4152.0,3552.0,-600.0,33.5691,-101.8651,LUBBOCK|LUBBOCK|33.5691|-101.8651|28TH STREET|W AVENUE
1593,LUBBOCK,LUBBOCK,33.5691,-101.8665,,28TH STREET,390.5,2530.0,2139.5,33.5691,-101.8665,LUBBOCK|LUBBOCK|33.5691|-101.8665||28TH STREET
1594,LUBBOCK,LUBBOCK,33.5691,-101.9051,,QUAKER AVENUE,390.5,1955.0,1564.5,33.5691,-101.9051,LUBBOCK|LUBBOCK|33.5691|-101.9051||QUAKER AVENUE
1595,LUBBOCK,LUBBOCK,33.5693,-101.9224,,SLIDE ROAD,390.5,1959.0,1568.5,33.5693,-101.9224,LUBBOCK|LUBBOCK|33.5693|-101.9224||SLIDE ROAD
1596,LUBBOCK,LUBBOCK,33.5694,-101.8073,,CANYON LAKE DRIVE,4152.0,1395.0,-2757.0,33.5694,-101.8073,LUBBOCK|LUBBOCK|33.5694|-101.8073||CANYON LAKE DRIVE
1597,LUBBOCK,LUBBOCK,33.5694,-101.8076,,CANYON LAKE DRIVE,4152.0,1627.0,-2525.0,33.5694,-101.8076,LUBBOCK|LUBBOCK|33.5694|-101.8076||CANYON LAKE DRIVE
1598,LUBBOCK,LUBBOCK,33.5696,-101.8903,,27TH STREET,4152.0,3512.0,-640.0,33.5696,-101.8903,LUBBOCK|LUBBOCK|33.5696|-101.8903||27TH STREET
1599,LUBBOCK,LUBBOCK,33.5697,-101.8417,27TH STREET,AVENUE F,4152.0,4119.0,-33.0,33.5697,-101.8417,LUBBOCK|LUBBOCK|33.5697|-101.8417|27TH STREET|AVENUE F
1600,LUBBOCK,LUBBOCK,33.5697,-101.8532,,AVENUE P,669.0,355.0,-314.0,33.5697,-101.8532,LUBBOCK|LUBBOCK|33.5697|-101.8532||AVENUE P
1601,LUBBOCK,LUBBOCK,33.5697,-101.9058,,27TH STREET,4152.0,2407.0,-1745.0,33.5697,-101.9058,LUBBOCK|LUBBOCK|33.5697|-101.9058||27TH STREET
1602,LUBBOCK,LUBBOCK,33.5698,-101.8553,,US0084,1312.0,5182.0,3870.0,33.5698,-101.8553,LUBBOCK|LUBBOCK|33.5698|-101.8553||US0084
1603,LUBBOCK,LUBBOCK,33.5698,-101.9311,,CHICAGO AVENUE,4152.0,4867.0,715.0,33.5698,-101.9311,LUBBOCK|LUBBOCK|33.5698|-101.9311||CHICAGO AVENUE
1604,LUBBOCK,LUBBOCK,33.5698,-101.9399,,FRANKFORD AVENUE,1312.0,1653.0,341.0,33.5698,-101.9399,LUBBOCK|LUBBOCK|33.5698|-101.9399||FRANKFORD AVENUE
1605,LUBBOCK,LUBBOCK,33.5701,-101.8553,27TH STREET,US0084,390.5,205.0,-185.5,33.5701,-101.8553,LUBBOCK|LUBBOCK|33.5701|-101.8553|27TH STREET|US0084
1606,LUBBOCK,LUBBOCK,33.5701,-101.8553,US0062,US0084,390.5,4089.0,3698.5,33.5701,-101.8553,LUBBOCK|LUBBOCK|33.5701|-101.8553|US0062|US0084
1607,LUBBOCK,LUBBOCK,33.5701,-101.8572,,27TH STREET,4152.0,2479.0,-1673.0,33.5701,-101.8572,LUBBOCK|LUBBOCK|33.5701|-101.8572||27TH STREET
1608,LUBBOCK,LUBBOCK,33.5701,-101.8608,27TH STREET,AVENUE U,1312.0,3208.0,1896.0,33.5701,-101.8608,LUBBOCK|LUBBOCK|33.5701|-101.8608|27TH STREET|AVENUE U
1609,LUBBOCK,LUBBOCK,33.5701,-101.8653,,27TH STREET,4152.0,3661.0,-491.0,33.5701,-101.8653,LUBBOCK|LUBBOCK|33.5701|-101.8653||27TH STREET
1610,LUBBOCK,LUBBOCK,33.5701,-101.9398,,FRANKFORD AVENUE,4152.0,1797.0,-2355.0,33.5701,-101.9398,LUBBOCK|LUBBOCK|33.5701|-101.9398||FRANKFORD AVENUE
1611,LUBBOCK,LUBBOCK,33.5702,-101.8488,,AVENUE L,4152.0,1608.0,-2544.0,33.5702,-101.8488,LUBBOCK|LUBBOCK|33.5702|-101.8488||AVENUE L
1612,LUBBOCK,LUBBOCK,33.5702,-101.8553,,US0084,390.5,5311.0,4920.5,33.5702,-101.8553,LUBBOCK|LUBBOCK|33.5702|-101.8553||US0084
1613,LUBBOCK,LUBBOCK,33.5702,-101.9744,,UPLAND AVENUE,4152.0,5071.0,919.0,33.5702,-101.9744,LUBBOCK|LUBBOCK|33.5702|-101.9744||UPLAND AVENUE
1614,LUBBOCK,LUBBOCK,33.5703,-101.8362,,AVENUE A,4152.0,2079.0,-2073.0,33.5703,-101.8362,LUBBOCK|LUBBOCK|33.5703|-101.8362||AVENUE A
1615,LUBBOCK,LUBBOCK,33.5704,-101.9224,,SLIDE ROAD,1312.0,4839.0,3527.0,33.5704,-101.9224,LUBBOCK|LUBBOCK|33.5704|-101.9224||SLIDE ROAD
1616,LUBBOCK,LUBBOCK,33.5705,-101.8897,,26TH STREET,4152.0,3553.0,-599.0,33.5705,-101.8897,LUBBOCK|LUBBOCK|33.5705|-101.8897||26TH STREET
1617,LUBBOCK,LUBBOCK,33.5705,-101.9441,,SL0289,1312.0,6000.0,4688.0,33.5705,-101.9441,LUBBOCK|LUBBOCK|33.5705|-101.9441||SL0289
1618,LUBBOCK,LUBBOCK,33.5706,-101.8444,,IH0027,1312.0,5921.0,4609.0,33.5706,-101.8444,LUBBOCK|LUBBOCK|33.5706|-101.8444||IH0027
1619,LUBBOCK,LUBBOCK,33.5706,-101.8755,,26TH STREET,4152.0,1966.0,-2186.0,33.5706,-101.8755,LUBBOCK|LUBBOCK|33.5706|-101.8755||26TH STREET
1620,LUBBOCK,LUBBOCK,33.5706,-101.9311,26TH STREET,CHICAGO AVENUE,4152.0,5015.0,863.0,33.5706,-101.9311,LUBBOCK|LUBBOCK|33.5706|-101.9311|26TH STREET|CHICAGO AVENUE
1621,LUBBOCK,LUBBOCK,33.5706,-101.9572,26TH STREET,MILWAUKEE AVENUE,2031.5,278.0,-1753.5,33.5706,-101.9572,LUBBOCK|LUBBOCK|33.5706|-101.9572|26TH STREET|MILWAUKEE AVENUE
1622,LUBBOCK,LUBBOCK,33.5709,-101.8300,E 26TH STREET,FIR AVENUE,4152.0,1888.0,-2264.0,33.5709,-101.83,LUBBOCK|LUBBOCK|33.5709|-101.8300|E 26TH STREET|FIR AVENUE
1623,LUBBOCK,LUBBOCK,33.5709,-101.8312,E 26TH STREET,ELM AVENUE,4152.0,5264.0,1112.0,33.5709,-101.8312,LUBBOCK|LUBBOCK|33.5709|-101.8312|E 26TH STREET|ELM AVENUE
1624,LUBBOCK,LUBBOCK,33.5709,-101.9441,,SL0289,4152.0,5943.0,1791.0,33.5709,-101.9441,LUBBOCK|LUBBOCK|33.5709|-101.9441||SL0289
1625,LUBBOCK,LUBBOCK,33.5710,-101.8184,E 26TH STREET,MARTIN L KING BOULEVARD,4152.0,1846.0,-2306.0,33.571,-101.8184,LUBBOCK|LUBBOCK|33.5710|-101.8184|E 26TH STREET|MARTIN L KING BOULEVARD
1626,LUBBOCK,LUBBOCK,33.5712,-101.8553,,US0084,1312.0,5660.0,4348.0,33.5712,-101.8553,LUBBOCK|LUBBOCK|33.5712|-101.8553||US0084
1627,LUBBOCK,LUBBOCK,33.5712,-101.9224,24TH STREET,SLIDE ROAD,4152.0,4454.0,302.0,33.5712,-101.9224,LUBBOCK|LUBBOCK|33.5712|-101.9224|24TH STREET|SLIDE ROAD
1628,LUBBOCK,LUBBOCK,33.5713,-101.8065,,CANYON LAKE DRIVE,4152.0,1922.0,-2230.0,33.5713,-101.8065,LUBBOCK|LUBBOCK|33.5713|-101.8065||CANYON LAKE DRIVE
1629,LUBBOCK,LUBBOCK,33.5713,-101.8553,,US0084,390.5,5352.0,4961.5,33.5713,-101.8553,LUBBOCK|LUBBOCK|33.5713|-101.8553||US0084
1630,LUBBOCK,LUBBOCK,33.5713,-101.8880,,INDIANA AVENUE,4152.0,2042.0,-2110.0,33.5713,-101.888,LUBBOCK|LUBBOCK|33.5713|-101.8880||INDIANA AVENUE
1631,LUBBOCK,LUBBOCK,33.5713,-101.9224,24TH STREET,SLIDE ROAD,1312.0,1454.0,142.0,33.5713,-101.9224,LUBBOCK|LUBBOCK|33.5713|-101.9224|24TH STREET|SLIDE ROAD
1632,LUBBOCK,LUBBOCK,33.5714,-101.8440,,IH0027,1312.0,5901.0,4589.0,33.5714,-101.844,LUBBOCK|LUBBOCK|33.5714|-101.8440||IH0027
1633,LUBBOCK,LUBBOCK,33.5714,-101.8881,,25TH STREET,2031.5,253.0,-1778.5,33.5714,-101.8881,LUBBOCK|LUBBOCK|33.5714|-101.8881||25TH STREET
1634,LUBBOCK,LUBBOCK,33.5714,-101.9414,,25TH STREET,4152.0,4868.0,716.0,33.5714,-101.9414,LUBBOCK|LUBBOCK|33.5714|-101.9414||25TH STREET
1635,LUBBOCK,LUBBOCK,33.5715,-101.8124,,CANYON LAKE DRIVE,1312.0,4642.0,3330.0,33.5715,-101.8124,LUBBOCK|LUBBOCK|33.5715|-101.8124||CANYON LAKE DRIVE
1636,LUBBOCK,LUBBOCK,33.5715,-101.8466,25TH STREET,AVENUE J,4152.0,2927.0,-1225.0,33.5715,-101.8466,LUBBOCK|LUBBOCK|33.5715|-101.8466|25TH STREET|AVENUE J
1637,LUBBOCK,LUBBOCK,33.5715,-101.8487,25TH STREET,AVENUE L,4152.0,2392.0,-1760.0,33.5715,-101.8487,LUBBOCK|LUBBOCK|33.5715|-101.8487|25TH STREET|AVENUE L
1638,LUBBOCK,LUBBOCK,33.5715,-101.8509,25TH STREET,N AVENUE,4152.0,3417.0,-735.0,33.5715,-101.8509,LUBBOCK|LUBBOCK|33.5715|-101.8509|25TH STREET|N AVENUE
1639,LUBBOCK,LUBBOCK,33.5716,-101.8630,,AVENUE V,1312.0,2737.0,1425.0,33.5716,-101.863,LUBBOCK|LUBBOCK|33.5716|-101.8630||AVENUE V
1640,LUBBOCK,LUBBOCK,33.5717,-101.9255,25TH STREET,ALBANY AVENUE,4152.0,3148.0,-1004.0,33.5717,-101.9255,LUBBOCK|LUBBOCK|33.5717|-101.9255|25TH STREET|ALBANY AVENUE
1641,LUBBOCK,LUBBOCK,33.5718,-101.9441,,SL0289,4152.0,6020.0,1868.0,33.5718,-101.9441,LUBBOCK|LUBBOCK|33.5718|-101.9441||SL0289
1642,LUBBOCK,LUBBOCK,33.5719,-101.9441,,SL0289,4152.0,5985.0,1833.0,33.5719,-101.9441,LUBBOCK|LUBBOCK|33.5719|-101.9441||SL0289
1643,LUBBOCK,LUBBOCK,33.5720,-101.8597,25TH STREET,AVENUE T,4152.0,3520.0,-632.0,33.572,-101.8597,LUBBOCK|LUBBOCK|33.5720|-101.8597|25TH STREET|AVENUE T
1644,LUBBOCK,LUBBOCK,33.5720,-101.8651,25TH STREET,W AVENUE,4152.0,4386.0,234.0,33.572,-101.8651,LUBBOCK|LUBBOCK|33.5720|-101.8651|25TH STREET|W AVENUE
1645,LUBBOCK,LUBBOCK,33.5720,-101.9051,24TH STREET,QUAKER AVENUE,4152.0,2975.0,-1177.0,33.572,-101.9051,LUBBOCK|LUBBOCK|33.5720|-101.9051|24TH STREET|QUAKER AVENUE
1646,LUBBOCK,LUBBOCK,33.5720,-101.9051,,QUAKER AVENUE,4152.0,2357.0,-1795.0,33.572,-101.9051,LUBBOCK|LUBBOCK|33.5720|-101.9051||QUAKER AVENUE
1647,LUBBOCK,LUBBOCK,33.5721,-101.9441,,SL0289,2031.5,5593.0,3561.5,33.5721,-101.9441,LUBBOCK|LUBBOCK|33.5721|-101.9441||SL0289
1648,LUBBOCK,LUBBOCK,33.5722,-101.8437,,IH0027,4152.0,5996.0,1844.0,33.5722,-101.8437,LUBBOCK|LUBBOCK|33.5722|-101.8437||IH0027
1649,LUBBOCK,LUBBOCK,33.5722,-101.9686,,24TH STREET,4152.0,1323.0,-2829.0,33.5722,-101.9686,LUBBOCK|LUBBOCK|33.5722|-101.9686||24TH STREET
1650,LUBBOCK,LUBBOCK,33.5723,-101.8487,24TH PL,AVENUE L,4152.0,5286.0,1134.0,33.5723,-101.8487,LUBBOCK|LUBBOCK|33.5723|-101.8487|24TH PL|AVENUE L
1651,LUBBOCK,LUBBOCK,33.5723,-101.8880,24TH STREET,INDIANA AVENUE,4152.0,5060.0,908.0,33.5723,-101.888,LUBBOCK|LUBBOCK|33.5723|-101.8880|24TH STREET|INDIANA AVENUE
1652,LUBBOCK,LUBBOCK,33.5723,-101.8946,,24TH STREET,4152.0,1463.0,-2689.0,33.5723,-101.8946,LUBBOCK|LUBBOCK|33.5723|-101.8946||24TH STREET
1653,LUBBOCK,LUBBOCK,33.5723,-101.9051,24TH STREET,QUAKER AVENUE,2031.5,348.0,-1683.5,33.5723,-101.9051,LUBBOCK|LUBBOCK|33.5723|-101.9051|24TH STREET|QUAKER AVENUE
1654,LUBBOCK,LUBBOCK,33.5723,-101.9441,24TH STREET,SL0289,4152.0,5994.0,1842.0,33.5723,-101.9441,LUBBOCK|LUBBOCK|33.5723|-101.9441|24TH STREET|SL0289
1655,LUBBOCK,LUBBOCK,33.5723,-101.9448,,24TH STREET,4152.0,3394.0,-758.0,33.5723,-101.9448,LUBBOCK|LUBBOCK|33.5723|-101.9448||24TH STREET
1656,LUBBOCK,LUBBOCK,33.5723,-102.0091,FM0179,SH0114,4152.0,931.0,-3221.0,33.5723,-102.0091,LUBBOCK|LUBBOCK|33.5723|-102.0091|FM0179|SH0114
1657,LUBBOCK,LUBBOCK,33.5724,-101.8509,24TH PL,N AVENUE,4152.0,4792.0,640.0,33.5724,-101.8509,LUBBOCK|LUBBOCK|33.5724|-101.8509|24TH PL|N AVENUE
1658,LUBBOCK,LUBBOCK,33.5724,-101.8964,,MEMPHIS AVENUE,4152.0,4618.0,466.0,33.5724,-101.8964,LUBBOCK|LUBBOCK|33.5724|-101.8964||MEMPHIS AVENUE
1659,LUBBOCK,LUBBOCK,33.5724,-101.9010,,24TH STREET,4152.0,2702.0,-1450.0,33.5724,-101.901,LUBBOCK|LUBBOCK|33.5724|-101.9010||24TH STREET
1660,LUBBOCK,LUBBOCK,33.5726,-101.9487,,24TH STREET,4152.0,3603.0,-549.0,33.5726,-101.9487,LUBBOCK|LUBBOCK|33.5726|-101.9487||24TH STREET
1661,LUBBOCK,LUBBOCK,33.5726,-101.9527,24TH STREET,KEWANEE AVENUE,4152.0,4081.0,-71.0,33.5726,-101.9527,LUBBOCK|LUBBOCK|33.5726|-101.9527|24TH STREET|KEWANEE AVENUE
1662,LUBBOCK,LUBBOCK,33.5728,-101.8184,E 24TH STREET,MARTIN LUTHER KING JR BOULEVARD,135.5,117.0,-18.5,33.5728,-101.8184,LUBBOCK|LUBBOCK|33.5728|-101.8184|E 24TH STREET|MARTIN LUTHER KING JR BOULEVARD
1663,LUBBOCK,LUBBOCK,33.5728,-101.8229,,E 24TH STREET,4152.0,4591.0,439.0,33.5728,-101.8229,LUBBOCK|LUBBOCK|33.5728|-101.8229||E 24TH STREET
1664,LUBBOCK,LUBBOCK,33.5728,-101.8236,,E 24TH STREET,4152.0,2149.0,-2003.0,33.5728,-101.8236,LUBBOCK|LUBBOCK|33.5728|-101.8236||E 24TH STREET
1665,LUBBOCK,LUBBOCK,33.5728,-101.8477,24TH STREET,AVENUE K,1312.0,2965.0,1653.0,33.5728,-101.8477,LUBBOCK|LUBBOCK|33.5728|-101.8477|24TH STREET|AVENUE K
1666,LUBBOCK,LUBBOCK,33.5728,-101.8477,,AVENUE K,4152.0,4521.0,369.0,33.5728,-101.8477,LUBBOCK|LUBBOCK|33.5728|-101.8477||AVENUE K
1667,LUBBOCK,LUBBOCK,33.5729,-101.8477,24TH STREET,AVENUE K,4152.0,3299.0,-853.0,33.5729,-101.8477,LUBBOCK|LUBBOCK|33.5729|-101.8477|24TH STREET|AVENUE K
1668,LUBBOCK,LUBBOCK,33.5729,-101.8553,,US0084,4152.0,3782.0,-370.0,33.5729,-101.8553,LUBBOCK|LUBBOCK|33.5729|-101.8553||US0084
1669,LUBBOCK,LUBBOCK,33.5730,-101.8553,US0062,US0084,4152.0,5637.0,1485.0,33.573,-101.8553,LUBBOCK|LUBBOCK|33.5730|-101.8553|US0062|US0084
1670,LUBBOCK,LUBBOCK,33.5731,-101.8184,,MARTIN LUTHER KING JR BOULEVARD,4152.0,4566.0,414.0,33.5731,-101.8184,LUBBOCK|LUBBOCK|33.5731|-101.8184||MARTIN LUTHER KING JR BOULEVARD
1671,LUBBOCK,LUBBOCK,33.5731,-101.8432,,IH0027,4152.0,5893.0,1741.0,33.5731,-101.8432,LUBBOCK|LUBBOCK|33.5731|-101.8432||IH0027
1672,LUBBOCK,LUBBOCK,33.5734,-101.9441,,SL0289,4152.0,5991.0,1839.0,33.5734,-101.9441,LUBBOCK|LUBBOCK|33.5734|-101.9441||SL0289
1673,LUBBOCK,LUBBOCK,33.5735,-101.8312,,ELM AVENUE,4152.0,3419.0,-733.0,33.5735,-101.8312,LUBBOCK|LUBBOCK|33.5735|-101.8312||ELM AVENUE
1674,LUBBOCK,LUBBOCK,33.5736,-101.8751,23RD STREET,BOSTON AVENUE,4152.0,1545.0,-2607.0,33.5736,-101.8751,LUBBOCK|LUBBOCK|33.5736|-101.8751|23RD STREET|BOSTON AVENUE
1675,LUBBOCK,LUBBOCK,33.5736,-101.8812,23RD STREET,FLINT AVENUE,4152.0,5234.0,1082.0,33.5736,-101.8812,LUBBOCK|LUBBOCK|33.5736|-101.8812|23RD STREET|FLINT AVENUE
1676,LUBBOCK,LUBBOCK,33.5739,-101.8553,US0062,US0084,2031.5,488.0,-1543.5,33.5739,-101.8553,LUBBOCK|LUBBOCK|33.5739|-101.8553|US0062|US0084
1677,LUBBOCK,LUBBOCK,33.5739,-101.8651,,23RD STREET,4152.0,3929.0,-223.0,33.5739,-101.8651,LUBBOCK|LUBBOCK|33.5739|-101.8651||23RD STREET
1678,LUBBOCK,LUBBOCK,33.5740,-101.8553,US0062,US0084,4152.0,4865.0,713.0,33.574,-101.8553,LUBBOCK|LUBBOCK|33.5740|-101.8553|US0062|US0084
1679,LUBBOCK,LUBBOCK,33.5741,-101.8509,23RD STREET,N AVENUE,4152.0,2427.0,-1725.0,33.5741,-101.8509,LUBBOCK|LUBBOCK|33.5741|-101.8509|23RD STREET|N AVENUE
1680,LUBBOCK,LUBBOCK,33.5741,-101.8553,,US0084,4152.0,4594.0,442.0,33.5741,-101.8553,LUBBOCK|LUBBOCK|33.5741|-101.8553||US0084
1681,LUBBOCK,LUBBOCK,33.5741,-101.8953,,22ND PL,4152.0,1596.0,-2556.0,33.5741,-101.8953,LUBBOCK|LUBBOCK|33.5741|-101.8953||22ND PL
1682,LUBBOCK,LUBBOCK,33.5742,-101.8184,,MARTIN LUTHER KING JR BOULEVARD,4152.0,5013.0,861.0,33.5742,-101.8184,LUBBOCK|LUBBOCK|33.5742|-101.8184||MARTIN LUTHER KING JR BOULEVARD
1683,LUBBOCK,LUBBOCK,33.5742,-101.8363,23RD STREET,AVENUE A,4152.0,4301.0,149.0,33.5742,-101.8363,LUBBOCK|LUBBOCK|33.5742|-101.8363|23RD STREET|AVENUE A
1684,LUBBOCK,LUBBOCK,33.5743,-101.8312,E 23RD STREET,ELM AVENUE,4152.0,3219.0,-933.0,33.5743,-101.8312,LUBBOCK|LUBBOCK|33.5743|-101.8312|E 23RD STREET|ELM AVENUE
1685,LUBBOCK,LUBBOCK,33.5743,-101.8348,,E 23RD STREET,4152.0,4698.0,546.0,33.5743,-101.8348,LUBBOCK|LUBBOCK|33.5743|-101.8348||E 23RD STREET
1686,LUBBOCK,LUBBOCK,33.5743,-101.9063,,US0062,4152.0,6084.0,1932.0,33.5743,-101.9063,LUBBOCK|LUBBOCK|33.5743|-101.9063||US0062
1687,LUBBOCK,LUBBOCK,33.5744,-101.7877,,SL0289,135.5,391.0,255.5,33.5744,-101.7877,LUBBOCK|LUBBOCK|33.5744|-101.7877||SL0289
1688,LUBBOCK,LUBBOCK,33.5744,-101.8456,,TEXAS AVENUE,4152.0,5400.0,1248.0,33.5744,-101.8456,LUBBOCK|LUBBOCK|33.5744|-101.8456||TEXAS AVENUE
1689,LUBBOCK,LUBBOCK,33.5744,-101.9224,,SLIDE ROAD,2031.5,334.0,-1697.5,33.5744,-101.9224,LUBBOCK|LUBBOCK|33.5744|-101.9224||SLIDE ROAD
1690,LUBBOCK,LUBBOCK,33.5746,-101.8145,,CANYON LAKE DRIVE,2031.5,256.0,-1775.5,33.5746,-101.8145,LUBBOCK|LUBBOCK|33.5746|-101.8145||CANYON LAKE DRIVE
1691,LUBBOCK,LUBBOCK,33.5746,-101.8725,22ND STREET,AKRON AVENUE,4152.0,4020.0,-132.0,33.5746,-101.8725,LUBBOCK|LUBBOCK|33.5746|-101.8725|22ND STREET|AKRON AVENUE
1692,LUBBOCK,LUBBOCK,33.5746,-101.8819,,22ND STREET,4152.0,4988.0,836.0,33.5746,-101.8819,LUBBOCK|LUBBOCK|33.5746|-101.8819||22ND STREET
1693,LUBBOCK,LUBBOCK,33.5747,-101.8553,,US0084,4152.0,5702.0,1550.0,33.5747,-101.8553,LUBBOCK|LUBBOCK|33.5747|-101.8553||US0084
1694,LUBBOCK,LUBBOCK,33.5747,-101.8651,,W AVENUE,1312.0,1469.0,157.0,33.5747,-101.8651,LUBBOCK|LUBBOCK|33.5747|-101.8651||W AVENUE
1695,LUBBOCK,LUBBOCK,33.5747,-101.9744,22ND STREET,UPLAND AVENUE,4152.0,2694.0,-1458.0,33.5747,-101.9744,LUBBOCK|LUBBOCK|33.5747|-101.9744|22ND STREET|UPLAND AVENUE
1696,LUBBOCK,LUBBOCK,33.5748,-101.9055,,US0062,4152.0,6046.0,1894.0,33.5748,-101.9055,LUBBOCK|LUBBOCK|33.5748|-101.9055||US0062
1697,LUBBOCK,LUBBOCK,33.5748,-101.9057,,MARSHA SHARP FWY,2031.5,308.0,-1723.5,33.5748,-101.9057,LUBBOCK|LUBBOCK|33.5748|-101.9057||MARSHA SHARP FWY
1698,LUBBOCK,LUBBOCK,33.5749,-101.8111,,CANYON LAKE DRIVE,4152.0,2134.0,-2018.0,33.5749,-101.8111,LUBBOCK|LUBBOCK|33.5749|-101.8111||CANYON LAKE DRIVE
1699,LUBBOCK,LUBBOCK,33.5749,-101.8149,,CANYON LAKE DRIVE,4152.0,2391.0,-1761.0,33.5749,-101.8149,LUBBOCK|LUBBOCK|33.5749|-101.8149||CANYON LAKE DRIVE
1700,LUBBOCK,LUBBOCK,33.5749,-101.8553,US0062,US0084,1312.0,206.0,-1106.0,33.5749,-101.8553,LUBBOCK|LUBBOCK|33.5749|-101.8553|US0062|US0084
1701,LUBBOCK,LUBBOCK,33.5749,-101.8553,,US0084,4152.0,4736.0,584.0,33.5749,-101.8553,LUBBOCK|LUBBOCK|33.5749|-101.8553||US0084
1702,LUBBOCK,LUBBOCK,33.5749,-101.8573,,22ND STREET,4152.0,1878.0,-2274.0,33.5749,-101.8573,LUBBOCK|LUBBOCK|33.5749|-101.8573||22ND STREET
1703,LUBBOCK,LUBBOCK,33.5749,-101.9053,,US0062,390.5,6039.0,5648.5,33.5749,-101.9053,LUBBOCK|LUBBOCK|33.5749|-101.9053||US0062
1704,LUBBOCK,LUBBOCK,33.5750,-101.8363,23RD STREET,AVENUE A,4152.0,4646.0,494.0,33.575,-101.8363,LUBBOCK|LUBBOCK|33.5750|-101.8363|23RD STREET|AVENUE A
1705,LUBBOCK,LUBBOCK,33.5750,-101.9053,,US0062,2031.5,5820.0,3788.5,33.575,-101.9053,LUBBOCK|LUBBOCK|33.5750|-101.9053||US0062
1706,LUBBOCK,LUBBOCK,33.5751,-101.8172,,CANYON LAKE DRIVE,1312.0,4304.0,2992.0,33.5751,-101.8172,LUBBOCK|LUBBOCK|33.5751|-101.8172||CANYON LAKE DRIVE
1707,LUBBOCK,LUBBOCK,33.5751,-101.8881,,22ND STREET,4152.0,2773.0,-1379.0,33.5751,-101.8881,LUBBOCK|LUBBOCK|33.5751|-101.8881||22ND STREET
1708,LUBBOCK,LUBBOCK,33.5751,-101.9008,22ND STREET,OXFORD AVENUE,4152.0,4976.0,824.0,33.5751,-101.9008,LUBBOCK|LUBBOCK|33.5751|-101.9008|22ND STREET|OXFORD AVENUE
1709,LUBBOCK,LUBBOCK,33.5751,-101.9051,US0062,US0082,669.0,5821.0,5152.0,33.5751,-101.9051,LUBBOCK|LUBBOCK|33.5751|-101.9051|US0062|US0082
1710,LUBBOCK,LUBBOCK,33.5751,-101.9051,,US0062,4152.0,6094.0,1942.0,33.5751,-101.9051,LUBBOCK|LUBBOCK|33.5751|-101.9051||US0062
1711,LUBBOCK,LUBBOCK,33.5752,-101.8421,IH0027,US0062,4152.0,5902.0,1750.0,33.5752,-101.8421,LUBBOCK|LUBBOCK|33.5752|-101.8421|IH0027|US0062
1712,LUBBOCK,LUBBOCK,33.5752,-101.9051,MARSHA SHARP FWY,QUAKER AVENUE,669.0,95.0,-574.0,33.5752,-101.9051,LUBBOCK|LUBBOCK|33.5752|-101.9051|MARSHA SHARP FWY|QUAKER AVENUE
1713,LUBBOCK,LUBBOCK,33.5753,-101.7877,,SL0289,4152.0,4901.0,749.0,33.5753,-101.7877,LUBBOCK|LUBBOCK|33.5753|-101.7877||SL0289
1714,LUBBOCK,LUBBOCK,33.5753,-101.9224,21ST STREET,SLIDE ROAD,4152.0,3911.0,-241.0,33.5753,-101.9224,LUBBOCK|LUBBOCK|33.5753|-101.9224|21ST STREET|SLIDE ROAD
1715,LUBBOCK,LUBBOCK,33.5754,-101.8184,CANYON LAKE DRIVE,MARTIN L KING BOULEVARD,4152.0,2002.0,-2150.0,33.5754,-101.8184,LUBBOCK|LUBBOCK|33.5754|-101.8184|CANYON LAKE DRIVE|MARTIN L KING BOULEVARD
1716,LUBBOCK,LUBBOCK,33.5755,-101.8813,,FLINT AVENUE,4152.0,3803.0,-349.0,33.5755,-101.8813,LUBBOCK|LUBBOCK|33.5755|-101.8813||FLINT AVENUE
1717,LUBBOCK,LUBBOCK,33.5756,-101.8418,,IH0027,390.5,5915.0,5524.5,33.5756,-101.8418,LUBBOCK|LUBBOCK|33.5756|-101.8418||IH0027
1718,LUBBOCK,LUBBOCK,33.5756,-101.9309,21ST STREET,CHICAGO AVENUE,4152.0,5282.0,1130.0,33.5756,-101.9309,LUBBOCK|LUBBOCK|33.5756|-101.9309|21ST STREET|CHICAGO AVENUE
1719,LUBBOCK,LUBBOCK,33.5757,-101.9044,,MARSHA SHARP FWY,2031.5,372.0,-1659.5,33.5757,-101.9044,LUBBOCK|LUBBOCK|33.5757|-101.9044||MARSHA SHARP FWY
1720,LUBBOCK,LUBBOCK,33.5757,-101.9772,,URBANA PL,1312.0,3816.0,2504.0,33.5757,-101.9772,LUBBOCK|LUBBOCK|33.5757|-101.9772||URBANA PL
1721,LUBBOCK,LUBBOCK,33.5758,-101.8942,,LOUISVILLE AVENUE,1312.0,5385.0,4073.0,33.5758,-101.8942,LUBBOCK|LUBBOCK|33.5758|-101.8942||LOUISVILLE AVENUE
1722,LUBBOCK,LUBBOCK,33.5759,-101.8553,US0062,US0084,4152.0,5670.0,1518.0,33.5759,-101.8553,LUBBOCK|LUBBOCK|33.5759|-101.8553|US0062|US0084
1723,LUBBOCK,LUBBOCK,33.5759,-101.8553,,US0084,4152.0,5574.0,1422.0,33.5759,-101.8553,LUBBOCK|LUBBOCK|33.5759|-101.8553||US0084
1724,LUBBOCK,LUBBOCK,33.5759,-101.8578,,21ST STREET,4152.0,2789.0,-1363.0,33.5759,-101.8578,LUBBOCK|LUBBOCK|33.5759|-101.8578||21ST STREET
1725,LUBBOCK,LUBBOCK,33.5760,-101.8880,21ST STREET,INDIANA AVENUE,4152.0,3357.0,-795.0,33.576,-101.888,LUBBOCK|LUBBOCK|33.5760|-101.8880|21ST STREET|INDIANA AVENUE
1726,LUBBOCK,LUBBOCK,33.5760,-101.9051,,QUAKER AVENUE,4152.0,4464.0,312.0,33.576,-101.9051,LUBBOCK|LUBBOCK|33.5760|-101.9051||QUAKER AVENUE
1727,LUBBOCK,LUBBOCK,33.5761,-101.9039,,MARSHA SHARP FWY,2031.5,367.0,-1664.5,33.5761,-101.9039,LUBBOCK|LUBBOCK|33.5761|-101.9039||MARSHA SHARP FWY
1728,LUBBOCK,LUBBOCK,33.5764,-101.8184,CANYON LAKE DRIVE,MARTIN L KING BOULEVARD,4152.0,1687.0,-2465.0,33.5764,-101.8184,LUBBOCK|LUBBOCK|33.5764|-101.8184|CANYON LAKE DRIVE|MARTIN L KING BOULEVARD
1729,LUBBOCK,LUBBOCK,33.5764,-101.8184,CANYON LAKE DRIVE,MARTIN LUTHER KING JR BOULEVARD,4152.0,2267.0,-1885.0,33.5764,-101.8184,LUBBOCK|LUBBOCK|33.5764|-101.8184|CANYON LAKE DRIVE|MARTIN LUTHER KING JR BOULEVARD
1730,LUBBOCK,LUBBOCK,33.5765,-101.8414,,IH0027,4152.0,5998.0,1846.0,33.5765,-101.8414,LUBBOCK|LUBBOCK|33.5765|-101.8414||IH0027
1731,LUBBOCK,LUBBOCK,33.5767,-101.8630,,AVENUE V,4152.0,4436.0,284.0,33.5767,-101.863,LUBBOCK|LUBBOCK|33.5767|-101.8630||AVENUE V
1732,LUBBOCK,LUBBOCK,33.5767,-101.8751,,BOSTON AVENUE,4152.0,3547.0,-605.0,33.5767,-101.8751,LUBBOCK|LUBBOCK|33.5767|-101.8751||BOSTON AVENUE
1733,LUBBOCK,LUBBOCK,33.5767,-101.9440,,SL0289,4152.0,5970.0,1818.0,33.5767,-101.944,LUBBOCK|LUBBOCK|33.5767|-101.9440||SL0289
1734,LUBBOCK,LUBBOCK,33.5767,-101.9484,,IOLA AVENUE,4152.0,4746.0,594.0,33.5767,-101.9484,LUBBOCK|LUBBOCK|33.5767|-101.9484||IOLA AVENUE
1735,LUBBOCK,LUBBOCK,33.5768,-101.8413,,IH0027,2031.5,3703.0,1671.5,33.5768,-101.8413,LUBBOCK|LUBBOCK|33.5768|-101.8413||IH0027
1736,LUBBOCK,LUBBOCK,33.5769,-101.8883,,20TH STREET,4152.0,3744.0,-408.0,33.5769,-101.8883,LUBBOCK|LUBBOCK|33.5769|-101.8883||20TH STREET
1737,LUBBOCK,LUBBOCK,33.5771,-101.8411,,IH0027,4152.0,6008.0,1856.0,33.5771,-101.8411,LUBBOCK|LUBBOCK|33.5771|-101.8411||IH0027
1738,LUBBOCK,LUBBOCK,33.5774,-101.9017,,MARSHA SHARP FWY,4152.0,5278.0,1126.0,33.5774,-101.9017,LUBBOCK|LUBBOCK|33.5774|-101.9017||MARSHA SHARP FWY
1739,LUBBOCK,LUBBOCK,33.5777,-101.9224,,SLIDE ROAD,4152.0,2535.0,-1617.0,33.5777,-101.9224,LUBBOCK|LUBBOCK|33.5777|-101.9224||SLIDE ROAD
1740,LUBBOCK,LUBBOCK,33.5777,-101.9439,,SL0289,4152.0,5931.0,1779.0,33.5777,-101.9439,LUBBOCK|LUBBOCK|33.5777|-101.9439||SL0289
1741,LUBBOCK,LUBBOCK,33.5777,-102.0091,FM0179,SH0114,99.0,39.0,-60.0,33.5777,-102.0091,LUBBOCK|LUBBOCK|33.5777|-102.0091|FM0179|SH0114
1742,LUBBOCK,LUBBOCK,33.5777,-102.0094,,SH0114,4152.0,2612.0,-1540.0,33.5777,-102.0094,LUBBOCK|LUBBOCK|33.5777|-102.0094||SH0114
1743,LUBBOCK,LUBBOCK,33.5777,-102.0264,SH0114,SS0309,390.5,149.0,-241.5,33.5777,-102.0264,LUBBOCK|LUBBOCK|33.5777|-102.0264|SH0114|SS0309
1744,LUBBOCK,LUBBOCK,33.5778,-101.7877,,SL0289,4152.0,2335.0,-1817.0,33.5778,-101.7877,LUBBOCK|LUBBOCK|33.5778|-101.7877||SL0289
1745,LUBBOCK,LUBBOCK,33.5778,-101.8394,IH0027,US0062,4152.0,1271.0,-2881.0,33.5778,-101.8394,LUBBOCK|LUBBOCK|33.5778|-101.8394|IH0027|US0062
1746,LUBBOCK,LUBBOCK,33.5778,-101.8402,,US0062,4152.0,2241.0,-1911.0,33.5778,-101.8402,LUBBOCK|LUBBOCK|33.5778|-101.8402||US0062
1747,LUBBOCK,LUBBOCK,33.5778,-101.8552,US0062,US0084,4152.0,4310.0,158.0,33.5778,-101.8552,LUBBOCK|LUBBOCK|33.5778|-101.8552|US0062|US0084
1748,LUBBOCK,LUBBOCK,33.5778,-101.8553,US0062,US0084,4.5,2.0,-2.5,33.5778,-101.8553,LUBBOCK|LUBBOCK|33.5778|-101.8553|US0062|US0084
1749,LUBBOCK,LUBBOCK,33.5778,-101.8554,,US0062,4152.0,3546.0,-606.0,33.5778,-101.8554,LUBBOCK|LUBBOCK|33.5778|-101.8554||US0062
1750,LUBBOCK,LUBBOCK,33.5778,-101.8563,,US0062,4152.0,3748.0,-404.0,33.5778,-101.8563,LUBBOCK|LUBBOCK|33.5778|-101.8563||US0062
1751,LUBBOCK,LUBBOCK,33.5778,-101.8564,AVENUE R,US0062,1312.0,5429.0,4117.0,33.5778,-101.8564,LUBBOCK|LUBBOCK|33.5778|-101.8564|AVENUE R|US0062
1752,LUBBOCK,LUBBOCK,33.5778,-101.8573,,US0062,4152.0,5596.0,1444.0,33.5778,-101.8573,LUBBOCK|LUBBOCK|33.5778|-101.8573||US0062
1753,LUBBOCK,LUBBOCK,33.5778,-101.8577,S AVENUE,US0062,4152.0,4545.0,393.0,33.5778,-101.8577,LUBBOCK|LUBBOCK|33.5778|-101.8577|S AVENUE|US0062
1754,LUBBOCK,LUBBOCK,33.5778,-101.8578,,US0062,390.5,3165.0,2774.5,33.5778,-101.8578,LUBBOCK|LUBBOCK|33.5778|-101.8578||US0062
1755,LUBBOCK,LUBBOCK,33.5778,-101.8600,,US0062,4152.0,3779.0,-373.0,33.5778,-101.86,LUBBOCK|LUBBOCK|33.5778|-101.8600||US0062
1756,LUBBOCK,LUBBOCK,33.5778,-101.8619,AVENUE U,US0062,1312.0,3013.0,1701.0,33.5778,-101.8619,LUBBOCK|LUBBOCK|33.5778|-101.8619|AVENUE U|US0062
1757,LUBBOCK,LUBBOCK,33.5778,-101.8619,US0062,US0084,4152.0,3318.0,-834.0,33.5778,-101.8619,LUBBOCK|LUBBOCK|33.5778|-101.8619|US0062|US0084
1758,LUBBOCK,LUBBOCK,33.5778,-101.8634,,US0062,4152.0,5638.0,1486.0,33.5778,-101.8634,LUBBOCK|LUBBOCK|33.5778|-101.8634||US0062
1759,LUBBOCK,LUBBOCK,33.5778,-101.8639,,US0062,4152.0,3994.0,-158.0,33.5778,-101.8639,LUBBOCK|LUBBOCK|33.5778|-101.8639||US0062
1760,LUBBOCK,LUBBOCK,33.5778,-101.8640,AVENUE V,US0062,1312.0,3009.0,1697.0,33.5778,-101.864,LUBBOCK|LUBBOCK|33.5778|-101.8640|AVENUE V|US0062
1761,LUBBOCK,LUBBOCK,33.5778,-101.8649,,US0062,4152.0,5561.0,1409.0,33.5778,-101.8649,LUBBOCK|LUBBOCK|33.5778|-101.8649||US0062
1762,LUBBOCK,LUBBOCK,33.5778,-101.8651,US0062,US0084,4152.0,4828.0,676.0,33.5778,-101.8651,LUBBOCK|LUBBOCK|33.5778|-101.8651|US0062|US0084
1763,LUBBOCK,LUBBOCK,33.5778,-101.8659,,US0062,4152.0,5300.0,1148.0,33.5778,-101.8659,LUBBOCK|LUBBOCK|33.5778|-101.8659||US0062
1764,LUBBOCK,LUBBOCK,33.5778,-101.8660,,US0062,4152.0,4677.0,525.0,33.5778,-101.866,LUBBOCK|LUBBOCK|33.5778|-101.8660||US0062
1765,LUBBOCK,LUBBOCK,33.5778,-101.8661,,US0062,4152.0,3373.0,-779.0,33.5778,-101.8661,LUBBOCK|LUBBOCK|33.5778|-101.8661||US0062
1766,LUBBOCK,LUBBOCK,33.5778,-101.8662,US0062,W AVENUE,4152.0,3847.0,-305.0,33.5778,-101.8662,LUBBOCK|LUBBOCK|33.5778|-101.8662|US0062|W AVENUE
1767,LUBBOCK,LUBBOCK,33.5778,-101.8662,,US0062,4152.0,3916.0,-236.0,33.5778,-101.8662,LUBBOCK|LUBBOCK|33.5778|-101.8662||US0062
1768,LUBBOCK,LUBBOCK,33.5778,-101.8677,,US0062,4152.0,2831.0,-1321.0,33.5778,-101.8677,LUBBOCK|LUBBOCK|33.5778|-101.8677||US0062
1769,LUBBOCK,LUBBOCK,33.5778,-101.8683,AVENUE X,US0062,4152.0,5623.0,1471.0,33.5778,-101.8683,LUBBOCK|LUBBOCK|33.5778|-101.8683|AVENUE X|US0062
1770,LUBBOCK,LUBBOCK,33.5778,-101.8685,,US0062,4152.0,4716.0,564.0,33.5778,-101.8685,LUBBOCK|LUBBOCK|33.5778|-101.8685||US0062
1771,LUBBOCK,LUBBOCK,33.5778,-101.9112,,SH0114,390.5,4366.0,3975.5,33.5778,-101.9112,LUBBOCK|LUBBOCK|33.5778|-101.9112||SH0114
1772,LUBBOCK,LUBBOCK,33.5778,-101.9115,,SH0114,4152.0,4111.0,-41.0,33.5778,-101.9115,LUBBOCK|LUBBOCK|33.5778|-101.9115||SH0114
1773,LUBBOCK,LUBBOCK,33.5778,-101.9167,SH0114,VICKSBURG AVENUE,1312.0,231.0,-1081.0,33.5778,-101.9167,LUBBOCK|LUBBOCK|33.5778|-101.9167|SH0114|VICKSBURG AVENUE
1774,LUBBOCK,LUBBOCK,33.5778,-101.9171,,SH0114,390.5,5746.0,5355.5,33.5778,-101.9171,LUBBOCK|LUBBOCK|33.5778|-101.9171||SH0114
1775,LUBBOCK,LUBBOCK,33.5778,-101.9219,SH0114,SLIDE ROAD,4152.0,4514.0,362.0,33.5778,-101.9219,LUBBOCK|LUBBOCK|33.5778|-101.9219|SH0114|SLIDE ROAD
1776,LUBBOCK,LUBBOCK,33.5778,-101.9224,SH0114,SLIDE ROAD,32.0,21.0,-11.0,33.5778,-101.9224,LUBBOCK|LUBBOCK|33.5778|-101.9224|SH0114|SLIDE ROAD
1777,LUBBOCK,LUBBOCK,33.5778,-101.9224,SH0114,US0062,32.0,107.0,75.0,33.5778,-101.9224,LUBBOCK|LUBBOCK|33.5778|-101.9224|SH0114|US0062
1778,LUBBOCK,LUBBOCK,33.5778,-101.9255,,SH0114,4152.0,5733.0,1581.0,33.5778,-101.9255,LUBBOCK|LUBBOCK|33.5778|-101.9255||SH0114
1779,LUBBOCK,LUBBOCK,33.5778,-101.9257,,SH0114,1312.0,5523.0,4211.0,33.5778,-101.9257,LUBBOCK|LUBBOCK|33.5778|-101.9257||SH0114
1780,LUBBOCK,LUBBOCK,33.5778,-101.9281,BANGOR AVENUE,SH0114,4152.0,5632.0,1480.0,33.5778,-101.9281,LUBBOCK|LUBBOCK|33.5778|-101.9281|BANGOR AVENUE|SH0114
1781,LUBBOCK,LUBBOCK,33.5778,-101.9289,BRENTWOOD CIR,SH0114,4152.0,5772.0,1620.0,33.5778,-101.9289,LUBBOCK|LUBBOCK|33.5778|-101.9289|BRENTWOOD CIR|SH0114
1782,LUBBOCK,LUBBOCK,33.5778,-101.9307,,SH0114,1312.0,5634.0,4322.0,33.5778,-101.9307,LUBBOCK|LUBBOCK|33.5778|-101.9307||SH0114
1783,LUBBOCK,LUBBOCK,33.5778,-101.9311,CHICAGO AVENUE,SH0114,135.5,71.0,-64.5,33.5778,-101.9311,LUBBOCK|LUBBOCK|33.5778|-101.9311|CHICAGO AVENUE|SH0114
1784,LUBBOCK,LUBBOCK,33.5778,-101.9324,,SH0114,4152.0,3983.0,-169.0,33.5778,-101.9324,LUBBOCK|LUBBOCK|33.5778|-101.9324||SH0114
1785,LUBBOCK,LUBBOCK,33.5778,-101.9338,,SH0114,4152.0,5427.0,1275.0,33.5778,-101.9338,LUBBOCK|LUBBOCK|33.5778|-101.9338||SH0114
1786,LUBBOCK,LUBBOCK,33.5778,-101.9339,DOVER AVENUE,SH0114,2031.5,509.0,-1522.5,33.5778,-101.9339,LUBBOCK|LUBBOCK|33.5778|-101.9339|DOVER AVENUE|SH0114
1787,LUBBOCK,LUBBOCK,33.5778,-101.9339,SH0114,SL0289,4152.0,4037.0,-115.0,33.5778,-101.9339,LUBBOCK|LUBBOCK|33.5778|-101.9339|SH0114|SL0289
1788,LUBBOCK,LUBBOCK,33.5778,-101.9356,EILEEN BOULEVARD,SH0114,4152.0,4600.0,448.0,33.5778,-101.9356,LUBBOCK|LUBBOCK|33.5778|-101.9356|EILEEN BOULEVARD|SH0114
1789,LUBBOCK,LUBBOCK,33.5778,-101.9356,SH0114,SL0289,4152.0,4846.0,694.0,33.5778,-101.9356,LUBBOCK|LUBBOCK|33.5778|-101.9356|SH0114|SL0289
1790,LUBBOCK,LUBBOCK,33.5778,-101.9393,,SH0114,4152.0,5548.0,1396.0,33.5778,-101.9393,LUBBOCK|LUBBOCK|33.5778|-101.9393||SH0114
1791,LUBBOCK,LUBBOCK,33.5778,-101.9398,FRANKFORD AVENUE,SH0114,99.0,53.0,-46.0,33.5778,-101.9398,LUBBOCK|LUBBOCK|33.5778|-101.9398|FRANKFORD AVENUE|SH0114
1792,LUBBOCK,LUBBOCK,33.5778,-101.9398,,SH0114,4152.0,4657.0,505.0,33.5778,-101.9398,LUBBOCK|LUBBOCK|33.5778|-101.9398||SH0114
1793,LUBBOCK,LUBBOCK,33.5778,-101.9404,,SH0114,4152.0,5524.0,1372.0,33.5778,-101.9404,LUBBOCK|LUBBOCK|33.5778|-101.9404||SH0114
1794,LUBBOCK,LUBBOCK,33.5778,-101.9423,SH0114,SL0289,1312.0,4107.0,2795.0,33.5778,-101.9423,LUBBOCK|LUBBOCK|33.5778|-101.9423|SH0114|SL0289
1795,LUBBOCK,LUBBOCK,33.5778,-101.9439,SH0114,SL0289,8.0,4.0,-4.0,33.5778,-101.9439,LUBBOCK|LUBBOCK|33.5778|-101.9439|SH0114|SL0289
1796,LUBBOCK,LUBBOCK,33.5778,-101.9439,,SL0289,4152.0,5999.0,1847.0,33.5778,-101.9439,LUBBOCK|LUBBOCK|33.5778|-101.9439||SL0289
1797,LUBBOCK,LUBBOCK,33.5778,-101.9447,SH0114,SL0289,4152.0,5817.0,1665.0,33.5778,-101.9447,LUBBOCK|LUBBOCK|33.5778|-101.9447|SH0114|SL0289
1798,LUBBOCK,LUBBOCK,33.5778,-101.9468,IOLA AVENUE,SH0114,4152.0,5897.0,1745.0,33.5778,-101.9468,LUBBOCK|LUBBOCK|33.5778|-101.9468|IOLA AVENUE|SH0114
1799,LUBBOCK,LUBBOCK,33.5778,-101.9481,,SH0114,4152.0,5909.0,1757.0,33.5778,-101.9481,LUBBOCK|LUBBOCK|33.5778|-101.9481||SH0114
1800,LUBBOCK,LUBBOCK,33.5778,-101.9482,,SH0114,4152.0,5827.0,1675.0,33.5778,-101.9482,LUBBOCK|LUBBOCK|33.5778|-101.9482||SH0114
1801,LUBBOCK,LUBBOCK,33.5778,-101.9483,,SH0114,4152.0,5913.0,1761.0,33.5778,-101.9483,LUBBOCK|LUBBOCK|33.5778|-101.9483||SH0114
1802,LUBBOCK,LUBBOCK,33.5778,-101.9484,IOLA AVENUE,SH0114,669.0,218.0,-451.0,33.5778,-101.9484,LUBBOCK|LUBBOCK|33.5778|-101.9484|IOLA AVENUE|SH0114
1803,LUBBOCK,LUBBOCK,33.5778,-101.9501,,SH0114,4152.0,5892.0,1740.0,33.5778,-101.9501,LUBBOCK|LUBBOCK|33.5778|-101.9501||SH0114
1804,LUBBOCK,LUBBOCK,33.5778,-101.9507,,SH0114,1312.0,5837.0,4525.0,33.5778,-101.9507,LUBBOCK|LUBBOCK|33.5778|-101.9507||SH0114
1805,LUBBOCK,LUBBOCK,33.5778,-101.9509,,SH0114,390.5,5850.0,5459.5,33.5778,-101.9509,LUBBOCK|LUBBOCK|33.5778|-101.9509||SH0114
1806,LUBBOCK,LUBBOCK,33.5778,-101.9523,,SH0114,2031.5,998.0,-1033.5,33.5778,-101.9523,LUBBOCK|LUBBOCK|33.5778|-101.9523||SH0114
1807,LUBBOCK,LUBBOCK,33.5778,-101.9524,,SH0114,2031.5,568.0,-1463.5,33.5778,-101.9524,LUBBOCK|LUBBOCK|33.5778|-101.9524||SH0114
1808,LUBBOCK,LUBBOCK,33.5778,-101.9526,,SH0114,2031.5,814.0,-1217.5,33.5778,-101.9526,LUBBOCK|LUBBOCK|33.5778|-101.9526||SH0114
1809,LUBBOCK,LUBBOCK,33.5778,-101.9531,,SH0114,2031.5,619.0,-1412.5,33.5778,-101.9531,LUBBOCK|LUBBOCK|33.5778|-101.9531||SH0114
1810,LUBBOCK,LUBBOCK,33.5778,-101.9544,LA SALLE AVENUE,SH0114,2031.5,515.0,-1516.5,33.5778,-101.9544,LUBBOCK|LUBBOCK|33.5778|-101.9544|LA SALLE AVENUE|SH0114
1811,LUBBOCK,LUBBOCK,33.5778,-101.9549,,SH0114,4152.0,5914.0,1762.0,33.5778,-101.9549,LUBBOCK|LUBBOCK|33.5778|-101.9549||SH0114
1812,LUBBOCK,LUBBOCK,33.5778,-101.9562,,SH0114,4152.0,5822.0,1670.0,33.5778,-101.9562,LUBBOCK|LUBBOCK|33.5778|-101.9562||SH0114
1813,LUBBOCK,LUBBOCK,33.5778,-101.9568,,SH0114,2031.5,672.0,-1359.5,33.5778,-101.9568,LUBBOCK|LUBBOCK|33.5778|-101.9568||SH0114
1814,LUBBOCK,LUBBOCK,33.5778,-101.9572,MILWAUKEE AVENUE,SH0114,43.5,67.0,23.5,33.5778,-101.9572,LUBBOCK|LUBBOCK|33.5778|-101.9572|MILWAUKEE AVENUE|SH0114
1815,LUBBOCK,LUBBOCK,33.5778,-101.9572,SH0114,SL0289,4152.0,5832.0,1680.0,33.5778,-101.9572,LUBBOCK|LUBBOCK|33.5778|-101.9572|SH0114|SL0289
1816,LUBBOCK,LUBBOCK,33.5778,-101.9575,,SH0114,2031.5,906.0,-1125.5,33.5778,-101.9575,LUBBOCK|LUBBOCK|33.5778|-101.9575||SH0114
1817,LUBBOCK,LUBBOCK,33.5778,-101.9577,,SH0114,4152.0,5802.0,1650.0,33.5778,-101.9577,LUBBOCK|LUBBOCK|33.5778|-101.9577||SH0114
1818,LUBBOCK,LUBBOCK,33.5778,-101.9592,,SH0114,4152.0,5869.0,1717.0,33.5778,-101.9592,LUBBOCK|LUBBOCK|33.5778|-101.9592||SH0114
1819,LUBBOCK,LUBBOCK,33.5778,-101.9615,,SH0114,4152.0,5863.0,1711.0,33.5778,-101.9615,LUBBOCK|LUBBOCK|33.5778|-101.9615||SH0114
1820,LUBBOCK,LUBBOCK,33.5778,-101.9642,SH0114,SL0289,1312.0,5810.0,4498.0,33.5778,-101.9642,LUBBOCK|LUBBOCK|33.5778|-101.9642|SH0114|SL0289
1821,LUBBOCK,LUBBOCK,33.5778,-101.9643,SH0114,SL0289,4152.0,5868.0,1716.0,33.5778,-101.9643,LUBBOCK|LUBBOCK|33.5778|-101.9643|SH0114|SL0289
1822,LUBBOCK,LUBBOCK,33.5778,-101.9744,SH0114,SL0289,4152.0,4228.0,76.0,33.5778,-101.9744,LUBBOCK|LUBBOCK|33.5778|-101.9744|SH0114|SL0289
1823,LUBBOCK,LUBBOCK,33.5778,-101.9744,SH0114,UPLAND AVENUE,2031.5,429.0,-1602.5,33.5778,-101.9744,LUBBOCK|LUBBOCK|33.5778|-101.9744|SH0114|UPLAND AVENUE
1824,LUBBOCK,LUBBOCK,33.5778,-101.9745,SH0114,UPLAND AVENUE,4152.0,5578.0,1426.0,33.5778,-101.9745,LUBBOCK|LUBBOCK|33.5778|-101.9745|SH0114|UPLAND AVENUE
1825,LUBBOCK,LUBBOCK,33.5778,-101.9751,,SH0114,4152.0,5493.0,1341.0,33.5778,-101.9751,LUBBOCK|LUBBOCK|33.5778|-101.9751||SH0114
1826,LUBBOCK,LUBBOCK,33.5778,-101.9807,,SH0114,4152.0,4095.0,-57.0,33.5778,-101.9807,LUBBOCK|LUBBOCK|33.5778|-101.9807||SH0114
1827,LUBBOCK,LUBBOCK,33.5778,-101.9831,,SH0114,4152.0,5332.0,1180.0,33.5778,-101.9831,LUBBOCK|LUBBOCK|33.5778|-101.9831||SH0114
1828,LUBBOCK,LUBBOCK,33.5778,-101.9908,,SH0114,4152.0,4092.0,-60.0,33.5778,-101.9908,LUBBOCK|LUBBOCK|33.5778|-101.9908||SH0114
1829,LUBBOCK,LUBBOCK,33.5778,-101.9918,ALCOVE AVENUE,SH0114,4152.0,5665.0,1513.0,33.5778,-101.9918,LUBBOCK|LUBBOCK|33.5778|-101.9918|ALCOVE AVENUE|SH0114
1830,LUBBOCK,LUBBOCK,33.5778,-101.9931,,SH0114,4152.0,4389.0,237.0,33.5778,-101.9931,LUBBOCK|LUBBOCK|33.5778|-101.9931||SH0114
1831,LUBBOCK,LUBBOCK,33.5778,-101.9934,,SH0114,390.5,5560.0,5169.5,33.5778,-101.9934,LUBBOCK|LUBBOCK|33.5778|-101.9934||SH0114
1832,LUBBOCK,LUBBOCK,33.5778,-102.0000,,19TH STREET,1312.0,2421.0,1109.0,33.5778,-102.0,LUBBOCK|LUBBOCK|33.5778|-102.0000||19TH STREET
1833,LUBBOCK,LUBBOCK,33.5778,-102.0124,,SH0114,4152.0,3725.0,-427.0,33.5778,-102.0124,LUBBOCK|LUBBOCK|33.5778|-102.0124||SH0114
1834,LUBBOCK,LUBBOCK,33.5779,-101.8049,,E 19TH STREET,390.5,1440.0,1049.5,33.5779,-101.8049,LUBBOCK|LUBBOCK|33.5779|-101.8049||E 19TH STREET
1835,LUBBOCK,LUBBOCK,33.5779,-101.8359,,US0062,4152.0,1367.0,-2785.0,33.5779,-101.8359,LUBBOCK|LUBBOCK|33.5779|-101.8359||US0062
1836,LUBBOCK,LUBBOCK,33.5779,-101.8364,AVENUE A,US0062,4152.0,5090.0,938.0,33.5779,-101.8364,LUBBOCK|LUBBOCK|33.5779|-101.8364|AVENUE A|US0062
1837,LUBBOCK,LUBBOCK,33.5779,-101.8407,IH0027,US0062,11.5,48.0,36.5,33.5779,-101.8407,LUBBOCK|LUBBOCK|33.5779|-101.8407|IH0027|US0062
1838,LUBBOCK,LUBBOCK,33.5779,-101.8409,US0062,US0087,4152.0,2388.0,-1764.0,33.5779,-101.8409,LUBBOCK|LUBBOCK|33.5779|-101.8409|US0062|US0087
1839,LUBBOCK,LUBBOCK,33.5779,-101.8421,AVENUE F,US0062,4152.0,1919.0,-2233.0,33.5779,-101.8421,LUBBOCK|LUBBOCK|33.5779|-101.8421|AVENUE F|US0062
1840,LUBBOCK,LUBBOCK,33.5779,-101.8444,BUDDY HOLLY AVENUE,US0062,4152.0,3665.0,-487.0,33.5779,-101.8444,LUBBOCK|LUBBOCK|33.5779|-101.8444|BUDDY HOLLY AVENUE|US0062
1841,LUBBOCK,LUBBOCK,33.5779,-101.8446,BUDDY HOLLY AVENUE,US0062,4152.0,2832.0,-1320.0,33.5779,-101.8446,LUBBOCK|LUBBOCK|33.5779|-101.8446|BUDDY HOLLY AVENUE|US0062
1842,LUBBOCK,LUBBOCK,33.5779,-101.8454,,US0062,4152.0,4431.0,279.0,33.5779,-101.8454,LUBBOCK|LUBBOCK|33.5779|-101.8454||US0062
1843,LUBBOCK,LUBBOCK,33.5779,-101.8478,AVENUE K,US0062,4152.0,3674.0,-478.0,33.5779,-101.8478,LUBBOCK|LUBBOCK|33.5779|-101.8478|AVENUE K|US0062
1844,LUBBOCK,LUBBOCK,33.5779,-101.8486,,US0062,4152.0,4774.0,622.0,33.5779,-101.8486,LUBBOCK|LUBBOCK|33.5779|-101.8486||US0062
1845,LUBBOCK,LUBBOCK,33.5779,-101.8487,,US0062,4152.0,3970.0,-182.0,33.5779,-101.8487,LUBBOCK|LUBBOCK|33.5779|-101.8487||US0062
1846,LUBBOCK,LUBBOCK,33.5779,-101.8489,AVENUE L,US0062,4152.0,4205.0,53.0,33.5779,-101.8489,LUBBOCK|LUBBOCK|33.5779|-101.8489|AVENUE L|US0062
1847,LUBBOCK,LUBBOCK,33.5779,-101.8520,,US0062,4152.0,2461.0,-1691.0,33.5779,-101.852,LUBBOCK|LUBBOCK|33.5779|-101.8520||US0062
1848,LUBBOCK,LUBBOCK,33.5779,-101.8531,US0062,US0084,4152.0,2045.0,-2107.0,33.5779,-101.8531,LUBBOCK|LUBBOCK|33.5779|-101.8531|US0062|US0084
1849,LUBBOCK,LUBBOCK,33.5779,-101.8619,,AVENUE U,4152.0,1704.0,-2448.0,33.5779,-101.8619,LUBBOCK|LUBBOCK|33.5779|-101.8619||AVENUE U
1850,LUBBOCK,LUBBOCK,33.5779,-101.8707,UNIVERSITY AVENUE,US0062,135.5,60.0,-75.5,33.5779,-101.8707,LUBBOCK|LUBBOCK|33.5779|-101.8707|UNIVERSITY AVENUE|US0062
1851,LUBBOCK,LUBBOCK,33.5779,-101.8707,US0062,US0084,4152.0,5053.0,901.0,33.5779,-101.8707,LUBBOCK|LUBBOCK|33.5779|-101.8707|US0062|US0084
1852,LUBBOCK,LUBBOCK,33.5779,-101.8707,,US0062,4152.0,4881.0,729.0,33.5779,-101.8707,LUBBOCK|LUBBOCK|33.5779|-101.8707||US0062
1853,LUBBOCK,LUBBOCK,33.5779,-101.8711,,US0062,1312.0,5512.0,4200.0,33.5779,-101.8711,LUBBOCK|LUBBOCK|33.5779|-101.8711||US0062
1854,LUBBOCK,LUBBOCK,33.5779,-101.8744,,US0062,4152.0,3092.0,-1060.0,33.5779,-101.8744,LUBBOCK|LUBBOCK|33.5779|-101.8744||US0062
1855,LUBBOCK,LUBBOCK,33.5779,-101.8747,,US0062,4152.0,4989.0,837.0,33.5779,-101.8747,LUBBOCK|LUBBOCK|33.5779|-101.8747||US0062
1856,LUBBOCK,LUBBOCK,33.5779,-101.8752,BOSTON AVENUE,US0062,75.0,63.0,-12.0,33.5779,-101.8752,LUBBOCK|LUBBOCK|33.5779|-101.8752|BOSTON AVENUE|US0062
1857,LUBBOCK,LUBBOCK,33.5779,-101.8752,US0062,US0084,4152.0,5082.0,930.0,33.5779,-101.8752,LUBBOCK|LUBBOCK|33.5779|-101.8752|US0062|US0084
1858,LUBBOCK,LUBBOCK,33.5779,-101.8752,,US0062,4152.0,5438.0,1286.0,33.5779,-101.8752,LUBBOCK|LUBBOCK|33.5779|-101.8752||US0062
1859,LUBBOCK,LUBBOCK,33.5779,-101.8766,,US0062,4152.0,5473.0,1321.0,33.5779,-101.8766,LUBBOCK|LUBBOCK|33.5779|-101.8766||US0062
1860,LUBBOCK,LUBBOCK,33.5779,-101.8878,,US0062,1312.0,4994.0,3682.0,33.5779,-101.8878,LUBBOCK|LUBBOCK|33.5779|-101.8878||US0062
1861,LUBBOCK,LUBBOCK,33.5779,-101.8880,INDIANA AVENUE,US0062,75.0,68.0,-7.0,33.5779,-101.888,LUBBOCK|LUBBOCK|33.5779|-101.8880|INDIANA AVENUE|US0062
1862,LUBBOCK,LUBBOCK,33.5779,-101.8880,US0062,US0082,4152.0,5725.0,1573.0,33.5779,-101.888,LUBBOCK|LUBBOCK|33.5779|-101.8880|US0062|US0082
1863,LUBBOCK,LUBBOCK,33.5779,-101.8883,INDIANA AVENUE,US0062,1312.0,4359.0,3047.0,33.5779,-101.8883,LUBBOCK|LUBBOCK|33.5779|-101.8883|INDIANA AVENUE|US0062
1864,LUBBOCK,LUBBOCK,33.5779,-101.8886,,US0062,4152.0,5724.0,1572.0,33.5779,-101.8886,LUBBOCK|LUBBOCK|33.5779|-101.8886||US0062
1865,LUBBOCK,LUBBOCK,33.5779,-101.8942,LOUISVILLE AVENUE,TEXAS PLAINS TRL,4152.0,2596.0,-1556.0,33.5779,-101.8942,LUBBOCK|LUBBOCK|33.5779|-101.8942|LOUISVILLE AVENUE|TEXAS PLAINS TRL
1866,LUBBOCK,LUBBOCK,33.5779,-101.8943,US0062,US0082,4152.0,5084.0,932.0,33.5779,-101.8943,LUBBOCK|LUBBOCK|33.5779|-101.8943|US0062|US0082
1867,LUBBOCK,LUBBOCK,33.5779,-101.8962,,US0062,4152.0,5142.0,990.0,33.5779,-101.8962,LUBBOCK|LUBBOCK|33.5779|-101.8962||US0062
1868,LUBBOCK,LUBBOCK,33.5779,-101.8964,MEMPHIS AVENUE,US0062,43.5,23.0,-20.5,33.5779,-101.8964,LUBBOCK|LUBBOCK|33.5779|-101.8964|MEMPHIS AVENUE|US0062
1869,LUBBOCK,LUBBOCK,33.5779,-101.8967,MEMPHIS AVENUE,US0062,2031.5,451.0,-1580.5,33.5779,-101.8967,LUBBOCK|LUBBOCK|33.5779|-101.8967|MEMPHIS AVENUE|US0062
1870,LUBBOCK,LUBBOCK,33.5779,-101.9002,,US0062,4152.0,4643.0,491.0,33.5779,-101.9002,LUBBOCK|LUBBOCK|33.5779|-101.9002||US0062
1871,LUBBOCK,LUBBOCK,33.5779,-101.9004,,US0082,4152.0,5846.0,1694.0,33.5779,-101.9004,LUBBOCK|LUBBOCK|33.5779|-101.9004||US0082
1872,LUBBOCK,LUBBOCK,33.5779,-101.9030,,SH0114,1312.0,5237.0,3925.0,33.5779,-101.903,LUBBOCK|LUBBOCK|33.5779|-101.9030||SH0114
1873,LUBBOCK,LUBBOCK,33.5779,-101.9041,,SH0114,4152.0,5677.0,1525.0,33.5779,-101.9041,LUBBOCK|LUBBOCK|33.5779|-101.9041||SH0114
1874,LUBBOCK,LUBBOCK,33.5779,-101.9044,,SH0114,4152.0,5502.0,1350.0,33.5779,-101.9044,LUBBOCK|LUBBOCK|33.5779|-101.9044||SH0114
1875,LUBBOCK,LUBBOCK,33.5779,-101.9051,QUAKER AVENUE,SH0114,2031.5,467.0,-1564.5,33.5779,-101.9051,LUBBOCK|LUBBOCK|33.5779|-101.9051|QUAKER AVENUE|SH0114
1876,LUBBOCK,LUBBOCK,33.5779,-101.9051,,SH0114,4152.0,5721.0,1569.0,33.5779,-101.9051,LUBBOCK|LUBBOCK|33.5779|-101.9051||SH0114
1877,LUBBOCK,LUBBOCK,33.5779,-101.9054,QUAKER AVENUE,SH0114,4152.0,4935.0,783.0,33.5779,-101.9054,LUBBOCK|LUBBOCK|33.5779|-101.9054|QUAKER AVENUE|SH0114
1878,LUBBOCK,LUBBOCK,33.5779,-101.9054,,SH0114,4152.0,4370.0,218.0,33.5779,-101.9054,LUBBOCK|LUBBOCK|33.5779|-101.9054||SH0114
1879,LUBBOCK,LUBBOCK,33.5779,-101.9057,,SH0114,4152.0,5630.0,1478.0,33.5779,-101.9057,LUBBOCK|LUBBOCK|33.5779|-101.9057||SH0114
1880,LUBBOCK,LUBBOCK,33.5779,-101.9067,,SH0114,4152.0,3985.0,-167.0,33.5779,-101.9067,LUBBOCK|LUBBOCK|33.5779|-101.9067||SH0114
1881,LUBBOCK,LUBBOCK,33.5779,-101.9073,RALEIGH AVENUE,SH0114,4152.0,5747.0,1595.0,33.5779,-101.9073,LUBBOCK|LUBBOCK|33.5779|-101.9073|RALEIGH AVENUE|SH0114
1882,LUBBOCK,LUBBOCK,33.5779,-101.9439,SH0114,SL0289,4152.0,5790.0,1638.0,33.5779,-101.9439,LUBBOCK|LUBBOCK|33.5779|-101.9439|SH0114|SL0289
1883,LUBBOCK,LUBBOCK,33.5779,-101.9439,,SL0289,4152.0,5692.0,1540.0,33.5779,-101.9439,LUBBOCK|LUBBOCK|33.5779|-101.9439||SL0289
1884,LUBBOCK,LUBBOCK,33.5780,-101.8287,,US0062,4152.0,1243.0,-2909.0,33.578,-101.8287,LUBBOCK|LUBBOCK|33.5780|-101.8287||US0062
1885,LUBBOCK,LUBBOCK,33.5780,-101.8294,COMPRESS AVENUE,US0062,4152.0,3042.0,-1110.0,33.578,-101.8294,LUBBOCK|LUBBOCK|33.5780|-101.8294|COMPRESS AVENUE|US0062
1886,LUBBOCK,LUBBOCK,33.5780,-101.8407,,IH0027,4152.0,5922.0,1770.0,33.578,-101.8407,LUBBOCK|LUBBOCK|33.5780|-101.8407||IH0027
1887,LUBBOCK,LUBBOCK,33.5780,-101.8752,,BOSTON AVENUE,4152.0,5303.0,1151.0,33.578,-101.8752,LUBBOCK|LUBBOCK|33.5780|-101.8752||BOSTON AVENUE
1888,LUBBOCK,LUBBOCK,33.5780,-101.8776,DETROIT AVENUE,US0062,4152.0,4507.0,355.0,33.578,-101.8776,LUBBOCK|LUBBOCK|33.5780|-101.8776|DETROIT AVENUE|US0062
1889,LUBBOCK,LUBBOCK,33.5780,-101.8806,FLINT AVENUE,US0062,4152.0,5602.0,1450.0,33.578,-101.8806,LUBBOCK|LUBBOCK|33.5780|-101.8806|FLINT AVENUE|US0062
1890,LUBBOCK,LUBBOCK,33.5780,-101.8808,,US0062,4152.0,5600.0,1448.0,33.578,-101.8808,LUBBOCK|LUBBOCK|33.5780|-101.8808||US0062
1891,LUBBOCK,LUBBOCK,33.5780,-101.8809,,US0062,4152.0,4683.0,531.0,33.578,-101.8809,LUBBOCK|LUBBOCK|33.5780|-101.8809||US0062
1892,LUBBOCK,LUBBOCK,33.5780,-101.8812,FLINT AVENUE,US0062,1312.0,179.0,-1133.0,33.578,-101.8812,LUBBOCK|LUBBOCK|33.5780|-101.8812|FLINT AVENUE|US0062
1893,LUBBOCK,LUBBOCK,33.5780,-101.8813,FLINT AVENUE,US0062,135.5,62.0,-73.5,33.578,-101.8813,LUBBOCK|LUBBOCK|33.5780|-101.8813|FLINT AVENUE|US0062
1894,LUBBOCK,LUBBOCK,33.5780,-101.8813,US0062,US0082,4152.0,4036.0,-116.0,33.578,-101.8813,LUBBOCK|LUBBOCK|33.5780|-101.8813|US0062|US0082
1895,LUBBOCK,LUBBOCK,33.5780,-101.8813,,US0062,1312.0,4699.0,3387.0,33.578,-101.8813,LUBBOCK|LUBBOCK|33.5780|-101.8813||US0062
1896,LUBBOCK,LUBBOCK,33.5780,-101.8819,,US0062,4152.0,5485.0,1333.0,33.578,-101.8819,LUBBOCK|LUBBOCK|33.5780|-101.8819||US0062
1897,LUBBOCK,LUBBOCK,33.5780,-101.8842,,US0062,4152.0,2755.0,-1397.0,33.578,-101.8842,LUBBOCK|LUBBOCK|33.5780|-101.8842||US0062
1898,LUBBOCK,LUBBOCK,33.5780,-101.8850,,US0062,1312.0,2958.0,1646.0,33.578,-101.885,LUBBOCK|LUBBOCK|33.5780|-101.8850||US0062
1899,LUBBOCK,LUBBOCK,33.5780,-101.8856,HARTFORD AVENUE,US0062,4152.0,2555.0,-1597.0,33.578,-101.8856,LUBBOCK|LUBBOCK|33.5780|-101.8856|HARTFORD AVENUE|US0062
1900,LUBBOCK,LUBBOCK,33.5780,-101.8857,HARTFORD AVENUE,US0062,4152.0,3367.0,-785.0,33.578,-101.8857,LUBBOCK|LUBBOCK|33.5780|-101.8857|HARTFORD AVENUE|US0062
1901,LUBBOCK,LUBBOCK,33.5780,-101.8989,,US0062,1312.0,4853.0,3541.0,33.578,-101.8989,LUBBOCK|LUBBOCK|33.5780|-101.8989||US0062
1902,LUBBOCK,LUBBOCK,33.5781,-101.8250,IH0027,US0062,390.5,1003.0,612.5,33.5781,-101.825,LUBBOCK|LUBBOCK|33.5781|-101.8250|IH0027|US0062
1903,LUBBOCK,LUBBOCK,33.5781,-101.8251,,US0062,4152.0,2908.0,-1244.0,33.5781,-101.8251,LUBBOCK|LUBBOCK|33.5781|-101.8251||US0062
1904,LUBBOCK,LUBBOCK,33.5781,-101.8406,,IH0027,4152.0,5910.0,1758.0,33.5781,-101.8406,LUBBOCK|LUBBOCK|33.5781|-101.8406||IH0027
1905,LUBBOCK,LUBBOCK,33.5781,-101.8552,US0062,US0084,4152.0,5567.0,1415.0,33.5781,-101.8552,LUBBOCK|LUBBOCK|33.5781|-101.8552|US0062|US0084
1906,LUBBOCK,LUBBOCK,33.5782,-101.8231,,US0062,4152.0,4306.0,154.0,33.5782,-101.8231,LUBBOCK|LUBBOCK|33.5782|-101.8231||US0062
1907,LUBBOCK,LUBBOCK,33.5783,-101.9744,,UPLAND AVENUE,4152.0,1383.0,-2769.0,33.5783,-101.9744,LUBBOCK|LUBBOCK|33.5783|-101.9744||UPLAND AVENUE
1908,LUBBOCK,LUBBOCK,33.5784,-101.8552,,US0084,4152.0,4941.0,789.0,33.5784,-101.8552,LUBBOCK|LUBBOCK|33.5784|-101.8552||US0084
1909,LUBBOCK,LUBBOCK,33.5785,-101.9438,,SL0289,4152.0,5776.0,1624.0,33.5785,-101.9438,LUBBOCK|LUBBOCK|33.5785|-101.9438||SL0289
1910,LUBBOCK,LUBBOCK,33.5787,-101.9359,,ELKHART AVENUE,4152.0,3686.0,-466.0,33.5787,-101.9359,LUBBOCK|LUBBOCK|33.5787|-101.9359||ELKHART AVENUE
1911,LUBBOCK,LUBBOCK,33.5788,-101.8204,OAK AVENUE,US0062,2031.5,241.0,-1790.5,33.5788,-101.8204,LUBBOCK|LUBBOCK|33.5788|-101.8204|OAK AVENUE|US0062
1912,LUBBOCK,LUBBOCK,33.5788,-101.9051,,QUAKER AVENUE,4152.0,4762.0,610.0,33.5788,-101.9051,LUBBOCK|LUBBOCK|33.5788|-101.9051||QUAKER AVENUE
1913,LUBBOCK,LUBBOCK,33.5790,-101.8364,18TH STREET,AVENUE A,4152.0,4093.0,-59.0,33.579,-101.8364,LUBBOCK|LUBBOCK|33.5790|-101.8364|18TH STREET|AVENUE A
1914,LUBBOCK,LUBBOCK,33.5790,-101.8444,18TH STREET,BUDDY HOLLY AVENUE,4152.0,2304.0,-1848.0,33.579,-101.8444,LUBBOCK|LUBBOCK|33.5790|-101.8444|18TH STREET|BUDDY HOLLY AVENUE
1915,LUBBOCK,LUBBOCK,33.5790,-101.8444,BUDDY HOLLY AVENUE,BUDDY HOLLY AVENUE,1312.0,5305.0,3993.0,33.579,-101.8444,LUBBOCK|LUBBOCK|33.5790|-101.8444|BUDDY HOLLY AVENUE|BUDDY HOLLY AVENUE
1916,LUBBOCK,LUBBOCK,33.5790,-101.8456,,TEXAS AVENUE,4152.0,3645.0,-507.0,33.579,-101.8456,LUBBOCK|LUBBOCK|33.5790|-101.8456||TEXAS AVENUE
1917,LUBBOCK,LUBBOCK,33.5791,-101.8683,,AVENUE X,4152.0,5046.0,894.0,33.5791,-101.8683,LUBBOCK|LUBBOCK|33.5791|-101.8683||AVENUE X
1918,LUBBOCK,LUBBOCK,33.5792,-101.9020,18TH STREET,ORLANDO AVENUE,4152.0,5004.0,852.0,33.5792,-101.902,LUBBOCK|LUBBOCK|33.5792|-101.9020|18TH STREET|ORLANDO AVENUE
1919,LUBBOCK,LUBBOCK,33.5793,-101.8979,,US0082,390.5,5891.0,5500.5,33.5793,-101.8979,LUBBOCK|LUBBOCK|33.5793|-101.8979||US0082
1920,LUBBOCK,LUBBOCK,33.5795,-101.8184,IH0027,US0062,75.0,101.0,26.0,33.5795,-101.8184,LUBBOCK|LUBBOCK|33.5795|-101.8184|IH0027|US0062
1921,LUBBOCK,LUBBOCK,33.5795,-101.8184,MARTIN LUTHER KING BOULEVARD,US0062,4152.0,3840.0,-312.0,33.5795,-101.8184,LUBBOCK|LUBBOCK|33.5795|-101.8184|MARTIN LUTHER KING BOULEVARD|US0062
1922,LUBBOCK,LUBBOCK,33.5795,-101.8184,MARTIN LUTHER KING JR BOULEVARD,US0062,2031.5,389.0,-1642.5,33.5795,-101.8184,LUBBOCK|LUBBOCK|33.5795|-101.8184|MARTIN LUTHER KING JR BOULEVARD|US0062
1923,LUBBOCK,LUBBOCK,33.5795,-101.8185,MARTIN LUTHER KING BOULEVARD,US0062,4152.0,3897.0,-255.0,33.5795,-101.8185,LUBBOCK|LUBBOCK|33.5795|-101.8185|MARTIN LUTHER KING BOULEVARD|US0062
1924,LUBBOCK,LUBBOCK,33.5795,-101.8886,INDIANA AVENUE,TEXAS TECH PKWY,4152.0,3108.0,-1044.0,33.5795,-101.8886,LUBBOCK|LUBBOCK|33.5795|-101.8886|INDIANA AVENUE|TEXAS TECH PKWY
1925,LUBBOCK,LUBBOCK,33.5796,-101.8184,IH0027,US0062,99.0,177.0,78.0,33.5796,-101.8184,LUBBOCK|LUBBOCK|33.5796|-101.8184|IH0027|US0062
1926,LUBBOCK,LUBBOCK,33.5796,-101.8184,,MARTIN LUTHER KING BOULEVARD,4152.0,3601.0,-551.0,33.5796,-101.8184,LUBBOCK|LUBBOCK|33.5796|-101.8184||MARTIN LUTHER KING BOULEVARD
1927,LUBBOCK,LUBBOCK,33.5796,-101.8887,INDIANA AVENUE,TEXAS TECH PKWY,1312.0,183.0,-1129.0,33.5796,-101.8887,LUBBOCK|LUBBOCK|33.5796|-101.8887|INDIANA AVENUE|TEXAS TECH PKWY
1928,LUBBOCK,LUBBOCK,33.5797,-101.8398,,IH0027,390.5,5831.0,5440.5,33.5797,-101.8398,LUBBOCK|LUBBOCK|33.5797|-101.8398||IH0027
1929,LUBBOCK,LUBBOCK,33.5798,-101.8221,,E 17TH STREET,4152.0,4946.0,794.0,33.5798,-101.8221,LUBBOCK|LUBBOCK|33.5798|-101.8221||E 17TH STREET
1930,LUBBOCK,LUBBOCK,33.5798,-101.8552,,US0084,4152.0,5712.0,1560.0,33.5798,-101.8552,LUBBOCK|LUBBOCK|33.5798|-101.8552||US0084
1931,LUBBOCK,LUBBOCK,33.5798,-101.8771,,18TH STREET,4152.0,4811.0,659.0,33.5798,-101.8771,LUBBOCK|LUBBOCK|33.5798|-101.8771||18TH STREET
1932,LUBBOCK,LUBBOCK,33.5798,-101.8785,,18TH STREET,4152.0,5169.0,1017.0,33.5798,-101.8785,LUBBOCK|LUBBOCK|33.5798|-101.8785||18TH STREET
1933,LUBBOCK,LUBBOCK,33.5799,-101.8552,17TH STREET,US0084,4152.0,5749.0,1597.0,33.5799,-101.8552,LUBBOCK|LUBBOCK|33.5799|-101.8552|17TH STREET|US0084
1934,LUBBOCK,LUBBOCK,33.5799,-101.8552,US0062,US0084,4152.0,5771.0,1619.0,33.5799,-101.8552,LUBBOCK|LUBBOCK|33.5799|-101.8552|US0062|US0084
1935,LUBBOCK,LUBBOCK,33.5799,-101.8662,17TH STREET,W AVENUE,4152.0,4144.0,-8.0,33.5799,-101.8662,LUBBOCK|LUBBOCK|33.5799|-101.8662|17TH STREET|W AVENUE
1936,LUBBOCK,LUBBOCK,33.5799,-101.8664,,17TH STREET,4152.0,4146.0,-6.0,33.5799,-101.8664,LUBBOCK|LUBBOCK|33.5799|-101.8664||17TH STREET
1937,LUBBOCK,LUBBOCK,33.5801,-101.8814,,FLINT AVENUE,4152.0,3525.0,-627.0,33.5801,-101.8814,LUBBOCK|LUBBOCK|33.5801|-101.8814||FLINT AVENUE
1938,LUBBOCK,LUBBOCK,33.5801,-102.0091,17TH STREET,FM0179,4152.0,925.0,-3227.0,33.5801,-102.0091,LUBBOCK|LUBBOCK|33.5801|-102.0091|17TH STREET|FM0179
1939,LUBBOCK,LUBBOCK,33.5803,-101.8739,,AKRON AVENUE,4152.0,1333.0,-2819.0,33.5803,-101.8739,LUBBOCK|LUBBOCK|33.5803|-101.8739||AKRON AVENUE
1940,LUBBOCK,LUBBOCK,33.5803,-101.8812,18TH STREET,FLINT AVENUE,4152.0,5239.0,1087.0,33.5803,-101.8812,LUBBOCK|LUBBOCK|33.5803|-101.8812|18TH STREET|FLINT AVENUE
1941,LUBBOCK,LUBBOCK,33.5803,-101.8924,TEXAS TECH PKWY,TEXAS TECH PKWY,4152.0,5297.0,1145.0,33.5803,-101.8924,LUBBOCK|LUBBOCK|33.5803|-101.8924|TEXAS TECH PKWY|TEXAS TECH PKWY
1942,LUBBOCK,LUBBOCK,33.5804,-101.8162,,US0062,4152.0,3119.0,-1033.0,33.5804,-101.8162,LUBBOCK|LUBBOCK|33.5804|-101.8162||US0062
1943,LUBBOCK,LUBBOCK,33.5804,-101.8813,18TH STREET,FLINT AVENUE,4152.0,3920.0,-232.0,33.5804,-101.8813,LUBBOCK|LUBBOCK|33.5804|-101.8813|18TH STREET|FLINT AVENUE
1944,LUBBOCK,LUBBOCK,33.5804,-101.8925,,TEXAS TECH PKWY,4152.0,4741.0,589.0,33.5804,-101.8925,LUBBOCK|LUBBOCK|33.5804|-101.8925||TEXAS TECH PKWY
1945,LUBBOCK,LUBBOCK,33.5805,-101.7877,,SL0289,4152.0,2849.0,-1303.0,33.5805,-101.7877,LUBBOCK|LUBBOCK|33.5805|-101.7877||SL0289
1946,LUBBOCK,LUBBOCK,33.5805,-101.8577,,S AVENUE,4152.0,5363.0,1211.0,33.5805,-101.8577,LUBBOCK|LUBBOCK|33.5805|-101.8577||S AVENUE
1947,LUBBOCK,LUBBOCK,33.5805,-101.8832,,18TH STREET,4152.0,4681.0,529.0,33.5805,-101.8832,LUBBOCK|LUBBOCK|33.5805|-101.8832||18TH STREET
1948,LUBBOCK,LUBBOCK,33.5805,-101.8880,18TH STREET,INDIANA AVENUE,4152.0,1295.0,-2857.0,33.5805,-101.888,LUBBOCK|LUBBOCK|33.5805|-101.8880|18TH STREET|INDIANA AVENUE
1949,LUBBOCK,LUBBOCK,33.5806,-101.8552,,US0084,1312.0,5571.0,4259.0,33.5806,-101.8552,LUBBOCK|LUBBOCK|33.5806|-101.8552||US0084
1950,LUBBOCK,LUBBOCK,33.5806,-101.9224,17TH STREET,SLIDE ROAD,4152.0,3029.0,-1123.0,33.5806,-101.9224,LUBBOCK|LUBBOCK|33.5806|-101.9224|17TH STREET|SLIDE ROAD
1951,LUBBOCK,LUBBOCK,33.5806,-101.9311,17TH STREET,CHICAGO AVENUE,4152.0,2948.0,-1204.0,33.5806,-101.9311,LUBBOCK|LUBBOCK|33.5806|-101.9311|17TH STREET|CHICAGO AVENUE
1952,LUBBOCK,LUBBOCK,33.5806,-101.9398,16TH STREET,FRANKFORD AVENUE,4152.0,2622.0,-1530.0,33.5806,-101.9398,LUBBOCK|LUBBOCK|33.5806|-101.9398|16TH STREET|FRANKFORD AVENUE
1953,LUBBOCK,LUBBOCK,33.5807,-101.9224,17TH STREET,SLIDE ROAD,1312.0,4006.0,2694.0,33.5807,-101.9224,LUBBOCK|LUBBOCK|33.5807|-101.9224|17TH STREET|SLIDE ROAD
1954,LUBBOCK,LUBBOCK,33.5808,-101.8456,16TH STREET,TEXAS AVENUE,4152.0,3314.0,-838.0,33.5808,-101.8456,LUBBOCK|LUBBOCK|33.5808|-101.8456|16TH STREET|TEXAS AVENUE
1955,LUBBOCK,LUBBOCK,33.5808,-101.8565,16TH STREET,AVENUE R,4152.0,3764.0,-388.0,33.5808,-101.8565,LUBBOCK|LUBBOCK|33.5808|-101.8565|16TH STREET|AVENUE R
1956,LUBBOCK,LUBBOCK,33.5808,-101.8619,,16TH STREET,4152.0,5024.0,872.0,33.5808,-101.8619,LUBBOCK|LUBBOCK|33.5808|-101.8619||16TH STREET
1957,LUBBOCK,LUBBOCK,33.5810,-101.8184,,E 16TH STREET,2031.5,434.0,-1597.5,33.581,-101.8184,LUBBOCK|LUBBOCK|33.5810|-101.8184||E 16TH STREET
1958,LUBBOCK,LUBBOCK,33.5810,-101.8552,,US0084,4152.0,4992.0,840.0,33.581,-101.8552,LUBBOCK|LUBBOCK|33.5810|-101.8552||US0084
1959,LUBBOCK,LUBBOCK,33.5810,-101.8813,,FLINT AVENUE,4152.0,4257.0,105.0,33.581,-101.8813,LUBBOCK|LUBBOCK|33.5810|-101.8813||FLINT AVENUE
1960,LUBBOCK,LUBBOCK,33.5810,-101.8949,,US0082,4152.0,5947.0,1795.0,33.581,-101.8949,LUBBOCK|LUBBOCK|33.5810|-101.8949||US0082
1961,LUBBOCK,LUBBOCK,33.5811,-101.8941,TEXAS TECH PKWY,TEXAS TECH PKWY,4152.0,4098.0,-54.0,33.5811,-101.8941,LUBBOCK|LUBBOCK|33.5811|-101.8941|TEXAS TECH PKWY|TEXAS TECH PKWY
1962,LUBBOCK,LUBBOCK,33.5811,-101.9051,,QUAKER AVENUE,4152.0,4696.0,544.0,33.5811,-101.9051,LUBBOCK|LUBBOCK|33.5811|-101.9051||QUAKER AVENUE
1963,LUBBOCK,LUBBOCK,33.5813,-101.8552,,US0084,4152.0,5606.0,1454.0,33.5813,-101.8552,LUBBOCK|LUBBOCK|33.5813|-101.8552||US0084
1964,LUBBOCK,LUBBOCK,33.5814,-101.8943,TEXAS TECH PKWY,US0082,4152.0,5860.0,1708.0,33.5814,-101.8943,LUBBOCK|LUBBOCK|33.5814|-101.8943|TEXAS TECH PKWY|US0082
1965,LUBBOCK,LUBBOCK,33.5814,-101.8943,US0062,US0082,4152.0,5877.0,1725.0,33.5814,-101.8943,LUBBOCK|LUBBOCK|33.5814|-101.8943|US0062|US0082
1966,LUBBOCK,LUBBOCK,33.5815,-101.8942,US0062,US0082,4152.0,5946.0,1794.0,33.5815,-101.8942,LUBBOCK|LUBBOCK|33.5815|-101.8942|US0062|US0082
1967,LUBBOCK,LUBBOCK,33.5816,-101.7877,,SL0289,4152.0,5541.0,1389.0,33.5816,-101.7877,LUBBOCK|LUBBOCK|33.5816|-101.7877||SL0289
1968,LUBBOCK,LUBBOCK,33.5816,-101.8946,MARSHA SHARP FWY,TEXAS TECH PKWY,1312.0,197.0,-1115.0,33.5816,-101.8946,LUBBOCK|LUBBOCK|33.5816|-101.8946|MARSHA SHARP FWY|TEXAS TECH PKWY
1969,LUBBOCK,LUBBOCK,33.5816,-101.9224,,SLIDE ROAD,4152.0,4178.0,26.0,33.5816,-101.9224,LUBBOCK|LUBBOCK|33.5816|-101.9224||SLIDE ROAD
1970,LUBBOCK,LUBBOCK,33.5817,-101.8552,US0062,US0084,669.0,508.0,-161.0,33.5817,-101.8552,LUBBOCK|LUBBOCK|33.5817|-101.8552|US0062|US0084
1971,LUBBOCK,LUBBOCK,33.5817,-101.8565,15TH STREET,AVENUE R,4152.0,4580.0,428.0,33.5817,-101.8565,LUBBOCK|LUBBOCK|33.5817|-101.8565|15TH STREET|AVENUE R
1972,LUBBOCK,LUBBOCK,33.5817,-101.8582,,15TH STREET,390.5,1730.0,1339.5,33.5817,-101.8582,LUBBOCK|LUBBOCK|33.5817|-101.8582||15TH STREET
1973,LUBBOCK,LUBBOCK,33.5817,-101.8590,,15TH STREET,4152.0,4083.0,-69.0,33.5817,-101.859,LUBBOCK|LUBBOCK|33.5817|-101.8590||15TH STREET
1974,LUBBOCK,LUBBOCK,33.5817,-101.8626,,15TH STREET,4152.0,4593.0,441.0,33.5817,-101.8626,LUBBOCK|LUBBOCK|33.5817|-101.8626||15TH STREET
1975,LUBBOCK,LUBBOCK,33.5817,-101.8707,15TH STREET,UNIVERSITY AVENUE,4152.0,3047.0,-1105.0,33.5817,-101.8707,LUBBOCK|LUBBOCK|33.5817|-101.8707|15TH STREET|UNIVERSITY AVENUE
1976,LUBBOCK,LUBBOCK,33.5818,-101.8552,,US0084,4152.0,5655.0,1503.0,33.5818,-101.8552,LUBBOCK|LUBBOCK|33.5818|-101.8552||US0084
1977,LUBBOCK,LUBBOCK,33.5819,-101.8814,,FLINT AVENUE,4152.0,2806.0,-1346.0,33.5819,-101.8814,LUBBOCK|LUBBOCK|33.5819|-101.8814||FLINT AVENUE
1978,LUBBOCK,LUBBOCK,33.5819,-101.8949,,TEXAS TECH PKWY,1312.0,1871.0,559.0,33.5819,-101.8949,LUBBOCK|LUBBOCK|33.5819|-101.8949||TEXAS TECH PKWY
1979,LUBBOCK,LUBBOCK,33.5820,-101.8148,E 15TH STREET,TEAK AVENUE,4152.0,2768.0,-1384.0,33.582,-101.8148,LUBBOCK|LUBBOCK|33.5820|-101.8148|E 15TH STREET|TEAK AVENUE
1980,LUBBOCK,LUBBOCK,33.5820,-101.8432,,AVENUE G,4152.0,2990.0,-1162.0,33.582,-101.8432,LUBBOCK|LUBBOCK|33.5820|-101.8432||AVENUE G
1981,LUBBOCK,LUBBOCK,33.5820,-101.9424,,SL0289,390.5,5762.0,5371.5,33.582,-101.9424,LUBBOCK|LUBBOCK|33.5820|-101.9424||SL0289
1982,LUBBOCK,LUBBOCK,33.5821,-101.8242,,CANYON LAKE DRIVE,4152.0,2597.0,-1555.0,33.5821,-101.8242,LUBBOCK|LUBBOCK|33.5821|-101.8242||CANYON LAKE DRIVE
1983,LUBBOCK,LUBBOCK,33.5822,-101.8739,15TH STREET,AKRON AVENUE,2031.5,436.0,-1595.5,33.5822,-101.8739,LUBBOCK|LUBBOCK|33.5822|-101.8739|15TH STREET|AKRON AVENUE
1984,LUBBOCK,LUBBOCK,33.5823,-101.7989,E 15TH STREET,HOLLY AVENUE,4152.0,2957.0,-1195.0,33.5823,-101.7989,LUBBOCK|LUBBOCK|33.5823|-101.7989|E 15TH STREET|HOLLY AVENUE
1985,LUBBOCK,LUBBOCK,33.5823,-101.8598,,AVENUE T,4152.0,2709.0,-1443.0,33.5823,-101.8598,LUBBOCK|LUBBOCK|33.5823|-101.8598||AVENUE T
1986,LUBBOCK,LUBBOCK,33.5823,-101.8929,,US0082,4152.0,5940.0,1788.0,33.5823,-101.8929,LUBBOCK|LUBBOCK|33.5823|-101.8929||US0082
1987,LUBBOCK,LUBBOCK,33.5825,-101.9357,,ELKHART AVENUE,4152.0,3997.0,-155.0,33.5825,-101.9357,LUBBOCK|LUBBOCK|33.5825|-101.9357||ELKHART AVENUE
1988,LUBBOCK,LUBBOCK,33.5829,-101.8919,,US0082,4152.0,5842.0,1690.0,33.5829,-101.8919,LUBBOCK|LUBBOCK|33.5829|-101.8919||US0082
1989,LUBBOCK,LUBBOCK,33.5829,-101.8959,,TEXAS TECH PKWY,4152.0,4718.0,566.0,33.5829,-101.8959,LUBBOCK|LUBBOCK|33.5829|-101.8959||TEXAS TECH PKWY
1990,LUBBOCK,LUBBOCK,33.5832,-101.8011,E 14TH STREET,GUAVA AVENUE,1312.0,3878.0,2566.0,33.5832,-101.8011,LUBBOCK|LUBBOCK|33.5832|-101.8011|E 14TH STREET|GUAVA AVENUE
1991,LUBBOCK,LUBBOCK,33.5833,-101.8364,,AVENUE A,4152.0,1764.0,-2388.0,33.5833,-101.8364,LUBBOCK|LUBBOCK|33.5833|-101.8364||AVENUE A
1992,LUBBOCK,LUBBOCK,33.5833,-101.9051,GREEK CIR,QUAKER AVENUE,4152.0,5005.0,853.0,33.5833,-101.9051,LUBBOCK|LUBBOCK|33.5833|-101.9051|GREEK CIR|QUAKER AVENUE
1993,LUBBOCK,LUBBOCK,33.5833,-101.9311,,CHICAGO AVENUE,1312.0,3403.0,2091.0,33.5833,-101.9311,LUBBOCK|LUBBOCK|33.5833|-101.9311||CHICAGO AVENUE
1994,LUBBOCK,LUBBOCK,33.5834,-101.8706,BROADWAY,UNIVERSITY AVENUE,4152.0,2054.0,-2098.0,33.5834,-101.8706,LUBBOCK|LUBBOCK|33.5834|-101.8706|BROADWAY|UNIVERSITY AVENUE
1995,LUBBOCK,LUBBOCK,33.5834,-101.9415,,SL0289,4152.0,5615.0,1463.0,33.5834,-101.9415,LUBBOCK|LUBBOCK|33.5834|-101.9415||SL0289
1996,LUBBOCK,LUBBOCK,33.5835,-101.8552,US0062,US0084,4152.0,5594.0,1442.0,33.5835,-101.8552,LUBBOCK|LUBBOCK|33.5835|-101.8552|US0062|US0084
1997,LUBBOCK,LUBBOCK,33.5835,-101.8552,,US0084,4152.0,5018.0,866.0,33.5835,-101.8552,LUBBOCK|LUBBOCK|33.5835|-101.8552||US0084
1998,LUBBOCK,LUBBOCK,33.5835,-101.9571,,MILWAUKEE AVENUE,1312.0,4516.0,3204.0,33.5835,-101.9571,LUBBOCK|LUBBOCK|33.5835|-101.9571||MILWAUKEE AVENUE
1999,LUBBOCK,LUBBOCK,33.5836,-101.8552,,US0084,4152.0,5782.0,1630.0,33.5836,-101.8552,LUBBOCK|LUBBOCK|33.5836|-101.8552||US0084
2000,LUBBOCK,LUBBOCK,33.5837,-101.8706,,UNIVERSITY AVENUE,4152.0,2142.0,-2010.0,33.5837,-101.8706,LUBBOCK|LUBBOCK|33.5837|-101.8706||UNIVERSITY AVENUE
2001,LUBBOCK,LUBBOCK,33.5839,-101.8184,E 13TH STREET,MARTIN LUTHER KING JR BOULEVARD,4152.0,4480.0,328.0,33.5839,-101.8184,LUBBOCK|LUBBOCK|33.5839|-101.8184|E 13TH STREET|MARTIN LUTHER KING JR BOULEVARD
2002,LUBBOCK,LUBBOCK,33.5839,-101.8195,E 13TH STREET,PINE AVENUE,4152.0,3110.0,-1042.0,33.5839,-101.8195,LUBBOCK|LUBBOCK|33.5839|-101.8195|E 13TH STREET|PINE AVENUE
2003,LUBBOCK,LUBBOCK,33.5839,-101.9051,14TH STREET,QUAKER AVENUE,4152.0,5112.0,960.0,33.5839,-101.9051,LUBBOCK|LUBBOCK|33.5839|-101.9051|14TH STREET|QUAKER AVENUE
2004,LUBBOCK,LUBBOCK,33.5839,-101.9224,,SLIDE ROAD,4152.0,4857.0,705.0,33.5839,-101.9224,LUBBOCK|LUBBOCK|33.5839|-101.9224||SLIDE ROAD
2005,LUBBOCK,LUBBOCK,33.5840,-101.8084,,US0062,4152.0,4314.0,162.0,33.584,-101.8084,LUBBOCK|LUBBOCK|33.5840|-101.8084||US0062
2006,LUBBOCK,LUBBOCK,33.5841,-101.9224,13TH STREET,SLIDE ROAD,390.5,4816.0,4425.5,33.5841,-101.9224,LUBBOCK|LUBBOCK|33.5841|-101.9224|13TH STREET|SLIDE ROAD
2007,LUBBOCK,LUBBOCK,33.5841,-101.9224,,SLIDE ROAD,4152.0,4931.0,779.0,33.5841,-101.9224,LUBBOCK|LUBBOCK|33.5841|-101.9224||SLIDE ROAD
2008,LUBBOCK,LUBBOCK,33.5841,-101.9339,,ELKHART AVENUE,1312.0,1990.0,678.0,33.5841,-101.9339,LUBBOCK|LUBBOCK|33.5841|-101.9339||ELKHART AVENUE
2009,LUBBOCK,LUBBOCK,33.5842,-101.8011,E 13TH STREET,GUAVA AVENUE,1312.0,3978.0,2666.0,33.5842,-101.8011,LUBBOCK|LUBBOCK|33.5842|-101.8011|E 13TH STREET|GUAVA AVENUE
2010,LUBBOCK,LUBBOCK,33.5842,-101.8897,,US0082,1312.0,5861.0,4549.0,33.5842,-101.8897,LUBBOCK|LUBBOCK|33.5842|-101.8897||US0082
2011,LUBBOCK,LUBBOCK,33.5843,-101.8732,BROADWAY,BROADWAY,1312.0,3895.0,2583.0,33.5843,-101.8732,LUBBOCK|LUBBOCK|33.5843|-101.8732|BROADWAY|BROADWAY
2012,LUBBOCK,LUBBOCK,33.5843,-101.9184,,13TH STREET,4152.0,3481.0,-671.0,33.5843,-101.9184,LUBBOCK|LUBBOCK|33.5843|-101.9184||13TH STREET
2013,LUBBOCK,LUBBOCK,33.5844,-101.8552,US0062,US0084,4152.0,5663.0,1511.0,33.5844,-101.8552,LUBBOCK|LUBBOCK|33.5844|-101.8552|US0062|US0084
2014,LUBBOCK,LUBBOCK,33.5844,-101.8706,BROADWAY,UNIVERSITY AVENUE,2031.5,357.0,-1674.5,33.5844,-101.8706,LUBBOCK|LUBBOCK|33.5844|-101.8706|BROADWAY|UNIVERSITY AVENUE
2015,LUBBOCK,LUBBOCK,33.5844,-101.8706,,UNIVERSITY AVENUE,4152.0,3113.0,-1039.0,33.5844,-101.8706,LUBBOCK|LUBBOCK|33.5844|-101.8706||UNIVERSITY AVENUE
2016,LUBBOCK,LUBBOCK,33.5845,-101.8364,BROADWAY,E BROADWAY,4152.0,3404.0,-748.0,33.5845,-101.8364,LUBBOCK|LUBBOCK|33.5845|-101.8364|BROADWAY|E BROADWAY
2017,LUBBOCK,LUBBOCK,33.5845,-101.8409,BROADWAY,E AVENUE,2031.5,447.0,-1584.5,33.5845,-101.8409,LUBBOCK|LUBBOCK|33.5845|-101.8409|BROADWAY|E AVENUE
2018,LUBBOCK,LUBBOCK,33.5845,-101.8456,BROADWAY,TEXAS AVENUE,4152.0,5170.0,1018.0,33.5845,-101.8456,LUBBOCK|LUBBOCK|33.5845|-101.8456|BROADWAY|TEXAS AVENUE
2019,LUBBOCK,LUBBOCK,33.5845,-101.8492,,BROADWAY,4152.0,3039.0,-1113.0,33.5845,-101.8492,LUBBOCK|LUBBOCK|33.5845|-101.8492||BROADWAY
2020,LUBBOCK,LUBBOCK,33.5845,-101.8502,AVENUE M,BROADWAY,4152.0,2778.0,-1374.0,33.5845,-101.8502,LUBBOCK|LUBBOCK|33.5845|-101.8502|AVENUE M|BROADWAY
2021,LUBBOCK,LUBBOCK,33.5845,-101.8542,,BROADWAY,4152.0,4608.0,456.0,33.5845,-101.8542,LUBBOCK|LUBBOCK|33.5845|-101.8542||BROADWAY
2022,LUBBOCK,LUBBOCK,33.5845,-101.8552,BROADWAY,US0084,4152.0,5225.0,1073.0,33.5845,-101.8552,LUBBOCK|LUBBOCK|33.5845|-101.8552|BROADWAY|US0084
2023,LUBBOCK,LUBBOCK,33.5845,-101.8552,US0062,US0084,135.5,74.0,-61.5,33.5845,-101.8552,LUBBOCK|LUBBOCK|33.5845|-101.8552|US0062|US0084
2024,LUBBOCK,LUBBOCK,33.5845,-101.8585,,BROADWAY,4152.0,1464.0,-2688.0,33.5845,-101.8585,LUBBOCK|LUBBOCK|33.5845|-101.8585||BROADWAY
2025,LUBBOCK,LUBBOCK,33.5845,-101.8662,BROADWAY,W AVENUE,4152.0,3443.0,-709.0,33.5845,-101.8662,LUBBOCK|LUBBOCK|33.5845|-101.8662|BROADWAY|W AVENUE
2026,LUBBOCK,LUBBOCK,33.5845,-101.8684,AVENUE X,BROADWAY,4152.0,3648.0,-504.0,33.5845,-101.8684,LUBBOCK|LUBBOCK|33.5845|-101.8684|AVENUE X|BROADWAY
2027,LUBBOCK,LUBBOCK,33.5845,-101.8687,,BROADWAY,4152.0,4307.0,155.0,33.5845,-101.8687,LUBBOCK|LUBBOCK|33.5845|-101.8687||BROADWAY
2028,LUBBOCK,LUBBOCK,33.5845,-101.8699,,BROADWAY,4152.0,3435.0,-717.0,33.5845,-101.8699,LUBBOCK|LUBBOCK|33.5845|-101.8699||BROADWAY
2029,LUBBOCK,LUBBOCK,33.5845,-101.8702,,BROADWAY,4152.0,1326.0,-2826.0,33.5845,-101.8702,LUBBOCK|LUBBOCK|33.5845|-101.8702||BROADWAY
2030,LUBBOCK,LUBBOCK,33.5845,-101.8705,BROADWAY,UNIVERSITY AVENUE,4152.0,5431.0,1279.0,33.5845,-101.8705,LUBBOCK|LUBBOCK|33.5845|-101.8705|BROADWAY|UNIVERSITY AVENUE
2031,LUBBOCK,LUBBOCK,33.5845,-101.8706,,UNIVERSITY AVENUE,4152.0,3551.0,-601.0,33.5845,-101.8706,LUBBOCK|LUBBOCK|33.5845|-101.8706||UNIVERSITY AVENUE
2032,LUBBOCK,LUBBOCK,33.5845,-101.8709,,BROADWAY,4152.0,4039.0,-113.0,33.5845,-101.8709,LUBBOCK|LUBBOCK|33.5845|-101.8709||BROADWAY
2033,LUBBOCK,LUBBOCK,33.5846,-101.8840,,MAIN STREET,4152.0,2750.0,-1402.0,33.5846,-101.884,LUBBOCK|LUBBOCK|33.5846|-101.8840||MAIN STREET
2034,LUBBOCK,LUBBOCK,33.5846,-101.9406,,SL0289,390.5,5736.0,5345.5,33.5846,-101.9406,LUBBOCK|LUBBOCK|33.5846|-101.9406||SL0289
2035,LUBBOCK,LUBBOCK,33.5848,-101.8183,,MARTIN LUTHER KING BOULEVARD,4152.0,3099.0,-1053.0,33.5848,-101.8183,LUBBOCK|LUBBOCK|33.5848|-101.8183||MARTIN LUTHER KING BOULEVARD
2036,LUBBOCK,LUBBOCK,33.5849,-101.8392,,IH0027,1312.0,5866.0,4554.0,33.5849,-101.8392,LUBBOCK|LUBBOCK|33.5849|-101.8392||IH0027
2037,LUBBOCK,LUBBOCK,33.5849,-101.8962,,TEXAS TECH PKWY,4152.0,4117.0,-35.0,33.5849,-101.8962,LUBBOCK|LUBBOCK|33.5849|-101.8962||TEXAS TECH PKWY
2038,LUBBOCK,LUBBOCK,33.5849,-101.9286,,13TH STREET,4152.0,4918.0,766.0,33.5849,-101.9286,LUBBOCK|LUBBOCK|33.5849|-101.9286||13TH STREET
2039,LUBBOCK,LUBBOCK,33.5850,-101.8183,E BROADWAY,MARTIN LUTHER KING BOULEVARD,4152.0,5265.0,1113.0,33.585,-101.8183,LUBBOCK|LUBBOCK|33.5850|-101.8183|E BROADWAY|MARTIN LUTHER KING BOULEVARD
2040,LUBBOCK,LUBBOCK,33.5850,-102.0091,11TH STREET,FM0179,2031.5,263.0,-1768.5,33.585,-102.0091,LUBBOCK|LUBBOCK|33.5850|-102.0091|11TH STREET|FM0179
2041,LUBBOCK,LUBBOCK,33.5851,-101.7989,E BROADWAY,HOLLY AVENUE,4152.0,4596.0,444.0,33.5851,-101.7989,LUBBOCK|LUBBOCK|33.5851|-101.7989|E BROADWAY|HOLLY AVENUE
2042,LUBBOCK,LUBBOCK,33.5851,-101.8074,E BROADWAY,US0062,1312.0,146.0,-1166.0,33.5851,-101.8074,LUBBOCK|LUBBOCK|33.5851|-101.8074|E BROADWAY|US0062
2043,LUBBOCK,LUBBOCK,33.5851,-101.8130,,E BROADWAY,4152.0,5032.0,880.0,33.5851,-101.813,LUBBOCK|LUBBOCK|33.5851|-101.8130||E BROADWAY
2044,LUBBOCK,LUBBOCK,33.5851,-101.8139,,E BROADWAY,4152.0,4402.0,250.0,33.5851,-101.8139,LUBBOCK|LUBBOCK|33.5851|-101.8139||E BROADWAY
2045,LUBBOCK,LUBBOCK,33.5851,-101.8706,,UNIVERSITY AVENUE,1312.0,2726.0,1414.0,33.5851,-101.8706,LUBBOCK|LUBBOCK|33.5851|-101.8706||UNIVERSITY AVENUE
2046,LUBBOCK,LUBBOCK,33.5851,-101.9333,,13TH STREET,4152.0,1430.0,-2722.0,33.5851,-101.9333,LUBBOCK|LUBBOCK|33.5851|-101.9333||13TH STREET
2047,LUBBOCK,LUBBOCK,33.5851,-101.9490,,11TH PL,4152.0,4405.0,253.0,33.5851,-101.949,LUBBOCK|LUBBOCK|33.5851|-101.9490||11TH PL
2048,LUBBOCK,LUBBOCK,33.5852,-101.8072,FM0040,US0062,390.5,3751.0,3360.5,33.5852,-101.8072,LUBBOCK|LUBBOCK|33.5852|-101.8072|FM0040|US0062
2049,LUBBOCK,LUBBOCK,33.5854,-101.7877,,SL0289,4152.0,3846.0,-306.0,33.5854,-101.7877,LUBBOCK|LUBBOCK|33.5854|-101.7877||SL0289
2050,LUBBOCK,LUBBOCK,33.5854,-101.8552,,US0084,4152.0,5653.0,1501.0,33.5854,-101.8552,LUBBOCK|LUBBOCK|33.5854|-101.8552||US0084
2051,LUBBOCK,LUBBOCK,33.5854,-101.8662,MAIN STREET,W AVENUE,4152.0,3912.0,-240.0,33.5854,-101.8662,LUBBOCK|LUBBOCK|33.5854|-101.8662|MAIN STREET|W AVENUE
2052,LUBBOCK,LUBBOCK,33.5854,-101.8674,,MAIN STREET,4152.0,4765.0,613.0,33.5854,-101.8674,LUBBOCK|LUBBOCK|33.5854|-101.8674||MAIN STREET
2053,LUBBOCK,LUBBOCK,33.5854,-101.9399,,SL0289,4152.0,5774.0,1622.0,33.5854,-101.9399,LUBBOCK|LUBBOCK|33.5854|-101.9399||SL0289
2054,LUBBOCK,LUBBOCK,33.5855,-101.8552,US0082,US0084,1312.0,221.0,-1091.0,33.5855,-101.8552,LUBBOCK|LUBBOCK|33.5855|-101.8552|US0082|US0084
2055,LUBBOCK,LUBBOCK,33.5855,-101.8577,MAIN STREET,S AVENUE,4152.0,2700.0,-1452.0,33.5855,-101.8577,LUBBOCK|LUBBOCK|33.5855|-101.8577|MAIN STREET|S AVENUE
2056,LUBBOCK,LUBBOCK,33.5855,-101.8825,,MAIN STREET,4152.0,2203.0,-1949.0,33.5855,-101.8825,LUBBOCK|LUBBOCK|33.5855|-101.8825||MAIN STREET
2057,LUBBOCK,LUBBOCK,33.5855,-101.9398,FM2528,SL0289,57.5,34.0,-23.5,33.5855,-101.9398,LUBBOCK|LUBBOCK|33.5855|-101.9398|FM2528|SL0289
2058,LUBBOCK,LUBBOCK,33.5855,-101.9398,,FM2528,1312.0,5507.0,4195.0,33.5855,-101.9398,LUBBOCK|LUBBOCK|33.5855|-101.9398||FM2528
2059,LUBBOCK,LUBBOCK,33.5856,-101.8822,FLINT AVENUE,MAIN STREET,2031.5,353.0,-1678.5,33.5856,-101.8822,LUBBOCK|LUBBOCK|33.5856|-101.8822|FLINT AVENUE|MAIN STREET
2060,LUBBOCK,LUBBOCK,33.5856,-101.9397,FM2528,SL0289,4152.0,5694.0,1542.0,33.5856,-101.9397,LUBBOCK|LUBBOCK|33.5856|-101.9397|FM2528|SL0289
2061,LUBBOCK,LUBBOCK,33.5856,-101.9397,,SL0289,1312.0,5756.0,4444.0,33.5856,-101.9397,LUBBOCK|LUBBOCK|33.5856|-101.9397||SL0289
2062,LUBBOCK,LUBBOCK,33.5856,-101.9398,FM2528,SL0289,2031.5,476.0,-1555.5,33.5856,-101.9398,LUBBOCK|LUBBOCK|33.5856|-101.9398|FM2528|SL0289
2063,LUBBOCK,LUBBOCK,33.5856,-101.9398,,FM2528,4152.0,4963.0,811.0,33.5856,-101.9398,LUBBOCK|LUBBOCK|33.5856|-101.9398||FM2528
2064,LUBBOCK,LUBBOCK,33.5857,-101.8872,,US0082,1312.0,5948.0,4636.0,33.5857,-101.8872,LUBBOCK|LUBBOCK|33.5857|-101.8872||US0082
2065,LUBBOCK,LUBBOCK,33.5857,-101.9397,,SL0289,4152.0,5779.0,1627.0,33.5857,-101.9397,LUBBOCK|LUBBOCK|33.5857|-101.9397||SL0289
2066,LUBBOCK,LUBBOCK,33.5858,-101.9398,FM2528,SL0289,4152.0,5791.0,1639.0,33.5858,-101.9398,LUBBOCK|LUBBOCK|33.5858|-101.9398|FM2528|SL0289
2067,LUBBOCK,LUBBOCK,33.5860,-101.9393,FM2528,SL0289,4152.0,5766.0,1614.0,33.586,-101.9393,LUBBOCK|LUBBOCK|33.5860|-101.9393|FM2528|SL0289
2068,LUBBOCK,LUBBOCK,33.5860,-101.9398,,FM2528,4152.0,5207.0,1055.0,33.586,-101.9398,LUBBOCK|LUBBOCK|33.5860|-101.9398||FM2528
2069,LUBBOCK,LUBBOCK,33.5862,-101.9181,11TH STREET,VICKSBURG AVENUE,4152.0,3883.0,-269.0,33.5862,-101.9181,LUBBOCK|LUBBOCK|33.5862|-101.9181|11TH STREET|VICKSBURG AVENUE
2070,LUBBOCK,LUBBOCK,33.5863,-101.8933,10TH STREET,LOUISVILLE AVENUE,4152.0,3629.0,-523.0,33.5863,-101.8933,LUBBOCK|LUBBOCK|33.5863|-101.8933|10TH STREET|LOUISVILLE AVENUE
2071,LUBBOCK,LUBBOCK,33.5863,-101.8962,10TH STREET,TEXAS TECH PKWY,43.5,28.0,-15.5,33.5863,-101.8962,LUBBOCK|LUBBOCK|33.5863|-101.8962|10TH STREET|TEXAS TECH PKWY
2072,LUBBOCK,LUBBOCK,33.5863,-101.9390,,SL0289,390.5,5635.0,5244.5,33.5863,-101.939,LUBBOCK|LUBBOCK|33.5863|-101.9390||SL0289
2073,LUBBOCK,LUBBOCK,33.5864,-101.8699,,10TH STREET,4152.0,2058.0,-2094.0,33.5864,-101.8699,LUBBOCK|LUBBOCK|33.5864|-101.8699||10TH STREET
2074,LUBBOCK,LUBBOCK,33.5864,-101.8900,10TH STREET,JOLIET AVENUE,4152.0,4339.0,187.0,33.5864,-101.89,LUBBOCK|LUBBOCK|33.5864|-101.8900|10TH STREET|JOLIET AVENUE
2075,LUBBOCK,LUBBOCK,33.5864,-101.8917,10TH STREET,HOPE LANE,4152.0,2557.0,-1595.0,33.5864,-101.8917,LUBBOCK|LUBBOCK|33.5864|-101.8917|10TH STREET|HOPE LANE
2076,LUBBOCK,LUBBOCK,33.5864,-101.8946,10TH STREET,TEXAS TECH PKWY,4152.0,4842.0,690.0,33.5864,-101.8946,LUBBOCK|LUBBOCK|33.5864|-101.8946|10TH STREET|TEXAS TECH PKWY
2077,LUBBOCK,LUBBOCK,33.5864,-101.8962,10TH STREET,TEXAS TECH PKWY,4152.0,4708.0,556.0,33.5864,-101.8962,LUBBOCK|LUBBOCK|33.5864|-101.8962|10TH STREET|TEXAS TECH PKWY
2078,LUBBOCK,LUBBOCK,33.5865,-101.8552,US0082,US0084,4152.0,5722.0,1570.0,33.5865,-101.8552,LUBBOCK|LUBBOCK|33.5865|-101.8552|US0082|US0084
2079,LUBBOCK,LUBBOCK,33.5865,-101.8923,,KNOXVILLE AVENUE,1312.0,5404.0,4092.0,33.5865,-101.8923,LUBBOCK|LUBBOCK|33.5865|-101.8923||KNOXVILLE AVENUE
2080,LUBBOCK,LUBBOCK,33.5865,-101.9398,,FM2528,4152.0,4781.0,629.0,33.5865,-101.9398,LUBBOCK|LUBBOCK|33.5865|-101.9398||FM2528
2081,LUBBOCK,LUBBOCK,33.5866,-101.9387,,SL0289,4152.0,5522.0,1370.0,33.5866,-101.9387,LUBBOCK|LUBBOCK|33.5866|-101.9387||SL0289
2082,LUBBOCK,LUBBOCK,33.5869,-101.8119,E 10TH STREET,WALNUT AVENUE,4152.0,1736.0,-2416.0,33.5869,-101.8119,LUBBOCK|LUBBOCK|33.5869|-101.8119|E 10TH STREET|WALNUT AVENUE
2083,LUBBOCK,LUBBOCK,33.5869,-101.8184,E 10TH STREET,MARTIN L KING BOULEVARD,4152.0,4102.0,-50.0,33.5869,-101.8184,LUBBOCK|LUBBOCK|33.5869|-101.8184|E 10TH STREET|MARTIN L KING BOULEVARD
2084,LUBBOCK,LUBBOCK,33.5870,-101.8392,,IH0027,4152.0,5963.0,1811.0,33.587,-101.8392,LUBBOCK|LUBBOCK|33.5870|-101.8392||IH0027
2085,LUBBOCK,LUBBOCK,33.5873,-101.8620,9TH STREET,AVENUE U,4152.0,2397.0,-1755.0,33.5873,-101.862,LUBBOCK|LUBBOCK|33.5873|-101.8620|9TH STREET|AVENUE U
2086,LUBBOCK,LUBBOCK,33.5873,-101.8684,,AVENUE X,4152.0,1762.0,-2390.0,33.5873,-101.8684,LUBBOCK|LUBBOCK|33.5873|-101.8684||AVENUE X
2087,LUBBOCK,LUBBOCK,33.5873,-101.8822,,FLINT AVENUE,4152.0,4700.0,548.0,33.5873,-101.8822,LUBBOCK|LUBBOCK|33.5873|-101.8822||FLINT AVENUE
2088,LUBBOCK,LUBBOCK,33.5873,-101.8962,,TEXAS TECH PKWY,4152.0,3151.0,-1001.0,33.5873,-101.8962,LUBBOCK|LUBBOCK|33.5873|-101.8962||TEXAS TECH PKWY
2089,LUBBOCK,LUBBOCK,33.5873,-101.9224,,SLIDE ROAD,75.0,332.0,257.0,33.5873,-101.9224,LUBBOCK|LUBBOCK|33.5873|-101.9224||SLIDE ROAD
2090,LUBBOCK,LUBBOCK,33.5875,-101.8184,E 9TH STREET,MARTIN LUTHER KING BOULEVARD,4152.0,2332.0,-1820.0,33.5875,-101.8184,LUBBOCK|LUBBOCK|33.5875|-101.8184|E 9TH STREET|MARTIN LUTHER KING BOULEVARD
2091,LUBBOCK,LUBBOCK,33.5875,-101.8363,9TH STREET,AVENUE A,4152.0,2327.0,-1825.0,33.5875,-101.8363,LUBBOCK|LUBBOCK|33.5875|-101.8363|9TH STREET|AVENUE A
2092,LUBBOCK,LUBBOCK,33.5875,-101.9571,9TH STREET,MILWAUKEE AVENUE,4152.0,2052.0,-2100.0,33.5875,-101.9571,LUBBOCK|LUBBOCK|33.5875|-101.9571|9TH STREET|MILWAUKEE AVENUE
2093,LUBBOCK,LUBBOCK,33.5875,-101.9831,9TH STREET,WAUSAU AVENUE,4152.0,5191.0,1039.0,33.5875,-101.9831,LUBBOCK|LUBBOCK|33.5875|-101.9831|9TH STREET|WAUSAU AVENUE
2094,LUBBOCK,LUBBOCK,33.5876,-101.9278,,9TH STREET,4152.0,5138.0,986.0,33.5876,-101.9278,LUBBOCK|LUBBOCK|33.5876|-101.9278||9TH STREET
2095,LUBBOCK,LUBBOCK,33.5877,-101.9224,,SLIDE ROAD,1312.0,2204.0,892.0,33.5877,-101.9224,LUBBOCK|LUBBOCK|33.5877|-101.9224||SLIDE ROAD
2096,LUBBOCK,LUBBOCK,33.5877,-101.9398,,FM2528,4152.0,5740.0,1588.0,33.5877,-101.9398,LUBBOCK|LUBBOCK|33.5877|-101.9398||FM2528
2097,LUBBOCK,LUBBOCK,33.5881,-101.8706,,UNIVERSITY AVENUE,4152.0,2663.0,-1489.0,33.5881,-101.8706,LUBBOCK|LUBBOCK|33.5881|-101.8706||UNIVERSITY AVENUE
2098,LUBBOCK,LUBBOCK,33.5882,-101.8552,,US0084,4152.0,4924.0,772.0,33.5882,-101.8552,LUBBOCK|LUBBOCK|33.5882|-101.8552||US0084
2099,LUBBOCK,LUBBOCK,33.5882,-101.8641,AVENUE V,GLENNA GOODACRE BOULEVARD,2031.5,432.0,-1599.5,33.5882,-101.8641,LUBBOCK|LUBBOCK|33.5882|-101.8641|AVENUE V|GLENNA GOODACRE BOULEVARD
2100,LUBBOCK,LUBBOCK,33.5882,-101.8689,,GLENNA GOODACRE BOULEVARD,4152.0,5065.0,913.0,33.5882,-101.8689,LUBBOCK|LUBBOCK|33.5882|-101.8689||GLENNA GOODACRE BOULEVARD
2101,LUBBOCK,LUBBOCK,33.5883,-101.8552,US0082,US0084,4152.0,5760.0,1608.0,33.5883,-101.8552,LUBBOCK|LUBBOCK|33.5883|-101.8552|US0082|US0084
2102,LUBBOCK,LUBBOCK,33.5883,-101.8552,,US0084,2031.5,498.0,-1533.5,33.5883,-101.8552,LUBBOCK|LUBBOCK|33.5883|-101.8552||US0084
2103,LUBBOCK,LUBBOCK,33.5883,-101.8565,AVENUE R,GLENNA GOODACRE BOULEVARD,1312.0,160.0,-1152.0,33.5883,-101.8565,LUBBOCK|LUBBOCK|33.5883|-101.8565|AVENUE R|GLENNA GOODACRE BOULEVARD
2104,LUBBOCK,LUBBOCK,33.5883,-101.8565,,GLENNA GOODACRE BOULEVARD,4152.0,4179.0,27.0,33.5883,-101.8565,LUBBOCK|LUBBOCK|33.5883|-101.8565||GLENNA GOODACRE BOULEVARD
2105,LUBBOCK,LUBBOCK,33.5883,-101.8577,GLENNA GOODACRE BOULEVARD,S AVENUE,99.0,79.0,-20.0,33.5883,-101.8577,LUBBOCK|LUBBOCK|33.5883|-101.8577|GLENNA GOODACRE BOULEVARD|S AVENUE
2106,LUBBOCK,LUBBOCK,33.5883,-101.8713,8TH STREET,8TH STREET,4152.0,2515.0,-1637.0,33.5883,-101.8713,LUBBOCK|LUBBOCK|33.5883|-101.8713|8TH STREET|8TH STREET
2107,LUBBOCK,LUBBOCK,33.5883,-101.8714,,8TH STREET,4152.0,2273.0,-1879.0,33.5883,-101.8714,LUBBOCK|LUBBOCK|33.5883|-101.8714||8TH STREET
2108,LUBBOCK,LUBBOCK,33.5883,-101.9181,,VICKSBURG AVENUE,4152.0,3522.0,-630.0,33.5883,-101.9181,LUBBOCK|LUBBOCK|33.5883|-101.9181||VICKSBURG AVENUE
2109,LUBBOCK,LUBBOCK,33.5884,-101.8662,GLENNA GOODACRE BOULEVARD,W AVENUE,4152.0,3345.0,-807.0,33.5884,-101.8662,LUBBOCK|LUBBOCK|33.5884|-101.8662|GLENNA GOODACRE BOULEVARD|W AVENUE
2110,LUBBOCK,LUBBOCK,33.5884,-101.8664,,GLENNA GOODACRE BOULEVARD,4152.0,2383.0,-1769.0,33.5884,-101.8664,LUBBOCK|LUBBOCK|33.5884|-101.8664||GLENNA GOODACRE BOULEVARD
2111,LUBBOCK,LUBBOCK,33.5885,-101.8392,,IH0027,4152.0,5887.0,1735.0,33.5885,-101.8392,LUBBOCK|LUBBOCK|33.5885|-101.8392||IH0027
2112,LUBBOCK,LUBBOCK,33.5885,-101.9745,,UPLAND AVENUE,4152.0,4706.0,554.0,33.5885,-101.9745,LUBBOCK|LUBBOCK|33.5885|-101.9745||UPLAND AVENUE
2113,LUBBOCK,LUBBOCK,33.5886,-101.8392,,IH0027,2031.5,1992.0,-39.5,33.5886,-101.8392,LUBBOCK|LUBBOCK|33.5886|-101.8392||IH0027
2114,LUBBOCK,LUBBOCK,33.5887,-101.9398,,FM2528,4152.0,5459.0,1307.0,33.5887,-101.9398,LUBBOCK|LUBBOCK|33.5887|-101.9398||FM2528
2115,LUBBOCK,LUBBOCK,33.5889,-101.8934,,UNKNOWN,1312.0,4841.0,3529.0,33.5889,-101.8934,LUBBOCK|LUBBOCK|33.5889|-101.8934||UNKNOWN
2116,LUBBOCK,LUBBOCK,33.5889,-102.0092,,FM0179,4152.0,4049.0,-103.0,33.5889,-102.0092,LUBBOCK|LUBBOCK|33.5889|-102.0092||FM0179
2117,LUBBOCK,LUBBOCK,33.5890,-101.8741,,7TH STREET,4152.0,2791.0,-1361.0,33.589,-101.8741,LUBBOCK|LUBBOCK|33.5890|-101.8741||7TH STREET
2118,LUBBOCK,LUBBOCK,33.5890,-101.8936,8TH STREET,LOUISVILLE AVENUE,4152.0,1619.0,-2533.0,33.589,-101.8936,LUBBOCK|LUBBOCK|33.5890|-101.8936|8TH STREET|LOUISVILLE AVENUE
2119,LUBBOCK,LUBBOCK,33.5890,-101.8962,,TEXAS TECH PKWY,4152.0,2837.0,-1315.0,33.589,-101.8962,LUBBOCK|LUBBOCK|33.5890|-101.8962||TEXAS TECH PKWY
2120,LUBBOCK,LUBBOCK,33.5890,-101.9398,,FM2528,4152.0,4983.0,831.0,33.589,-101.9398,LUBBOCK|LUBBOCK|33.5890|-101.9398||FM2528
2121,LUBBOCK,LUBBOCK,33.5893,-101.9224,,SLIDE ROAD,4152.0,1975.0,-2177.0,33.5893,-101.9224,LUBBOCK|LUBBOCK|33.5893|-101.9224||SLIDE ROAD
2122,LUBBOCK,LUBBOCK,33.5894,-101.9345,,SL0289,4152.0,5808.0,1656.0,33.5894,-101.9345,LUBBOCK|LUBBOCK|33.5894|-101.9345||SL0289
2123,LUBBOCK,LUBBOCK,33.5897,-101.8757,,CANTON AVENUE,4152.0,2484.0,-1668.0,33.5897,-101.8757,LUBBOCK|LUBBOCK|33.5897|-101.8757||CANTON AVENUE
2124,LUBBOCK,LUBBOCK,33.5898,-101.8552,,US0084,1312.0,5469.0,4157.0,33.5898,-101.8552,LUBBOCK|LUBBOCK|33.5898|-101.8552||US0084
2125,LUBBOCK,LUBBOCK,33.5899,-101.9051,,QUAKER AVENUE,4152.0,1771.0,-2381.0,33.5899,-101.9051,LUBBOCK|LUBBOCK|33.5899|-101.9051||QUAKER AVENUE
2126,LUBBOCK,LUBBOCK,33.5901,-101.8552,US0082,US0084,669.0,139.0,-530.0,33.5901,-101.8552,LUBBOCK|LUBBOCK|33.5901|-101.8552|US0082|US0084
2127,LUBBOCK,LUBBOCK,33.5901,-101.8565,AVENUE R,MAC DAVIS LANE,4152.0,2085.0,-2067.0,33.5901,-101.8565,LUBBOCK|LUBBOCK|33.5901|-101.8565|AVENUE R|MAC DAVIS LANE
2128,LUBBOCK,LUBBOCK,33.5901,-101.8653,,MAC DAVIS LANE,4152.0,4796.0,644.0,33.5901,-101.8653,LUBBOCK|LUBBOCK|33.5901|-101.8653||MAC DAVIS LANE
2129,LUBBOCK,LUBBOCK,33.5901,-101.8662,MAC DAVIS LANE,W AVENUE,4152.0,1734.0,-2418.0,33.5901,-101.8662,LUBBOCK|LUBBOCK|33.5901|-101.8662|MAC DAVIS LANE|W AVENUE
2130,LUBBOCK,LUBBOCK,33.5901,-101.8672,MAC DAVIS LANE,MAC DAVIS LANE,669.0,396.0,-273.0,33.5901,-101.8672,LUBBOCK|LUBBOCK|33.5901|-101.8672|MAC DAVIS LANE|MAC DAVIS LANE
2131,LUBBOCK,LUBBOCK,33.5901,-101.8742,BOSTON AVENUE,DRIVE OF CHAMPIONS,4152.0,3643.0,-509.0,33.5901,-101.8742,LUBBOCK|LUBBOCK|33.5901|-101.8742|BOSTON AVENUE|DRIVE OF CHAMPIONS
2132,LUBBOCK,LUBBOCK,33.5901,-101.8742,UNKNOWN,UNKNOWN,4152.0,3359.0,-793.0,33.5901,-101.8742,LUBBOCK|LUBBOCK|33.5901|-101.8742|UNKNOWN|UNKNOWN
2133,LUBBOCK,LUBBOCK,33.5901,-101.8962,,TEXAS TECH PKWY,4152.0,5077.0,925.0,33.5901,-101.8962,LUBBOCK|LUBBOCK|33.5901|-101.8962||TEXAS TECH PKWY
2134,LUBBOCK,LUBBOCK,33.5902,-101.8552,US0082,US0084,1312.0,5685.0,4373.0,33.5902,-101.8552,LUBBOCK|LUBBOCK|33.5902|-101.8552|US0082|US0084
2135,LUBBOCK,LUBBOCK,33.5902,-101.8800,,US0082,390.5,5919.0,5528.5,33.5902,-101.88,LUBBOCK|LUBBOCK|33.5902|-101.8800||US0082
2136,LUBBOCK,LUBBOCK,33.5902,-101.9398,,FM2528,4152.0,5788.0,1636.0,33.5902,-101.9398,LUBBOCK|LUBBOCK|33.5902|-101.9398||FM2528
2137,LUBBOCK,LUBBOCK,33.5902,-101.9571,,MILWAUKEE AVENUE,4152.0,2065.0,-2087.0,33.5902,-101.9571,LUBBOCK|LUBBOCK|33.5902|-101.9571||MILWAUKEE AVENUE
2138,LUBBOCK,LUBBOCK,33.5903,-101.9398,6TH STREET,FM2528,669.0,506.0,-163.0,33.5903,-101.9398,LUBBOCK|LUBBOCK|33.5903|-101.9398|6TH STREET|FM2528
2139,LUBBOCK,LUBBOCK,33.5903,-101.9398,FM2255,FM2528,390.5,5436.0,5045.5,33.5903,-101.9398,LUBBOCK|LUBBOCK|33.5903|-101.9398|FM2255|FM2528
2140,LUBBOCK,LUBBOCK,33.5903,-101.9398,,FM2528,1312.0,236.0,-1076.0,33.5903,-101.9398,LUBBOCK|LUBBOCK|33.5903|-101.9398||FM2528
2141,LUBBOCK,LUBBOCK,33.5905,-101.8552,,US0084,4152.0,5743.0,1591.0,33.5905,-101.8552,LUBBOCK|LUBBOCK|33.5905|-101.8552||US0084
2142,LUBBOCK,LUBBOCK,33.5906,-101.8432,,AVENUE G,4152.0,3301.0,-851.0,33.5906,-101.8432,LUBBOCK|LUBBOCK|33.5906|-101.8432||AVENUE G
2143,LUBBOCK,LUBBOCK,33.5906,-101.9224,,SLIDE ROAD,4152.0,2015.0,-2137.0,33.5906,-101.9224,LUBBOCK|LUBBOCK|33.5906|-101.9224||SLIDE ROAD
2144,LUBBOCK,LUBBOCK,33.5907,-101.8350,,US0082,4152.0,5709.0,1557.0,33.5907,-101.835,LUBBOCK|LUBBOCK|33.5907|-101.8350||US0082
2145,LUBBOCK,LUBBOCK,33.5907,-101.8791,,US0082,4152.0,5839.0,1687.0,33.5907,-101.8791,LUBBOCK|LUBBOCK|33.5907|-101.8791||US0082
2146,LUBBOCK,LUBBOCK,33.5908,-101.8360,,US0082,4152.0,5555.0,1403.0,33.5908,-101.836,LUBBOCK|LUBBOCK|33.5908|-101.8360||US0082
2147,LUBBOCK,LUBBOCK,33.5909,-101.8294,,US0082,4152.0,5818.0,1666.0,33.5909,-101.8294,LUBBOCK|LUBBOCK|33.5909|-101.8294||US0082
2148,LUBBOCK,LUBBOCK,33.5909,-101.8787,,US0082,1312.0,5840.0,4528.0,33.5909,-101.8787,LUBBOCK|LUBBOCK|33.5909|-101.8787||US0082
2149,LUBBOCK,LUBBOCK,33.5910,-101.8392,,IH0027,4152.0,5843.0,1691.0,33.591,-101.8392,LUBBOCK|LUBBOCK|33.5910|-101.8392||IH0027
2150,LUBBOCK,LUBBOCK,33.5911,-101.8376,,US0082,4152.0,5809.0,1657.0,33.5911,-101.8376,LUBBOCK|LUBBOCK|33.5911|-101.8376||US0082
2151,LUBBOCK,LUBBOCK,33.5911,-101.8552,5TH STREET,US0084,4152.0,5229.0,1077.0,33.5911,-101.8552,LUBBOCK|LUBBOCK|33.5911|-101.8552|5TH STREET|US0084
2152,LUBBOCK,LUBBOCK,33.5911,-101.8552,,US0084,4152.0,5764.0,1612.0,33.5911,-101.8552,LUBBOCK|LUBBOCK|33.5911|-101.8552||US0084
2153,LUBBOCK,LUBBOCK,33.5912,-101.8184,,MARTIN L KING BOULEVARD,4152.0,3189.0,-963.0,33.5912,-101.8184,LUBBOCK|LUBBOCK|33.5912|-101.8184||MARTIN L KING BOULEVARD
2154,LUBBOCK,LUBBOCK,33.5912,-101.8273,,US0082,390.5,5786.0,5395.5,33.5912,-101.8273,LUBBOCK|LUBBOCK|33.5912|-101.8273||US0082
2155,LUBBOCK,LUBBOCK,33.5912,-101.8386,,US0082,1312.0,5795.0,4483.0,33.5912,-101.8386,LUBBOCK|LUBBOCK|33.5912|-101.8386||US0082
2156,LUBBOCK,LUBBOCK,33.5912,-101.8783,,US0082,4152.0,5872.0,1720.0,33.5912,-101.8783,LUBBOCK|LUBBOCK|33.5912|-101.8783||US0082
2157,LUBBOCK,LUBBOCK,33.5912,-101.8962,5TH STREET,TEXAS TECH PKWY,4152.0,2293.0,-1859.0,33.5912,-101.8962,LUBBOCK|LUBBOCK|33.5912|-101.8962|5TH STREET|TEXAS TECH PKWY
2158,LUBBOCK,LUBBOCK,33.5912,-101.9224,,SLIDE ROAD,390.5,5196.0,4805.5,33.5912,-101.9224,LUBBOCK|LUBBOCK|33.5912|-101.9224||SLIDE ROAD
2159,LUBBOCK,LUBBOCK,33.5913,-101.8392,IH0027,US0082,3.0,10.0,7.0,33.5913,-101.8392,LUBBOCK|LUBBOCK|33.5913|-101.8392|IH0027|US0082
2160,LUBBOCK,LUBBOCK,33.5913,-101.8392,,IH0027,669.0,1576.0,907.0,33.5913,-101.8392,LUBBOCK|LUBBOCK|33.5913|-101.8392||IH0027
2161,LUBBOCK,LUBBOCK,33.5914,-101.8399,,US0082,4152.0,5938.0,1786.0,33.5914,-101.8399,LUBBOCK|LUBBOCK|33.5914|-101.8399||US0082
2162,LUBBOCK,LUBBOCK,33.5915,-101.8402,US0082,US0087,2031.5,779.0,-1252.5,33.5915,-101.8402,LUBBOCK|LUBBOCK|33.5915|-101.8402|US0082|US0087
2163,LUBBOCK,LUBBOCK,33.5915,-101.9571,,MILWAUKEE AVENUE,4152.0,4704.0,552.0,33.5915,-101.9571,LUBBOCK|LUBBOCK|33.5915|-101.9571||MILWAUKEE AVENUE
2164,LUBBOCK,LUBBOCK,33.5916,-101.8408,,US0082,2031.5,1423.0,-608.5,33.5916,-101.8408,LUBBOCK|LUBBOCK|33.5916|-101.8408||US0082
2165,LUBBOCK,LUBBOCK,33.5916,-101.8410,IH0027,US0082,4152.0,5841.0,1689.0,33.5916,-101.841,LUBBOCK|LUBBOCK|33.5916|-101.8410|IH0027|US0082
2166,LUBBOCK,LUBBOCK,33.5916,-101.9571,,MILWAUKEE AVENUE,4152.0,3071.0,-1081.0,33.5916,-101.9571,LUBBOCK|LUBBOCK|33.5916|-101.9571||MILWAUKEE AVENUE
2167,LUBBOCK,LUBBOCK,33.5917,-101.8392,IH0027,MARSHA SHARP FWY,4152.0,5735.0,1583.0,33.5917,-101.8392,LUBBOCK|LUBBOCK|33.5917|-101.8392|IH0027|MARSHA SHARP FWY
2168,LUBBOCK,LUBBOCK,33.5918,-101.8235,,US0082,4152.0,5781.0,1629.0,33.5918,-101.8235,LUBBOCK|LUBBOCK|33.5918|-101.8235||US0082
2169,LUBBOCK,LUBBOCK,33.5919,-101.7877,,SL0289,390.5,2362.0,1971.5,33.5919,-101.7877,LUBBOCK|LUBBOCK|33.5919|-101.7877||SL0289
2170,LUBBOCK,LUBBOCK,33.5919,-101.8771,,US0082,4152.0,5845.0,1693.0,33.5919,-101.8771,LUBBOCK|LUBBOCK|33.5919|-101.8771||US0082
2171,LUBBOCK,LUBBOCK,33.5921,-101.8215,,US0082,4152.0,5804.0,1652.0,33.5921,-101.8215,LUBBOCK|LUBBOCK|33.5921|-101.8215||US0082
2172,LUBBOCK,LUBBOCK,33.5922,-101.9224,4TH STREET,SLIDE ROAD,4152.0,4264.0,112.0,33.5922,-101.9224,LUBBOCK|LUBBOCK|33.5922|-101.9224|4TH STREET|SLIDE ROAD
2173,LUBBOCK,LUBBOCK,33.5922,-101.9224,,SLIDE ROAD,2031.5,254.0,-1777.5,33.5922,-101.9224,LUBBOCK|LUBBOCK|33.5922|-101.9224||SLIDE ROAD
2174,LUBBOCK,LUBBOCK,33.5922,-101.9918,,FM2255,4152.0,749.0,-3403.0,33.5922,-101.9918,LUBBOCK|LUBBOCK|33.5922|-101.9918||FM2255
2175,LUBBOCK,LUBBOCK,33.5922,-101.9953,,FM2255,4152.0,1046.0,-3106.0,33.5922,-101.9953,LUBBOCK|LUBBOCK|33.5922|-101.9953||FM2255
2176,LUBBOCK,LUBBOCK,33.5922,-102.0059,,FM2255,4152.0,3872.0,-280.0,33.5922,-102.0059,LUBBOCK|LUBBOCK|33.5922|-102.0059||FM2255
2177,LUBBOCK,LUBBOCK,33.5922,-102.0092,FM0179,FM2255,1312.0,4200.0,2888.0,33.5922,-102.0092,LUBBOCK|LUBBOCK|33.5922|-102.0092|FM0179|FM2255
2178,LUBBOCK,LUBBOCK,33.5922,-102.0183,,FM2255,4152.0,845.0,-3307.0,33.5922,-102.0183,LUBBOCK|LUBBOCK|33.5922|-102.0183||FM2255
2179,LUBBOCK,LUBBOCK,33.5922,-102.0244,FM2255,SS0309,4152.0,803.0,-3349.0,33.5922,-102.0244,LUBBOCK|LUBBOCK|33.5922|-102.0244|FM2255|SS0309
2180,LUBBOCK,LUBBOCK,33.5922,-102.0265,FM2255,RESEARCH BOULEVARD,2031.5,223.0,-1808.5,33.5922,-102.0265,LUBBOCK|LUBBOCK|33.5922|-102.0265|FM2255|RESEARCH BOULEVARD
2181,LUBBOCK,LUBBOCK,33.5922,-102.0265,,RESEARCH BOULEVARD,4152.0,3038.0,-1114.0,33.5922,-102.0265,LUBBOCK|LUBBOCK|33.5922|-102.0265||RESEARCH BOULEVARD
2182,LUBBOCK,LUBBOCK,33.5923,-101.7877,,SL0289,4152.0,5439.0,1287.0,33.5923,-101.7877,LUBBOCK|LUBBOCK|33.5923|-101.7877||SL0289
2183,LUBBOCK,LUBBOCK,33.5923,-101.8444,BUDDY HOLLY AVENUE,US0082,4152.0,5871.0,1719.0,33.5923,-101.8444,LUBBOCK|LUBBOCK|33.5923|-101.8444|BUDDY HOLLY AVENUE|US0082
2184,LUBBOCK,LUBBOCK,33.5923,-101.8445,,US0082,4152.0,5853.0,1701.0,33.5923,-101.8445,LUBBOCK|LUBBOCK|33.5923|-101.8445||US0082
2185,LUBBOCK,LUBBOCK,33.5923,-101.8598,AVENUE T,MARSHA SHARP FWY,4152.0,1775.0,-2377.0,33.5923,-101.8598,LUBBOCK|LUBBOCK|33.5923|-101.8598|AVENUE T|MARSHA SHARP FWY
2186,LUBBOCK,LUBBOCK,33.5923,-101.8761,,US0082,4152.0,5882.0,1730.0,33.5923,-101.8761,LUBBOCK|LUBBOCK|33.5923|-101.8761||US0082
2187,LUBBOCK,LUBBOCK,33.5923,-101.8784,,FM2255,4152.0,5629.0,1477.0,33.5923,-101.8784,LUBBOCK|LUBBOCK|33.5923|-101.8784||FM2255
2188,LUBBOCK,LUBBOCK,33.5923,-101.8808,ELGIN AVENUE,FM2255,4152.0,5651.0,1499.0,33.5923,-101.8808,LUBBOCK|LUBBOCK|33.5923|-101.8808|ELGIN AVENUE|FM2255
2189,LUBBOCK,LUBBOCK,33.5923,-101.8819,,FM2255,4152.0,4848.0,696.0,33.5923,-101.8819,LUBBOCK|LUBBOCK|33.5923|-101.8819||FM2255
2190,LUBBOCK,LUBBOCK,33.5923,-101.8820,,FM2255,4152.0,5784.0,1632.0,33.5923,-101.882,LUBBOCK|LUBBOCK|33.5923|-101.8820||FM2255
2191,LUBBOCK,LUBBOCK,33.5923,-101.8822,FLINT AVENUE,FM2255,390.5,97.0,-293.5,33.5923,-101.8822,LUBBOCK|LUBBOCK|33.5923|-101.8822|FLINT AVENUE|FM2255
2192,LUBBOCK,LUBBOCK,33.5923,-101.8822,,FM2255,1312.0,5787.0,4475.0,33.5923,-101.8822,LUBBOCK|LUBBOCK|33.5923|-101.8822||FM2255
2193,LUBBOCK,LUBBOCK,33.5923,-101.8842,,FM2255,4152.0,5675.0,1523.0,33.5923,-101.8842,LUBBOCK|LUBBOCK|33.5923|-101.8842||FM2255
2194,LUBBOCK,LUBBOCK,33.5923,-101.8852,,FM2255,4152.0,5796.0,1644.0,33.5923,-101.8852,LUBBOCK|LUBBOCK|33.5923|-101.8852||FM2255
2195,LUBBOCK,LUBBOCK,33.5923,-101.8855,,FM2255,4152.0,5644.0,1492.0,33.5923,-101.8855,LUBBOCK|LUBBOCK|33.5923|-101.8855||FM2255
2196,LUBBOCK,LUBBOCK,33.5923,-101.8864,,FM2255,4152.0,5734.0,1582.0,33.5923,-101.8864,LUBBOCK|LUBBOCK|33.5923|-101.8864||FM2255
2197,LUBBOCK,LUBBOCK,33.5923,-101.8879,FM2255,INDIANA AVENUE,75.0,42.0,-33.0,33.5923,-101.8879,LUBBOCK|LUBBOCK|33.5923|-101.8879|FM2255|INDIANA AVENUE
2198,LUBBOCK,LUBBOCK,33.5923,-101.8879,FM2255,SL0289,2031.5,496.0,-1535.5,33.5923,-101.8879,LUBBOCK|LUBBOCK|33.5923|-101.8879|FM2255|SL0289
2199,LUBBOCK,LUBBOCK,33.5923,-101.8879,,FM2255,4152.0,5686.0,1534.0,33.5923,-101.8879,LUBBOCK|LUBBOCK|33.5923|-101.8879||FM2255
2200,LUBBOCK,LUBBOCK,33.5923,-101.8895,,FM2255,4152.0,5525.0,1373.0,33.5923,-101.8895,LUBBOCK|LUBBOCK|33.5923|-101.8895||FM2255
2201,LUBBOCK,LUBBOCK,33.5923,-101.8960,FM2255,TEXAS TECH PKWY,4152.0,5528.0,1376.0,33.5923,-101.896,LUBBOCK|LUBBOCK|33.5923|-101.8960|FM2255|TEXAS TECH PKWY
2202,LUBBOCK,LUBBOCK,33.5923,-101.8962,FM2255,SL0289,4152.0,4849.0,697.0,33.5923,-101.8962,LUBBOCK|LUBBOCK|33.5923|-101.8962|FM2255|SL0289
2203,LUBBOCK,LUBBOCK,33.5923,-101.8962,FM2255,TEXAS TECH PKWY,25.5,64.0,38.5,33.5923,-101.8962,LUBBOCK|LUBBOCK|33.5923|-101.8962|FM2255|TEXAS TECH PKWY
2204,LUBBOCK,LUBBOCK,33.5923,-101.8972,,FM2255,4152.0,4272.0,120.0,33.5923,-101.8972,LUBBOCK|LUBBOCK|33.5923|-101.8972||FM2255
2205,LUBBOCK,LUBBOCK,33.5923,-101.9051,FM2255,QUAKER AVENUE,25.5,37.0,11.5,33.5923,-101.9051,LUBBOCK|LUBBOCK|33.5923|-101.9051|FM2255|QUAKER AVENUE
2206,LUBBOCK,LUBBOCK,33.5923,-101.9051,FM2255,SL0289,4152.0,5367.0,1215.0,33.5923,-101.9051,LUBBOCK|LUBBOCK|33.5923|-101.9051|FM2255|SL0289
2207,LUBBOCK,LUBBOCK,33.5923,-101.9052,,FM2255,4152.0,5529.0,1377.0,33.5923,-101.9052,LUBBOCK|LUBBOCK|33.5923|-101.9052||FM2255
2208,LUBBOCK,LUBBOCK,33.5923,-101.9067,,FM2255,4152.0,5455.0,1303.0,33.5923,-101.9067,LUBBOCK|LUBBOCK|33.5923|-101.9067||FM2255
2209,LUBBOCK,LUBBOCK,33.5923,-101.9084,,FM2255,4152.0,5732.0,1580.0,33.5923,-101.9084,LUBBOCK|LUBBOCK|33.5923|-101.9084||FM2255
2210,LUBBOCK,LUBBOCK,33.5923,-101.9100,,FM2255,4152.0,5731.0,1579.0,33.5923,-101.91,LUBBOCK|LUBBOCK|33.5923|-101.9100||FM2255
2211,LUBBOCK,LUBBOCK,33.5923,-101.9105,,FM2255,4152.0,4027.0,-125.0,33.5923,-101.9105,LUBBOCK|LUBBOCK|33.5923|-101.9105||FM2255
2212,LUBBOCK,LUBBOCK,33.5923,-101.9127,,FM2255,4152.0,4094.0,-58.0,33.5923,-101.9127,LUBBOCK|LUBBOCK|33.5923|-101.9127||FM2255
2213,LUBBOCK,LUBBOCK,33.5923,-101.9130,,FM2255,4152.0,5126.0,974.0,33.5923,-101.913,LUBBOCK|LUBBOCK|33.5923|-101.9130||FM2255
2214,LUBBOCK,LUBBOCK,33.5923,-101.9137,,FM2255,4152.0,5737.0,1585.0,33.5923,-101.9137,LUBBOCK|LUBBOCK|33.5923|-101.9137||FM2255
2215,LUBBOCK,LUBBOCK,33.5923,-101.9138,FM2255,SL0289,390.5,5480.0,5089.5,33.5923,-101.9138,LUBBOCK|LUBBOCK|33.5923|-101.9138|FM2255|SL0289
2216,LUBBOCK,LUBBOCK,33.5923,-101.9138,FM2255,TOLEDO AVENUE,1312.0,5510.0,4198.0,33.5923,-101.9138,LUBBOCK|LUBBOCK|33.5923|-101.9138|FM2255|TOLEDO AVENUE
2217,LUBBOCK,LUBBOCK,33.5923,-101.9140,FM2255,TOLEDO AVENUE,4152.0,5497.0,1345.0,33.5923,-101.914,LUBBOCK|LUBBOCK|33.5923|-101.9140|FM2255|TOLEDO AVENUE
2218,LUBBOCK,LUBBOCK,33.5923,-101.9143,,FM2255,390.5,3959.0,3568.5,33.5923,-101.9143,LUBBOCK|LUBBOCK|33.5923|-101.9143||FM2255
2219,LUBBOCK,LUBBOCK,33.5923,-101.9156,,FM2255,390.5,5504.0,5113.5,33.5923,-101.9156,LUBBOCK|LUBBOCK|33.5923|-101.9156||FM2255
2220,LUBBOCK,LUBBOCK,33.5923,-101.9157,,FM2255,1312.0,5102.0,3790.0,33.5923,-101.9157,LUBBOCK|LUBBOCK|33.5923|-101.9157||FM2255
2221,LUBBOCK,LUBBOCK,33.5923,-101.9174,FM2255,VALE AVENUE,4152.0,5620.0,1468.0,33.5923,-101.9174,LUBBOCK|LUBBOCK|33.5923|-101.9174|FM2255|VALE AVENUE
2222,LUBBOCK,LUBBOCK,33.5923,-101.9181,,FM2255,4152.0,5643.0,1491.0,33.5923,-101.9181,LUBBOCK|LUBBOCK|33.5923|-101.9181||FM2255
2223,LUBBOCK,LUBBOCK,33.5923,-101.9189,,FM2255,390.5,5755.0,5364.5,33.5923,-101.9189,LUBBOCK|LUBBOCK|33.5923|-101.9189||FM2255
2224,LUBBOCK,LUBBOCK,33.5923,-101.9191,FM2255,SLIDE ROAD,4152.0,5581.0,1429.0,33.5923,-101.9191,LUBBOCK|LUBBOCK|33.5923|-101.9191|FM2255|SLIDE ROAD
2225,LUBBOCK,LUBBOCK,33.5923,-101.9197,,FM2255,4152.0,5748.0,1596.0,33.5923,-101.9197,LUBBOCK|LUBBOCK|33.5923|-101.9197||FM2255
2226,LUBBOCK,LUBBOCK,33.5923,-101.9218,,FM2255,4152.0,5253.0,1101.0,33.5923,-101.9218,LUBBOCK|LUBBOCK|33.5923|-101.9218||FM2255
2227,LUBBOCK,LUBBOCK,33.5923,-101.9220,,FM2255,4152.0,5008.0,856.0,33.5923,-101.922,LUBBOCK|LUBBOCK|33.5923|-101.9220||FM2255
2228,LUBBOCK,LUBBOCK,33.5923,-101.9221,,FM2255,4152.0,5505.0,1353.0,33.5923,-101.9221,LUBBOCK|LUBBOCK|33.5923|-101.9221||FM2255
2229,LUBBOCK,LUBBOCK,33.5923,-101.9222,FM2255,SL0289,4152.0,5448.0,1296.0,33.5923,-101.9222,LUBBOCK|LUBBOCK|33.5923|-101.9222|FM2255|SL0289
2230,LUBBOCK,LUBBOCK,33.5923,-101.9224,FM2255,SL0289,4152.0,5451.0,1299.0,33.5923,-101.9224,LUBBOCK|LUBBOCK|33.5923|-101.9224|FM2255|SL0289
2231,LUBBOCK,LUBBOCK,33.5923,-101.9224,FM2255,SLIDE ROAD,390.5,84.0,-306.5,33.5923,-101.9224,LUBBOCK|LUBBOCK|33.5923|-101.9224|FM2255|SLIDE ROAD
2232,LUBBOCK,LUBBOCK,33.5923,-101.9227,,FM2255,4152.0,4836.0,684.0,33.5923,-101.9227,LUBBOCK|LUBBOCK|33.5923|-101.9227||FM2255
2233,LUBBOCK,LUBBOCK,33.5923,-101.9228,,FM2255,4152.0,4837.0,685.0,33.5923,-101.9228,LUBBOCK|LUBBOCK|33.5923|-101.9228||FM2255
2234,LUBBOCK,LUBBOCK,33.5923,-101.9229,,FM2255,4152.0,5034.0,882.0,33.5923,-101.9229,LUBBOCK|LUBBOCK|33.5923|-101.9229||FM2255
2235,LUBBOCK,LUBBOCK,33.5923,-101.9231,,FM2255,1312.0,5193.0,3881.0,33.5923,-101.9231,LUBBOCK|LUBBOCK|33.5923|-101.9231||FM2255
2236,LUBBOCK,LUBBOCK,33.5923,-101.9233,,FM2255,390.5,3995.0,3604.5,33.5923,-101.9233,LUBBOCK|LUBBOCK|33.5923|-101.9233||FM2255
2237,LUBBOCK,LUBBOCK,33.5923,-101.9252,BANGOR AVENUE,FM2255,4152.0,4900.0,748.0,33.5923,-101.9252,LUBBOCK|LUBBOCK|33.5923|-101.9252|BANGOR AVENUE|FM2255
2238,LUBBOCK,LUBBOCK,33.5923,-101.9252,,FM2255,4152.0,4760.0,608.0,33.5923,-101.9252,LUBBOCK|LUBBOCK|33.5923|-101.9252||FM2255
2239,LUBBOCK,LUBBOCK,33.5923,-101.9255,,FM2255,4152.0,5720.0,1568.0,33.5923,-101.9255,LUBBOCK|LUBBOCK|33.5923|-101.9255||FM2255
2240,LUBBOCK,LUBBOCK,33.5923,-101.9267,,FM2255,4152.0,5070.0,918.0,33.5923,-101.9267,LUBBOCK|LUBBOCK|33.5923|-101.9267||FM2255
2241,LUBBOCK,LUBBOCK,33.5923,-101.9289,FM2255,W TX 289 LOOP,4152.0,5598.0,1446.0,33.5923,-101.9289,LUBBOCK|LUBBOCK|33.5923|-101.9289|FM2255|W TX 289 LOOP
2242,LUBBOCK,LUBBOCK,33.5923,-101.9298,FM2255,SL0289,57.5,31.0,-26.5,33.5923,-101.9298,LUBBOCK|LUBBOCK|33.5923|-101.9298|FM2255|SL0289
2243,LUBBOCK,LUBBOCK,33.5923,-101.9298,,FM2255,57.5,220.0,162.5,33.5923,-101.9298,LUBBOCK|LUBBOCK|33.5923|-101.9298||FM2255
2244,LUBBOCK,LUBBOCK,33.5923,-101.9299,,FM2255,4152.0,5730.0,1578.0,33.5923,-101.9299,LUBBOCK|LUBBOCK|33.5923|-101.9299||FM2255
2245,LUBBOCK,LUBBOCK,33.5923,-101.9300,,FM2255,4152.0,5088.0,936.0,33.5923,-101.93,LUBBOCK|LUBBOCK|33.5923|-101.9300||FM2255
2246,LUBBOCK,LUBBOCK,33.5923,-101.9308,,FM2255,4152.0,4041.0,-111.0,33.5923,-101.9308,LUBBOCK|LUBBOCK|33.5923|-101.9308||FM2255
2247,LUBBOCK,LUBBOCK,33.5923,-101.9328,,FM2255,4152.0,4638.0,486.0,33.5923,-101.9328,LUBBOCK|LUBBOCK|33.5923|-101.9328||FM2255
2248,LUBBOCK,LUBBOCK,33.5923,-101.9335,,FM2255,4152.0,5683.0,1531.0,33.5923,-101.9335,LUBBOCK|LUBBOCK|33.5923|-101.9335||FM2255
2249,LUBBOCK,LUBBOCK,33.5923,-101.9337,,FM2255,4152.0,5552.0,1400.0,33.5923,-101.9337,LUBBOCK|LUBBOCK|33.5923|-101.9337||FM2255
2250,LUBBOCK,LUBBOCK,33.5923,-101.9342,,FM2255,2031.5,486.0,-1545.5,33.5923,-101.9342,LUBBOCK|LUBBOCK|33.5923|-101.9342||FM2255
2251,LUBBOCK,LUBBOCK,33.5923,-101.9345,ELKHART AVENUE,FM2255,1312.0,5727.0,4415.0,33.5923,-101.9345,LUBBOCK|LUBBOCK|33.5923|-101.9345|ELKHART AVENUE|FM2255
2252,LUBBOCK,LUBBOCK,33.5923,-101.9347,FM2255,SL0289,4152.0,5041.0,889.0,33.5923,-101.9347,LUBBOCK|LUBBOCK|33.5923|-101.9347|FM2255|SL0289
2253,LUBBOCK,LUBBOCK,33.5923,-101.9361,,FM2255,2031.5,433.0,-1598.5,33.5923,-101.9361,LUBBOCK|LUBBOCK|33.5923|-101.9361||FM2255
2254,LUBBOCK,LUBBOCK,33.5923,-101.9365,,FM2255,4152.0,5691.0,1539.0,33.5923,-101.9365,LUBBOCK|LUBBOCK|33.5923|-101.9365||FM2255
2255,LUBBOCK,LUBBOCK,33.5923,-101.9366,,FM2255,4152.0,5124.0,972.0,33.5923,-101.9366,LUBBOCK|LUBBOCK|33.5923|-101.9366||FM2255
2256,LUBBOCK,LUBBOCK,33.5923,-101.9396,,FM2255,4152.0,4561.0,409.0,33.5923,-101.9396,LUBBOCK|LUBBOCK|33.5923|-101.9396||FM2255
2257,LUBBOCK,LUBBOCK,33.5923,-101.9398,FM2255,FM2528,15.5,16.0,0.5,33.5923,-101.9398,LUBBOCK|LUBBOCK|33.5923|-101.9398|FM2255|FM2528
2258,LUBBOCK,LUBBOCK,33.5923,-101.9398,,FM2255,4152.0,3694.0,-458.0,33.5923,-101.9398,LUBBOCK|LUBBOCK|33.5923|-101.9398||FM2255
2259,LUBBOCK,LUBBOCK,33.5923,-101.9444,FM2255,HOMESTEAD AVENUE,4152.0,4469.0,317.0,33.5923,-101.9444,LUBBOCK|LUBBOCK|33.5923|-101.9444|FM2255|HOMESTEAD AVENUE
2260,LUBBOCK,LUBBOCK,33.5923,-101.9472,,FM2255,4152.0,5442.0,1290.0,33.5923,-101.9472,LUBBOCK|LUBBOCK|33.5923|-101.9472||FM2255
2261,LUBBOCK,LUBBOCK,33.5923,-101.9542,FM2255,KLINE AVENUE,4152.0,5327.0,1175.0,33.5923,-101.9542,LUBBOCK|LUBBOCK|33.5923|-101.9542|FM2255|KLINE AVENUE
2262,LUBBOCK,LUBBOCK,33.5923,-101.9572,FM2255,MILWAUKEE AVENUE,2031.5,489.0,-1542.5,33.5923,-101.9572,LUBBOCK|LUBBOCK|33.5923|-101.9572|FM2255|MILWAUKEE AVENUE
2263,LUBBOCK,LUBBOCK,33.5923,-101.9585,,FM2255,4152.0,1432.0,-2720.0,33.5923,-101.9585,LUBBOCK|LUBBOCK|33.5923|-101.9585||FM2255
2264,LUBBOCK,LUBBOCK,33.5923,-101.9657,FM2255,QUINCY AVENUE,4152.0,826.0,-3326.0,33.5923,-101.9657,LUBBOCK|LUBBOCK|33.5923|-101.9657|FM2255|QUINCY AVENUE
2265,LUBBOCK,LUBBOCK,33.5923,-101.9661,,FM2255,390.5,2101.0,1710.5,33.5923,-101.9661,LUBBOCK|LUBBOCK|33.5923|-101.9661||FM2255
2266,LUBBOCK,LUBBOCK,33.5923,-101.9745,FM2255,UPLAND AVENUE,1312.0,162.0,-1150.0,33.5923,-101.9745,LUBBOCK|LUBBOCK|33.5923|-101.9745|FM2255|UPLAND AVENUE
2267,LUBBOCK,LUBBOCK,33.5923,-101.9775,,FM2255,4152.0,788.0,-3364.0,33.5923,-101.9775,LUBBOCK|LUBBOCK|33.5923|-101.9775||FM2255
2268,LUBBOCK,LUBBOCK,33.5924,-101.8150,E 4TH STREET,TEAK AVENUE,4152.0,1753.0,-2399.0,33.5924,-101.815,LUBBOCK|LUBBOCK|33.5924|-101.8150|E 4TH STREET|TEAK AVENUE
2269,LUBBOCK,LUBBOCK,33.5924,-101.8202,OAK AVENUE,US0082,4152.0,5729.0,1577.0,33.5924,-101.8202,LUBBOCK|LUBBOCK|33.5924|-101.8202|OAK AVENUE|US0082
2270,LUBBOCK,LUBBOCK,33.5925,-101.8010,FM0040,US0062,75.0,232.0,157.0,33.5925,-101.801,LUBBOCK|LUBBOCK|33.5925|-101.8010|FM0040|US0062
2271,LUBBOCK,LUBBOCK,33.5925,-101.8010,GUAVA AVENUE,US0062,4152.0,3999.0,-153.0,33.5925,-101.801,LUBBOCK|LUBBOCK|33.5925|-101.8010|GUAVA AVENUE|US0062
2272,LUBBOCK,LUBBOCK,33.5926,-101.7877,FM0040,SL0289,99.0,61.0,-38.0,33.5926,-101.7877,LUBBOCK|LUBBOCK|33.5926|-101.7877|FM0040|SL0289
2273,LUBBOCK,LUBBOCK,33.5926,-101.7877,,SL0289,390.5,164.0,-226.5,33.5926,-101.7877,LUBBOCK|LUBBOCK|33.5926|-101.7877||SL0289
2274,LUBBOCK,LUBBOCK,33.5926,-101.7883,E LOOP 289,FM0040,4152.0,2857.0,-1295.0,33.5926,-101.7883,LUBBOCK|LUBBOCK|33.5926|-101.7883|E LOOP 289|FM0040
2275,LUBBOCK,LUBBOCK,33.5926,-101.8752,,US0082,390.5,5972.0,5581.5,33.5926,-101.8752,LUBBOCK|LUBBOCK|33.5926|-101.8752||US0082
2276,LUBBOCK,LUBBOCK,33.5926,-101.9398,,FM2528,1312.0,5693.0,4381.0,33.5926,-101.9398,LUBBOCK|LUBBOCK|33.5926|-101.9398||FM2528
2277,LUBBOCK,LUBBOCK,33.5926,-101.9571,,MILWAUKEE AVENUE,4152.0,3760.0,-392.0,33.5926,-101.9571,LUBBOCK|LUBBOCK|33.5926|-101.9571||MILWAUKEE AVENUE
2278,LUBBOCK,LUBBOCK,33.5927,-101.8182,,MARTIN LUTHER KING BOULEVARD,4152.0,5389.0,1237.0,33.5927,-101.8182,LUBBOCK|LUBBOCK|33.5927|-101.8182||MARTIN LUTHER KING BOULEVARD
2279,LUBBOCK,LUBBOCK,33.5927,-101.8598,,US0082,390.5,5911.0,5520.5,33.5927,-101.8598,LUBBOCK|LUBBOCK|33.5927|-101.8598||US0082
2280,LUBBOCK,LUBBOCK,33.5927,-101.8664,,US0082,4152.0,5981.0,1829.0,33.5927,-101.8664,LUBBOCK|LUBBOCK|33.5927|-101.8664||US0082
2281,LUBBOCK,LUBBOCK,33.5927,-101.8666,,US0082,1312.0,5895.0,4583.0,33.5927,-101.8666,LUBBOCK|LUBBOCK|33.5927|-101.8666||US0082
2282,LUBBOCK,LUBBOCK,33.5927,-101.8689,,US0082,4152.0,5933.0,1781.0,33.5927,-101.8689,LUBBOCK|LUBBOCK|33.5927|-101.8689||US0082
2283,LUBBOCK,LUBBOCK,33.5927,-101.8699,,US0082,4152.0,5929.0,1777.0,33.5927,-101.8699,LUBBOCK|LUBBOCK|33.5927|-101.8699||US0082
2284,LUBBOCK,LUBBOCK,33.5927,-101.8702,,US0082,4152.0,5864.0,1712.0,33.5927,-101.8702,LUBBOCK|LUBBOCK|33.5927|-101.8702||US0082
2285,LUBBOCK,LUBBOCK,33.5927,-101.8706,UNIVERSITY AVENUE,US0082,75.0,93.0,18.0,33.5927,-101.8706,LUBBOCK|LUBBOCK|33.5927|-101.8706|UNIVERSITY AVENUE|US0082
2286,LUBBOCK,LUBBOCK,33.5927,-101.8706,US0082,US0084,390.5,5870.0,5479.5,33.5927,-101.8706,LUBBOCK|LUBBOCK|33.5927|-101.8706|US0082|US0084
2287,LUBBOCK,LUBBOCK,33.5927,-101.8722,,US0082,1312.0,5888.0,4576.0,33.5927,-101.8722,LUBBOCK|LUBBOCK|33.5927|-101.8722||US0082
2288,LUBBOCK,LUBBOCK,33.5927,-101.8739,,US0082,2031.5,3662.0,1630.5,33.5927,-101.8739,LUBBOCK|LUBBOCK|33.5927|-101.8739||US0082
2289,LUBBOCK,LUBBOCK,33.5927,-101.9292,,SL0289,4152.0,3142.0,-1010.0,33.5927,-101.9292,LUBBOCK|LUBBOCK|33.5927|-101.9292||SL0289
2290,LUBBOCK,LUBBOCK,33.5928,-101.8183,IH0027,US0082,669.0,153.0,-516.0,33.5928,-101.8183,LUBBOCK|LUBBOCK|33.5928|-101.8183|IH0027|US0082
2291,LUBBOCK,LUBBOCK,33.5928,-101.8183,MARTIN LUTHER KING BOULEVARD,US0082,135.5,150.0,14.5,33.5928,-101.8183,LUBBOCK|LUBBOCK|33.5928|-101.8183|MARTIN LUTHER KING BOULEVARD|US0082
2292,LUBBOCK,LUBBOCK,33.5928,-101.8183,,US0082,4152.0,5801.0,1649.0,33.5928,-101.8183,LUBBOCK|LUBBOCK|33.5928|-101.8183||US0082
2293,LUBBOCK,LUBBOCK,33.5928,-101.8477,,US0082,4152.0,5874.0,1722.0,33.5928,-101.8477,LUBBOCK|LUBBOCK|33.5928|-101.8477||US0082
2294,LUBBOCK,LUBBOCK,33.5928,-101.8492,US0082,US0084,4152.0,5961.0,1809.0,33.5928,-101.8492,LUBBOCK|LUBBOCK|33.5928|-101.8492|US0082|US0084
2295,LUBBOCK,LUBBOCK,33.5928,-101.8494,,US0082,4152.0,5867.0,1715.0,33.5928,-101.8494,LUBBOCK|LUBBOCK|33.5928|-101.8494||US0082
2296,LUBBOCK,LUBBOCK,33.5928,-101.8500,,US0082,4152.0,5851.0,1699.0,33.5928,-101.85,LUBBOCK|LUBBOCK|33.5928|-101.8500||US0082
2297,LUBBOCK,LUBBOCK,33.5928,-101.8509,,US0082,4152.0,5852.0,1700.0,33.5928,-101.8509,LUBBOCK|LUBBOCK|33.5928|-101.8509||US0082
2298,LUBBOCK,LUBBOCK,33.5928,-101.8546,,US0082,4152.0,5819.0,1667.0,33.5928,-101.8546,LUBBOCK|LUBBOCK|33.5928|-101.8546||US0082
2299,LUBBOCK,LUBBOCK,33.5928,-101.8549,,US0082,4152.0,5833.0,1681.0,33.5928,-101.8549,LUBBOCK|LUBBOCK|33.5928|-101.8549||US0082
2300,LUBBOCK,LUBBOCK,33.5928,-101.8552,US0082,US0084,11.5,32.0,20.5,33.5928,-101.8552,LUBBOCK|LUBBOCK|33.5928|-101.8552|US0082|US0084
2301,LUBBOCK,LUBBOCK,33.5928,-101.8552,,US0082,4152.0,5974.0,1822.0,33.5928,-101.8552,LUBBOCK|LUBBOCK|33.5928|-101.8552||US0082
2302,LUBBOCK,LUBBOCK,33.5928,-101.8553,,US0082,4152.0,5949.0,1797.0,33.5928,-101.8553,LUBBOCK|LUBBOCK|33.5928|-101.8553||US0082
2303,LUBBOCK,LUBBOCK,33.5928,-101.8556,,US0082,4152.0,5937.0,1785.0,33.5928,-101.8556,LUBBOCK|LUBBOCK|33.5928|-101.8556||US0082
2304,LUBBOCK,LUBBOCK,33.5928,-101.8580,,US0082,390.5,5955.0,5564.5,33.5928,-101.858,LUBBOCK|LUBBOCK|33.5928|-101.8580||US0082
2305,LUBBOCK,LUBBOCK,33.5930,-101.8097,,ZENITH AVENUE,1312.0,5044.0,3732.0,33.593,-101.8097,LUBBOCK|LUBBOCK|33.5930|-101.8097||ZENITH AVENUE
2306,LUBBOCK,LUBBOCK,33.5930,-101.8177,,US0082,4152.0,3896.0,-256.0,33.593,-101.8177,LUBBOCK|LUBBOCK|33.5930|-101.8177||US0082
2307,LUBBOCK,LUBBOCK,33.5930,-101.9398,FM2255,FM2528,4152.0,5785.0,1633.0,33.593,-101.9398,LUBBOCK|LUBBOCK|33.5930|-101.9398|FM2255|FM2528
2308,LUBBOCK,LUBBOCK,33.5935,-101.8010,,GUAVA AVENUE,4152.0,4804.0,652.0,33.5935,-101.801,LUBBOCK|LUBBOCK|33.5935|-101.8010||GUAVA AVENUE
2309,LUBBOCK,LUBBOCK,33.5937,-101.9398,,FM2528,2031.5,512.0,-1519.5,33.5937,-101.9398,LUBBOCK|LUBBOCK|33.5937|-101.9398||FM2528
2310,LUBBOCK,LUBBOCK,33.5940,-101.9225,,SLIDE ROAD,4152.0,3184.0,-968.0,33.594,-101.9225,LUBBOCK|LUBBOCK|33.5940|-101.9225||SLIDE ROAD
2311,LUBBOCK,LUBBOCK,33.5941,-101.8704,3RD STREET,UNIVERSITY AVENUE,4152.0,3951.0,-201.0,33.5941,-101.8704,LUBBOCK|LUBBOCK|33.5941|-101.8704|3RD STREET|UNIVERSITY AVENUE
2312,LUBBOCK,LUBBOCK,33.5941,-101.8704,,3RD STREET,4152.0,4073.0,-79.0,33.5941,-101.8704,LUBBOCK|LUBBOCK|33.5941|-101.8704||3RD STREET
2313,LUBBOCK,LUBBOCK,33.5941,-101.8747,3RD STREET,BOSTON AVENUE,4152.0,1484.0,-2668.0,33.5941,-101.8747,LUBBOCK|LUBBOCK|33.5941|-101.8747|3RD STREET|BOSTON AVENUE
2314,LUBBOCK,LUBBOCK,33.5942,-101.8552,3RD STREET,US0084,1312.0,249.0,-1063.0,33.5942,-101.8552,LUBBOCK|LUBBOCK|33.5942|-101.8552|3RD STREET|US0084
2315,LUBBOCK,LUBBOCK,33.5942,-101.8630,3RD STREET,UVALDE AVENUE,4152.0,5376.0,1224.0,33.5942,-101.863,LUBBOCK|LUBBOCK|33.5942|-101.8630|3RD STREET|UVALDE AVENUE
2316,LUBBOCK,LUBBOCK,33.5943,-101.8010,,GUAVA AVENUE,4152.0,4917.0,765.0,33.5943,-101.801,LUBBOCK|LUBBOCK|33.5943|-101.8010||GUAVA AVENUE
2317,LUBBOCK,LUBBOCK,33.5943,-101.8151,,US0082,4152.0,1357.0,-2795.0,33.5943,-101.8151,LUBBOCK|LUBBOCK|33.5943|-101.8151||US0082
2318,LUBBOCK,LUBBOCK,33.5944,-101.8150,,US0082,390.5,3990.0,3599.5,33.5944,-101.815,LUBBOCK|LUBBOCK|33.5944|-101.8150||US0082
2319,LUBBOCK,LUBBOCK,33.5944,-101.9051,,QUAKER AVENUE,1312.0,1698.0,386.0,33.5944,-101.9051,LUBBOCK|LUBBOCK|33.5944|-101.9051||QUAKER AVENUE
2320,LUBBOCK,LUBBOCK,33.5945,-101.8552,SS0326,US0084,669.0,138.0,-531.0,33.5945,-101.8552,LUBBOCK|LUBBOCK|33.5945|-101.8552|SS0326|US0084
2321,LUBBOCK,LUBBOCK,33.5945,-101.8619,,AVENUE U,4152.0,4953.0,801.0,33.5945,-101.8619,LUBBOCK|LUBBOCK|33.5945|-101.8619||AVENUE U
2322,LUBBOCK,LUBBOCK,33.5946,-101.9354,,3RD STREET,4152.0,3572.0,-580.0,33.5946,-101.9354,LUBBOCK|LUBBOCK|33.5946|-101.9354||3RD STREET
2323,LUBBOCK,LUBBOCK,33.5947,-101.9261,,SL0289,4152.0,5612.0,1460.0,33.5947,-101.9261,LUBBOCK|LUBBOCK|33.5947|-101.9261||SL0289
2324,LUBBOCK,LUBBOCK,33.5948,-101.8403,,IH0027,1312.0,5647.0,4335.0,33.5948,-101.8403,LUBBOCK|LUBBOCK|33.5948|-101.8403||IH0027
2325,LUBBOCK,LUBBOCK,33.5949,-101.8807,,ELGIN AVENUE,4152.0,4835.0,683.0,33.5949,-101.8807,LUBBOCK|LUBBOCK|33.5949|-101.8807||ELGIN AVENUE
2326,LUBBOCK,LUBBOCK,33.5949,-101.9154,2ND STREET,TROY AVENUE,4152.0,4050.0,-102.0,33.5949,-101.9154,LUBBOCK|LUBBOCK|33.5949|-101.9154|2ND STREET|TROY AVENUE
2327,LUBBOCK,LUBBOCK,33.5950,-101.8704,,UNIVERSITY AVENUE,4152.0,3430.0,-722.0,33.595,-101.8704,LUBBOCK|LUBBOCK|33.5950|-101.8704||UNIVERSITY AVENUE
2328,LUBBOCK,LUBBOCK,33.5951,-101.8010,E 2ND PL,GUAVA AVENUE,4152.0,2642.0,-1510.0,33.5951,-101.801,LUBBOCK|LUBBOCK|33.5951|-101.8010|E 2ND PL|GUAVA AVENUE
2329,LUBBOCK,LUBBOCK,33.5951,-101.8630,2ND PL,UVALDE AVENUE,1312.0,2976.0,1664.0,33.5951,-101.863,LUBBOCK|LUBBOCK|33.5951|-101.8630|2ND PL|UVALDE AVENUE
2330,LUBBOCK,LUBBOCK,33.5952,-101.9253,,SL0289,4152.0,4903.0,751.0,33.5952,-101.9253,LUBBOCK|LUBBOCK|33.5952|-101.9253||SL0289
2331,LUBBOCK,LUBBOCK,33.5953,-101.7976,,US0062,4152.0,717.0,-3435.0,33.5953,-101.7976,LUBBOCK|LUBBOCK|33.5953|-101.7976||US0062
2332,LUBBOCK,LUBBOCK,33.5953,-101.8962,,TEXAS TECH PKWY,4152.0,4590.0,438.0,33.5953,-101.8962,LUBBOCK|LUBBOCK|33.5953|-101.8962||TEXAS TECH PKWY
2333,LUBBOCK,LUBBOCK,33.5954,-101.7878,,SL0289,4152.0,3936.0,-216.0,33.5954,-101.7878,LUBBOCK|LUBBOCK|33.5954|-101.7878||SL0289
2334,LUBBOCK,LUBBOCK,33.5955,-101.8564,SS0326,US0084,2031.5,299.0,-1732.5,33.5955,-101.8564,LUBBOCK|LUBBOCK|33.5955|-101.8564|SS0326|US0084
2335,LUBBOCK,LUBBOCK,33.5956,-101.8129,IH0027,US0082,4152.0,3832.0,-320.0,33.5956,-101.8129,LUBBOCK|LUBBOCK|33.5956|-101.8129|IH0027|US0082
2336,LUBBOCK,LUBBOCK,33.5956,-101.8156,,REDBUD AVENUE,4152.0,3802.0,-350.0,33.5956,-101.8156,LUBBOCK|LUBBOCK|33.5956|-101.8156||REDBUD AVENUE
2337,LUBBOCK,LUBBOCK,33.5957,-101.9210,,1ST PL,4152.0,1890.0,-2262.0,33.5957,-101.921,LUBBOCK|LUBBOCK|33.5957|-101.9210||1ST PL
2338,LUBBOCK,LUBBOCK,33.5957,-101.9245,,SL0289,2031.5,449.0,-1582.5,33.5957,-101.9245,LUBBOCK|LUBBOCK|33.5957|-101.9245||SL0289
2339,LUBBOCK,LUBBOCK,33.5958,-101.8054,,CHERRY AVENUE,4152.0,2892.0,-1260.0,33.5958,-101.8054,LUBBOCK|LUBBOCK|33.5958|-101.8054||CHERRY AVENUE
2340,LUBBOCK,LUBBOCK,33.5958,-101.8097,,ZENITH AVENUE,4152.0,4852.0,700.0,33.5958,-101.8097,LUBBOCK|LUBBOCK|33.5958|-101.8097||ZENITH AVENUE
2341,LUBBOCK,LUBBOCK,33.5958,-101.8124,,US0082,4152.0,4223.0,71.0,33.5958,-101.8124,LUBBOCK|LUBBOCK|33.5958|-101.8124||US0082
2342,LUBBOCK,LUBBOCK,33.5959,-101.8184,,MARTIN LUTHER KING BOULEVARD,4152.0,4393.0,241.0,33.5959,-101.8184,LUBBOCK|LUBBOCK|33.5959|-101.8184||MARTIN LUTHER KING BOULEVARD
2343,LUBBOCK,LUBBOCK,33.5959,-101.8791,2ND STREET,DETROIT AVENUE,2031.5,441.0,-1590.5,33.5959,-101.8791,LUBBOCK|LUBBOCK|33.5959|-101.8791|2ND STREET|DETROIT AVENUE
2344,LUBBOCK,LUBBOCK,33.5959,-101.9243,,SL0289,669.0,468.0,-201.0,33.5959,-101.9243,LUBBOCK|LUBBOCK|33.5959|-101.9243||SL0289
2345,LUBBOCK,LUBBOCK,33.5960,-101.8860,,2ND STREET,4152.0,4005.0,-147.0,33.596,-101.886,LUBBOCK|LUBBOCK|33.5960|-101.8860||2ND STREET
2346,LUBBOCK,LUBBOCK,33.5960,-101.8878,2ND STREET,INDIANA AVENUE,4152.0,2394.0,-1758.0,33.596,-101.8878,LUBBOCK|LUBBOCK|33.5960|-101.8878|2ND STREET|INDIANA AVENUE
2347,LUBBOCK,LUBBOCK,33.5961,-101.8097,E 2ND STREET,ZENITH AVENUE,669.0,420.0,-249.0,33.5961,-101.8097,LUBBOCK|LUBBOCK|33.5961|-101.8097|E 2ND STREET|ZENITH AVENUE
2348,LUBBOCK,LUBBOCK,33.5961,-101.8672,,2ND STREET,4152.0,4351.0,199.0,33.5961,-101.8672,LUBBOCK|LUBBOCK|33.5961|-101.8672||2ND STREET
2349,LUBBOCK,LUBBOCK,33.5962,-101.7881,,SL0289,4152.0,951.0,-3201.0,33.5962,-101.7881,LUBBOCK|LUBBOCK|33.5962|-101.7881||SL0289
2350,LUBBOCK,LUBBOCK,33.5962,-101.9238,,SL0289,390.5,4780.0,4389.5,33.5962,-101.9238,LUBBOCK|LUBBOCK|33.5962|-101.9238||SL0289
2351,LUBBOCK,LUBBOCK,33.5963,-101.8704,SANTA FE DRIVE,UNIVERSITY AVENUE,4152.0,4982.0,830.0,33.5963,-101.8704,LUBBOCK|LUBBOCK|33.5963|-101.8704|SANTA FE DRIVE|UNIVERSITY AVENUE
2352,LUBBOCK,LUBBOCK,33.5963,-101.8704,,UNIVERSITY AVENUE,4152.0,1842.0,-2310.0,33.5963,-101.8704,LUBBOCK|LUBBOCK|33.5963|-101.8704||UNIVERSITY AVENUE
2353,LUBBOCK,LUBBOCK,33.5963,-101.9235,FM2255,SL0289,1312.0,216.0,-1096.0,33.5963,-101.9235,LUBBOCK|LUBBOCK|33.5963|-101.9235|FM2255|SL0289
2354,LUBBOCK,LUBBOCK,33.5963,-101.9235,SL0289,SLIDE ROAD,8.0,3.0,-5.0,33.5963,-101.9235,LUBBOCK|LUBBOCK|33.5963|-101.9235|SL0289|SLIDE ROAD
2355,LUBBOCK,LUBBOCK,33.5964,-101.8704,,UNIVERSITY AVENUE,1312.0,1645.0,333.0,33.5964,-101.8704,LUBBOCK|LUBBOCK|33.5964|-101.8704||UNIVERSITY AVENUE
2356,LUBBOCK,LUBBOCK,33.5964,-101.9234,,SL0289,2031.5,490.0,-1541.5,33.5964,-101.9234,LUBBOCK|LUBBOCK|33.5964|-101.9234||SL0289
2357,LUBBOCK,LUBBOCK,33.5965,-101.8575,S AVENUE,US0084,4152.0,5295.0,1143.0,33.5965,-101.8575,LUBBOCK|LUBBOCK|33.5965|-101.8575|S AVENUE|US0084
2358,LUBBOCK,LUBBOCK,33.5965,-101.9232,,SL0289,2031.5,458.0,-1573.5,33.5965,-101.9232,LUBBOCK|LUBBOCK|33.5965|-101.9232||SL0289
2359,LUBBOCK,LUBBOCK,33.5965,-101.9398,2ND STREET,FM2528,4152.0,5803.0,1651.0,33.5965,-101.9398,LUBBOCK|LUBBOCK|33.5965|-101.9398|2ND STREET|FM2528
2360,LUBBOCK,LUBBOCK,33.5966,-101.9237,,SLIDE ROAD,1312.0,2628.0,1316.0,33.5966,-101.9237,LUBBOCK|LUBBOCK|33.5966|-101.9237||SLIDE ROAD
2361,LUBBOCK,LUBBOCK,33.5967,-101.7883,,SL0289,4152.0,2887.0,-1265.0,33.5967,-101.7883,LUBBOCK|LUBBOCK|33.5967|-101.7883||SL0289
2362,LUBBOCK,LUBBOCK,33.5967,-101.8619,,AVENUE U,4152.0,3300.0,-852.0,33.5967,-101.8619,LUBBOCK|LUBBOCK|33.5967|-101.8619||AVENUE U
2363,LUBBOCK,LUBBOCK,33.5967,-101.9229,,SL0289,1312.0,5081.0,3769.0,33.5967,-101.9229,LUBBOCK|LUBBOCK|33.5967|-101.9229||SL0289
2364,LUBBOCK,LUBBOCK,33.5967,-101.9230,,SL0289,390.5,3642.0,3251.5,33.5967,-101.923,LUBBOCK|LUBBOCK|33.5967|-101.9230||SL0289
2365,LUBBOCK,LUBBOCK,33.5968,-101.8419,,IH0027,4152.0,5657.0,1505.0,33.5968,-101.8419,LUBBOCK|LUBBOCK|33.5968|-101.8419||IH0027
2366,LUBBOCK,LUBBOCK,33.5968,-101.8704,,UNIVERSITY AVENUE,1312.0,4403.0,3091.0,33.5968,-101.8704,LUBBOCK|LUBBOCK|33.5968|-101.8704||UNIVERSITY AVENUE
2367,LUBBOCK,LUBBOCK,33.5968,-101.9227,,SL0289,4152.0,4794.0,642.0,33.5968,-101.9227,LUBBOCK|LUBBOCK|33.5968|-101.9227||SL0289
2368,LUBBOCK,LUBBOCK,33.5968,-101.9239,,SLIDE ROAD,2031.5,484.0,-1547.5,33.5968,-101.9239,LUBBOCK|LUBBOCK|33.5968|-101.9239||SLIDE ROAD
2369,LUBBOCK,LUBBOCK,33.5969,-101.8095,,ZENITH AVENUE,1312.0,1832.0,520.0,33.5969,-101.8095,LUBBOCK|LUBBOCK|33.5969|-101.8095||ZENITH AVENUE
2370,LUBBOCK,LUBBOCK,33.5969,-101.8704,,UNIVERSITY AVENUE,2031.5,274.0,-1757.5,33.5969,-101.8704,LUBBOCK|LUBBOCK|33.5969|-101.8704||UNIVERSITY AVENUE
2371,LUBBOCK,LUBBOCK,33.5969,-101.8725,1ST PL,AKRON AVENUE,4152.0,5146.0,994.0,33.5969,-101.8725,LUBBOCK|LUBBOCK|33.5969|-101.8725|1ST PL|AKRON AVENUE
2372,LUBBOCK,LUBBOCK,33.5969,-101.8747,1ST PL,BOSTON AVENUE,4152.0,2482.0,-1670.0,33.5969,-101.8747,LUBBOCK|LUBBOCK|33.5969|-101.8747|1ST PL|BOSTON AVENUE
2373,LUBBOCK,LUBBOCK,33.5971,-101.8096,,ZENITH AVENUE,1312.0,3806.0,2494.0,33.5971,-101.8096,LUBBOCK|LUBBOCK|33.5971|-101.8096||ZENITH AVENUE
2374,LUBBOCK,LUBBOCK,33.5971,-101.9381,,2ND STREET,4152.0,3178.0,-974.0,33.5971,-101.9381,LUBBOCK|LUBBOCK|33.5971|-101.9381||2ND STREET
2375,LUBBOCK,LUBBOCK,33.5972,-101.9222,SL0289,SLIDE ROAD,4152.0,3353.0,-799.0,33.5972,-101.9222,LUBBOCK|LUBBOCK|33.5972|-101.9222|SL0289|SLIDE ROAD
2376,LUBBOCK,LUBBOCK,33.5973,-101.8097,IH0027,US0082,669.0,345.0,-324.0,33.5973,-101.8097,LUBBOCK|LUBBOCK|33.5973|-101.8097|IH0027|US0082
2377,LUBBOCK,LUBBOCK,33.5973,-101.8097,US0082,ZENITH AVENUE,4152.0,5097.0,945.0,33.5973,-101.8097,LUBBOCK|LUBBOCK|33.5973|-101.8097|US0082|ZENITH AVENUE
2378,LUBBOCK,LUBBOCK,33.5973,-101.8098,US0082,ZENITH AVENUE,4152.0,1925.0,-2227.0,33.5973,-101.8098,LUBBOCK|LUBBOCK|33.5973|-101.8098|US0082|ZENITH AVENUE
2379,LUBBOCK,LUBBOCK,33.5973,-101.8098,,US0082,4152.0,1320.0,-2832.0,33.5973,-101.8098,LUBBOCK|LUBBOCK|33.5973|-101.8098||US0082
2380,LUBBOCK,LUBBOCK,33.5973,-101.8156,E 1ST PL,REDBUD AVENUE,4152.0,3169.0,-983.0,33.5973,-101.8156,LUBBOCK|LUBBOCK|33.5973|-101.8156|E 1ST PL|REDBUD AVENUE
2381,LUBBOCK,LUBBOCK,33.5973,-101.8683,,AVENUE X,4152.0,3943.0,-209.0,33.5973,-101.8683,LUBBOCK|LUBBOCK|33.5973|-101.8683||AVENUE X
2382,LUBBOCK,LUBBOCK,33.5976,-101.8092,,US0082,1312.0,3726.0,2414.0,33.5976,-101.8092,LUBBOCK|LUBBOCK|33.5976|-101.8092||US0082
2383,LUBBOCK,LUBBOCK,33.5976,-101.8672,,WACO AVENUE,4152.0,3595.0,-557.0,33.5976,-101.8672,LUBBOCK|LUBBOCK|33.5976|-101.8672||WACO AVENUE
2384,LUBBOCK,LUBBOCK,33.5977,-101.8054,CHERRY AVENUE,E 1ST STREET,4152.0,3950.0,-202.0,33.5977,-101.8054,LUBBOCK|LUBBOCK|33.5977|-101.8054|CHERRY AVENUE|E 1ST STREET
2385,LUBBOCK,LUBBOCK,33.5977,-101.8425,,IH0027,390.5,5624.0,5233.5,33.5977,-101.8425,LUBBOCK|LUBBOCK|33.5977|-101.8425||IH0027
2386,LUBBOCK,LUBBOCK,33.5977,-101.8704,,UNIVERSITY AVENUE,4152.0,4132.0,-20.0,33.5977,-101.8704,LUBBOCK|LUBBOCK|33.5977|-101.8704||UNIVERSITY AVENUE
2387,LUBBOCK,LUBBOCK,33.5977,-101.8813,,1ST STREET,1312.0,2448.0,1136.0,33.5977,-101.8813,LUBBOCK|LUBBOCK|33.5977|-101.8813||1ST STREET
2388,LUBBOCK,LUBBOCK,33.5978,-101.8704,1ST STREET,UNIVERSITY AVENUE,2031.5,344.0,-1687.5,33.5978,-101.8704,LUBBOCK|LUBBOCK|33.5978|-101.8704|1ST STREET|UNIVERSITY AVENUE
2389,LUBBOCK,LUBBOCK,33.5978,-101.8705,,1ST STREET,4152.0,2587.0,-1565.0,33.5978,-101.8705,LUBBOCK|LUBBOCK|33.5978|-101.8705||1ST STREET
2390,LUBBOCK,LUBBOCK,33.5978,-101.8858,,1ST STREET,4152.0,5351.0,1199.0,33.5978,-101.8858,LUBBOCK|LUBBOCK|33.5978|-101.8858||1ST STREET
2391,LUBBOCK,LUBBOCK,33.5979,-101.8619,AVENUE U,N AVENUE U,1312.0,5114.0,3802.0,33.5979,-101.8619,LUBBOCK|LUBBOCK|33.5979|-101.8619|AVENUE U|N AVENUE U
2392,LUBBOCK,LUBBOCK,33.5979,-101.8632,1ST STREET,UVALDE AVENUE,4152.0,1665.0,-2487.0,33.5979,-101.8632,LUBBOCK|LUBBOCK|33.5979|-101.8632|1ST STREET|UVALDE AVENUE
2393,LUBBOCK,LUBBOCK,33.5980,-101.8107,E 1ST PL,ZENITH AVENUE,390.5,1686.0,1295.5,33.598,-101.8107,LUBBOCK|LUBBOCK|33.5980|-101.8107|E 1ST PL|ZENITH AVENUE
2394,LUBBOCK,LUBBOCK,33.5981,-101.8140,,E 1ST STREET,4152.0,4532.0,380.0,33.5981,-101.814,LUBBOCK|LUBBOCK|33.5981|-101.8140||E 1ST STREET
2395,LUBBOCK,LUBBOCK,33.5981,-101.8184,E 1ST STREET,N MLK JR BOULEVARD,4152.0,5341.0,1189.0,33.5981,-101.8184,LUBBOCK|LUBBOCK|33.5981|-101.8184|E 1ST STREET|N MLK JR BOULEVARD
2396,LUBBOCK,LUBBOCK,33.5982,-101.8080,,US0082,390.5,3018.0,2627.5,33.5982,-101.808,LUBBOCK|LUBBOCK|33.5982|-101.8080||US0082
2397,LUBBOCK,LUBBOCK,33.5984,-101.8098,,ZENITH AVENUE,4152.0,3445.0,-707.0,33.5984,-101.8098,LUBBOCK|LUBBOCK|33.5984|-101.8098||ZENITH AVENUE
2398,LUBBOCK,LUBBOCK,33.5985,-101.8704,,N UNIVERSITY AVENUE,4152.0,4712.0,560.0,33.5985,-101.8704,LUBBOCK|LUBBOCK|33.5985|-101.8704||N UNIVERSITY AVENUE
2399,LUBBOCK,LUBBOCK,33.5986,-101.8001,,US0082,4152.0,2585.0,-1567.0,33.5986,-101.8001,LUBBOCK|LUBBOCK|33.5986|-101.8001||US0082
2400,LUBBOCK,LUBBOCK,33.5986,-101.8011,GUAVA AVENUE,US0082,1312.0,151.0,-1161.0,33.5986,-101.8011,LUBBOCK|LUBBOCK|33.5986|-101.8011|GUAVA AVENUE|US0082
2401,LUBBOCK,LUBBOCK,33.5986,-101.8027,,US0082,4152.0,1479.0,-2673.0,33.5986,-101.8027,LUBBOCK|LUBBOCK|33.5986|-101.8027||US0082
2402,LUBBOCK,LUBBOCK,33.5986,-101.8036,,US0082,4152.0,1962.0,-2190.0,33.5986,-101.8036,LUBBOCK|LUBBOCK|33.5986|-101.8036||US0082
2403,LUBBOCK,LUBBOCK,33.5986,-101.8054,N CHERRY AVENUE,US0082,669.0,119.0,-550.0,33.5986,-101.8054,LUBBOCK|LUBBOCK|33.5986|-101.8054|N CHERRY AVENUE|US0082
2404,LUBBOCK,LUBBOCK,33.5986,-101.8704,,N UNIVERSITY AVENUE,2031.5,272.0,-1759.5,33.5986,-101.8704,LUBBOCK|LUBBOCK|33.5986|-101.8704||N UNIVERSITY AVENUE
2405,LUBBOCK,LUBBOCK,33.5986,-101.8822,AMHERST STREET,N FLINT AVENUE,4152.0,3557.0,-595.0,33.5986,-101.8822,LUBBOCK|LUBBOCK|33.5986|-101.8822|AMHERST STREET|N FLINT AVENUE
2406,LUBBOCK,LUBBOCK,33.5986,-101.8878,AMHERST STREET,N INDIANA AVENUE,4152.0,4184.0,32.0,33.5986,-101.8878,LUBBOCK|LUBBOCK|33.5986|-101.8878|AMHERST STREET|N INDIANA AVENUE
2407,LUBBOCK,LUBBOCK,33.5987,-101.8704,AMHERST STREET,N UNIVERSITY AVENUE,2031.5,277.0,-1754.5,33.5987,-101.8704,LUBBOCK|LUBBOCK|33.5987|-101.8704|AMHERST STREET|N UNIVERSITY AVENUE
2408,LUBBOCK,LUBBOCK,33.5987,-101.8747,AMHERST STREET,N BOSTON AVENUE,4152.0,5409.0,1257.0,33.5987,-101.8747,LUBBOCK|LUBBOCK|33.5987|-101.8747|AMHERST STREET|N BOSTON AVENUE
2409,LUBBOCK,LUBBOCK,33.5988,-101.8704,,N UNIVERSITY AVENUE,4152.0,1309.0,-2843.0,33.5988,-101.8704,LUBBOCK|LUBBOCK|33.5988|-101.8704||N UNIVERSITY AVENUE
2410,LUBBOCK,LUBBOCK,33.5988,-101.9398,,FM2528,4152.0,5854.0,1702.0,33.5988,-101.9398,LUBBOCK|LUBBOCK|33.5988|-101.9398||FM2528
2411,LUBBOCK,LUBBOCK,33.5989,-101.8878,,N INDIANA AVENUE,1312.0,5289.0,3977.0,33.5989,-101.8878,LUBBOCK|LUBBOCK|33.5989|-101.8878||N INDIANA AVENUE
2412,LUBBOCK,LUBBOCK,33.5993,-101.8618,,US0084,4152.0,5119.0,967.0,33.5993,-101.8618,LUBBOCK|LUBBOCK|33.5993|-101.8618||US0084
2413,LUBBOCK,LUBBOCK,33.5993,-101.9050,,QUAKER AVENUE,4152.0,4139.0,-13.0,33.5993,-101.905,LUBBOCK|LUBBOCK|33.5993|-101.9050||QUAKER AVENUE
2414,LUBBOCK,LUBBOCK,33.5995,-101.8704,,N UNIVERSITY AVENUE,4152.0,2912.0,-1240.0,33.5995,-101.8704,LUBBOCK|LUBBOCK|33.5995|-101.8704||N UNIVERSITY AVENUE
2415,LUBBOCK,LUBBOCK,33.5996,-101.8704,AUBURN STREET,N UNIVERSITY AVENUE,2031.5,385.0,-1646.5,33.5996,-101.8704,LUBBOCK|LUBBOCK|33.5996|-101.8704|AUBURN STREET|N UNIVERSITY AVENUE
2416,LUBBOCK,LUBBOCK,33.5996,-101.8705,AUBURN STREET,N UNIVERSITY AVENUE,4152.0,1568.0,-2584.0,33.5996,-101.8705,LUBBOCK|LUBBOCK|33.5996|-101.8705|AUBURN STREET|N UNIVERSITY AVENUE
2417,LUBBOCK,LUBBOCK,33.5996,-101.8733,,AUBURN STREET,4152.0,1643.0,-2509.0,33.5996,-101.8733,LUBBOCK|LUBBOCK|33.5996|-101.8733||AUBURN STREET
2418,LUBBOCK,LUBBOCK,33.5996,-101.9183,,SL0289,1312.0,3935.0,2623.0,33.5996,-101.9183,LUBBOCK|LUBBOCK|33.5996|-101.9183||SL0289
2419,LUBBOCK,LUBBOCK,33.5996,-101.9254,AUBURN STREET,SLIDE ROAD,4152.0,5390.0,1238.0,33.5996,-101.9254,LUBBOCK|LUBBOCK|33.5996|-101.9254|AUBURN STREET|SLIDE ROAD
2420,LUBBOCK,LUBBOCK,33.5997,-101.8098,E AUBURN STREET,N ZENITH AVENUE,4152.0,4556.0,404.0,33.5997,-101.8098,LUBBOCK|LUBBOCK|33.5997|-101.8098|E AUBURN STREET|N ZENITH AVENUE
2421,LUBBOCK,LUBBOCK,33.5997,-101.8184,E AUBURN STREET,E AUBURN STREET,4152.0,3532.0,-620.0,33.5997,-101.8184,LUBBOCK|LUBBOCK|33.5997|-101.8184|E AUBURN STREET|E AUBURN STREET
2422,LUBBOCK,LUBBOCK,33.5997,-101.8623,AUBURN STREET,US0084,4152.0,5263.0,1111.0,33.5997,-101.8623,LUBBOCK|LUBBOCK|33.5997|-101.8623|AUBURN STREET|US0084
2423,LUBBOCK,LUBBOCK,33.5997,-101.8701,,AUBURN STREET,1312.0,5163.0,3851.0,33.5997,-101.8701,LUBBOCK|LUBBOCK|33.5997|-101.8701||AUBURN STREET
2424,LUBBOCK,LUBBOCK,33.5998,-101.8625,,US0084,1312.0,4802.0,3490.0,33.5998,-101.8625,LUBBOCK|LUBBOCK|33.5998|-101.8625||US0084
2425,LUBBOCK,LUBBOCK,33.6002,-101.7921,,US0062,1312.0,2343.0,1031.0,33.6002,-101.7921,LUBBOCK|LUBBOCK|33.6002|-101.7921||US0062
2426,LUBBOCK,LUBBOCK,33.6002,-101.9398,FM2255,FM2528,4152.0,5752.0,1600.0,33.6002,-101.9398,LUBBOCK|LUBBOCK|33.6002|-101.9398|FM2255|FM2528
2427,LUBBOCK,LUBBOCK,33.6005,-101.7915,,SL0289,4152.0,1233.0,-2919.0,33.6005,-101.7915,LUBBOCK|LUBBOCK|33.6005|-101.7915||SL0289
2428,LUBBOCK,LUBBOCK,33.6005,-101.7916,SL0289,US0062,2031.5,393.0,-1638.5,33.6005,-101.7916,LUBBOCK|LUBBOCK|33.6005|-101.7916|SL0289|US0062
2429,LUBBOCK,LUBBOCK,33.6005,-101.7916,,SL0289,2031.5,258.0,-1773.5,33.6005,-101.7916,LUBBOCK|LUBBOCK|33.6005|-101.7916||SL0289
2430,LUBBOCK,LUBBOCK,33.6005,-101.8070,,E BATES STREET,4152.0,2495.0,-1657.0,33.6005,-101.807,LUBBOCK|LUBBOCK|33.6005|-101.8070||E BATES STREET
2431,LUBBOCK,LUBBOCK,33.6006,-101.7916,SL0289,US0062,2.0,1.0,-1.0,33.6006,-101.7916,LUBBOCK|LUBBOCK|33.6006|-101.7916|SL0289|US0062
2432,LUBBOCK,LUBBOCK,33.6006,-101.7916,,SL0289,4152.0,3235.0,-917.0,33.6006,-101.7916,LUBBOCK|LUBBOCK|33.6006|-101.7916||SL0289
2433,LUBBOCK,LUBBOCK,33.6006,-101.7916,,US0062,2031.5,291.0,-1740.5,33.6006,-101.7916,LUBBOCK|LUBBOCK|33.6006|-101.7916||US0062
2434,LUBBOCK,LUBBOCK,33.6006,-101.8098,E BAYLOR STREET,N ZENITH AVENUE,4152.0,4966.0,814.0,33.6006,-101.8098,LUBBOCK|LUBBOCK|33.6006|-101.8098|E BAYLOR STREET|N ZENITH AVENUE
2435,LUBBOCK,LUBBOCK,33.6006,-101.8636,,US0084,1312.0,4752.0,3440.0,33.6006,-101.8636,LUBBOCK|LUBBOCK|33.6006|-101.8636||US0084
2436,LUBBOCK,LUBBOCK,33.6007,-101.7914,SL0289,US0062,4152.0,2775.0,-1377.0,33.6007,-101.7914,LUBBOCK|LUBBOCK|33.6007|-101.7914|SL0289|US0062
2437,LUBBOCK,LUBBOCK,33.6007,-101.7915,SL0289,US0062,2031.5,293.0,-1738.5,33.6007,-101.7915,LUBBOCK|LUBBOCK|33.6007|-101.7915|SL0289|US0062
2438,LUBBOCK,LUBBOCK,33.6008,-101.7913,SL0289,US0062,4152.0,2161.0,-1991.0,33.6008,-101.7913,LUBBOCK|LUBBOCK|33.6008|-101.7913|SL0289|US0062
2439,LUBBOCK,LUBBOCK,33.6009,-101.7911,,US0062,669.0,280.0,-389.0,33.6009,-101.7911,LUBBOCK|LUBBOCK|33.6009|-101.7911||US0062
2440,LUBBOCK,LUBBOCK,33.6010,-101.8704,,N UNIVERSITY AVENUE,4152.0,1365.0,-2787.0,33.601,-101.8704,LUBBOCK|LUBBOCK|33.6010|-101.8704||N UNIVERSITY AVENUE
2441,LUBBOCK,LUBBOCK,33.6012,-101.7923,,SL0289,4152.0,3526.0,-626.0,33.6012,-101.7923,LUBBOCK|LUBBOCK|33.6012|-101.7923||SL0289
2442,LUBBOCK,LUBBOCK,33.6012,-101.8129,,E BROWN STREET,4152.0,2011.0,-2141.0,33.6012,-101.8129,LUBBOCK|LUBBOCK|33.6012|-101.8129||E BROWN STREET
2443,LUBBOCK,LUBBOCK,33.6013,-101.8878,BAYLOR STREET,N INDIANA AVENUE,390.5,2326.0,1935.5,33.6013,-101.8878,LUBBOCK|LUBBOCK|33.6013|-101.8878|BAYLOR STREET|N INDIANA AVENUE
2444,LUBBOCK,LUBBOCK,33.6014,-101.8168,E COLGATE STREET,N REDBUD AVENUE,4152.0,2506.0,-1646.0,33.6014,-101.8168,LUBBOCK|LUBBOCK|33.6014|-101.8168|E COLGATE STREET|N REDBUD AVENUE
2445,LUBBOCK,LUBBOCK,33.6015,-101.7904,,US0062,4152.0,4979.0,827.0,33.6015,-101.7904,LUBBOCK|LUBBOCK|33.6015|-101.7904||US0062
2446,LUBBOCK,LUBBOCK,33.6016,-101.8054,E BAYLOR STREET,N CHERRY AVENUE,4152.0,3112.0,-1040.0,33.6016,-101.8054,LUBBOCK|LUBBOCK|33.6016|-101.8054|E BAYLOR STREET|N CHERRY AVENUE
2447,LUBBOCK,LUBBOCK,33.6017,-101.9251,COLGATE STREET,SLIDE ROAD,4152.0,2559.0,-1593.0,33.6017,-101.9251,LUBBOCK|LUBBOCK|33.6017|-101.9251|COLGATE STREET|SLIDE ROAD
2448,LUBBOCK,LUBBOCK,33.6018,-101.8135,E COLGATE STREET,N SPRUCE AVENUE,4152.0,4180.0,28.0,33.6018,-101.8135,LUBBOCK|LUBBOCK|33.6018|-101.8135|E COLGATE STREET|N SPRUCE AVENUE
2449,LUBBOCK,LUBBOCK,33.6020,-101.9295,,COLGATE STREET,4152.0,3499.0,-653.0,33.602,-101.9295,LUBBOCK|LUBBOCK|33.6020|-101.9295||COLGATE STREET
2450,LUBBOCK,LUBBOCK,33.6020,-101.9312,COLGATE STREET,N CHICAGO AVENUE,4152.0,4326.0,174.0,33.602,-101.9312,LUBBOCK|LUBBOCK|33.6020|-101.9312|COLGATE STREET|N CHICAGO AVENUE
2451,LUBBOCK,LUBBOCK,33.6020,-101.9312,,COLGATE STREET,4152.0,3025.0,-1127.0,33.602,-101.9312,LUBBOCK|LUBBOCK|33.6020|-101.9312||COLGATE STREET
2452,LUBBOCK,LUBBOCK,33.6022,-101.8184,,E CORNELL STREET,4152.0,4962.0,810.0,33.6022,-101.8184,LUBBOCK|LUBBOCK|33.6022|-101.8184||E CORNELL STREET
2453,LUBBOCK,LUBBOCK,33.6023,-101.8442,,IH0027,1312.0,5829.0,4517.0,33.6023,-101.8442,LUBBOCK|LUBBOCK|33.6023|-101.8442||IH0027
2454,LUBBOCK,LUBBOCK,33.6023,-101.8745,COLGATE STREET,N BOSTON AVENUE,4152.0,3393.0,-759.0,33.6023,-101.8745,LUBBOCK|LUBBOCK|33.6023|-101.8745|COLGATE STREET|N BOSTON AVENUE
2455,LUBBOCK,LUBBOCK,33.6023,-101.9140,,SL0289,4152.0,3274.0,-878.0,33.6023,-101.914,LUBBOCK|LUBBOCK|33.6023|-101.9140||SL0289
2456,LUBBOCK,LUBBOCK,33.6025,-101.9136,,SL0289,4152.0,5401.0,1249.0,33.6025,-101.9136,LUBBOCK|LUBBOCK|33.6025|-101.9136||SL0289
2457,LUBBOCK,LUBBOCK,33.6029,-101.8878,,N INDIANA AVENUE,4152.0,4919.0,767.0,33.6029,-101.8878,LUBBOCK|LUBBOCK|33.6029|-101.8878||N INDIANA AVENUE
2458,LUBBOCK,LUBBOCK,33.6030,-101.8184,E DARTMOUTH STREET,N MARTIN LUTHER KING BOULEVARD,4152.0,3088.0,-1064.0,33.603,-101.8184,LUBBOCK|LUBBOCK|33.6030|-101.8184|E DARTMOUTH STREET|N MARTIN LUTHER KING BOULEVARD
2459,LUBBOCK,LUBBOCK,33.6030,-101.8443,,IH0027,4152.0,5813.0,1661.0,33.603,-101.8443,LUBBOCK|LUBBOCK|33.6030|-101.8443||IH0027
2460,LUBBOCK,LUBBOCK,33.6032,-101.8088,,E CORNELL STREET,4152.0,4731.0,579.0,33.6032,-101.8088,LUBBOCK|LUBBOCK|33.6032|-101.8088||E CORNELL STREET
2461,LUBBOCK,LUBBOCK,33.6032,-101.8746,,CORNELL STREET,4152.0,5201.0,1049.0,33.6032,-101.8746,LUBBOCK|LUBBOCK|33.6032|-101.8746||CORNELL STREET
2462,LUBBOCK,LUBBOCK,33.6034,-101.8679,,US0084,4152.0,4265.0,113.0,33.6034,-101.8679,LUBBOCK|LUBBOCK|33.6034|-101.8679||US0084
2463,LUBBOCK,LUBBOCK,33.6037,-101.9307,,N CHICAGO AVENUE,4152.0,1849.0,-2303.0,33.6037,-101.9307,LUBBOCK|LUBBOCK|33.6037|-101.9307||N CHICAGO AVENUE
2464,LUBBOCK,LUBBOCK,33.6041,-101.7872,,US0062,390.5,1240.0,849.5,33.6041,-101.7872,LUBBOCK|LUBBOCK|33.6041|-101.7872||US0062
2465,LUBBOCK,LUBBOCK,33.6042,-101.7870,,US0062,4152.0,3957.0,-195.0,33.6042,-101.787,LUBBOCK|LUBBOCK|33.6042|-101.7870||US0062
2466,LUBBOCK,LUBBOCK,33.6042,-101.7959,,SL0289,1312.0,2751.0,1439.0,33.6042,-101.7959,LUBBOCK|LUBBOCK|33.6042|-101.7959||SL0289
2467,LUBBOCK,LUBBOCK,33.6042,-101.8878,,N INDIANA AVENUE,4152.0,3910.0,-242.0,33.6042,-101.8878,LUBBOCK|LUBBOCK|33.6042|-101.8878||N INDIANA AVENUE
2468,LUBBOCK,LUBBOCK,33.6044,-101.8694,,US0084,4152.0,4787.0,635.0,33.6044,-101.8694,LUBBOCK|LUBBOCK|33.6044|-101.8694||US0084
2469,LUBBOCK,LUBBOCK,33.6051,-101.8703,SS0326,US0084,390.5,3757.0,3366.5,33.6051,-101.8703,LUBBOCK|LUBBOCK|33.6051|-101.8703|SS0326|US0084
2470,LUBBOCK,LUBBOCK,33.6051,-101.8704,N UNIVERSITY AVENUE,US0084,669.0,109.0,-560.0,33.6051,-101.8704,LUBBOCK|LUBBOCK|33.6051|-101.8704|N UNIVERSITY AVENUE|US0084
2471,LUBBOCK,LUBBOCK,33.6055,-101.8703,FM1264,SL0289,2031.5,340.0,-1691.5,33.6055,-101.8703,LUBBOCK|LUBBOCK|33.6055|-101.8703|FM1264|SL0289
2472,LUBBOCK,LUBBOCK,33.6055,-101.8861,,N HARTFORD AVENUE,4152.0,1585.0,-2567.0,33.6055,-101.8861,LUBBOCK|LUBBOCK|33.6055|-101.8861||N HARTFORD AVENUE
2473,LUBBOCK,LUBBOCK,33.6059,-101.8791,EMORY STREET,N DETROIT AVENUE,390.5,3401.0,3010.5,33.6059,-101.8791,LUBBOCK|LUBBOCK|33.6059|-101.8791|EMORY STREET|N DETROIT AVENUE
2474,LUBBOCK,LUBBOCK,33.6060,-101.8719,SS0326,US0084,4152.0,4873.0,721.0,33.606,-101.8719,LUBBOCK|LUBBOCK|33.6060|-101.8719|SS0326|US0084
2475,LUBBOCK,LUBBOCK,33.6060,-101.9226,,SLIDE ROAD,4152.0,1949.0,-2203.0,33.606,-101.9226,LUBBOCK|LUBBOCK|33.6060|-101.9226||SLIDE ROAD
2476,LUBBOCK,LUBBOCK,33.6061,-101.7847,,US0062,4152.0,1144.0,-3008.0,33.6061,-101.7847,LUBBOCK|LUBBOCK|33.6061|-101.7847||US0062
2477,LUBBOCK,LUBBOCK,33.6065,-101.8450,,IH0027,4152.0,5848.0,1696.0,33.6065,-101.845,LUBBOCK|LUBBOCK|33.6065|-101.8450||IH0027
2478,LUBBOCK,LUBBOCK,33.6065,-101.9073,ERSKINE STREET,SL0289,75.0,129.0,54.0,33.6065,-101.9073,LUBBOCK|LUBBOCK|33.6065|-101.9073|ERSKINE STREET|SL0289
2479,LUBBOCK,LUBBOCK,33.6065,-101.9074,,SL0289,4152.0,5580.0,1428.0,33.6065,-101.9074,LUBBOCK|LUBBOCK|33.6065|-101.9074||SL0289
2480,LUBBOCK,LUBBOCK,33.6066,-101.9048,,TEXAS TECH PKWY,4152.0,1436.0,-2716.0,33.6066,-101.9048,LUBBOCK|LUBBOCK|33.6066|-101.9048||TEXAS TECH PKWY
2481,LUBBOCK,LUBBOCK,33.6067,-101.8704,,FM1264,4152.0,1958.0,-2194.0,33.6067,-101.8704,LUBBOCK|LUBBOCK|33.6067|-101.8704||FM1264
2482,LUBBOCK,LUBBOCK,33.6067,-101.9070,,SL0289,4152.0,5534.0,1382.0,33.6067,-101.907,LUBBOCK|LUBBOCK|33.6067|-101.9070||SL0289
2483,LUBBOCK,LUBBOCK,33.6068,-101.8504,ERSKINE STREET,SS0326,99.0,81.0,-18.0,33.6068,-101.8504,LUBBOCK|LUBBOCK|33.6068|-101.8504|ERSKINE STREET|SS0326
2484,LUBBOCK,LUBBOCK,33.6068,-101.8504,IH0027,SS0326,390.5,2636.0,2245.5,33.6068,-101.8504,LUBBOCK|LUBBOCK|33.6068|-101.8504|IH0027|SS0326
2485,LUBBOCK,LUBBOCK,33.6068,-101.8581,ERSKINE STREET,N AVENUE S,4152.0,1993.0,-2159.0,33.6068,-101.8581,LUBBOCK|LUBBOCK|33.6068|-101.8581|ERSKINE STREET|N AVENUE S
2486,LUBBOCK,LUBBOCK,33.6068,-101.8704,,FM1264,390.5,4688.0,4297.5,33.6068,-101.8704,LUBBOCK|LUBBOCK|33.6068|-101.8704||FM1264
2487,LUBBOCK,LUBBOCK,33.6068,-101.8735,ERSKINE STREET,US0084,4152.0,4371.0,219.0,33.6068,-101.8735,LUBBOCK|LUBBOCK|33.6068|-101.8735|ERSKINE STREET|US0084
2488,LUBBOCK,LUBBOCK,33.6068,-101.8735,SL0289,US0084,4152.0,4468.0,316.0,33.6068,-101.8735,LUBBOCK|LUBBOCK|33.6068|-101.8735|SL0289|US0084
2489,LUBBOCK,LUBBOCK,33.6068,-101.8842,,ERSKINE STREET,390.5,4425.0,4034.5,33.6068,-101.8842,LUBBOCK|LUBBOCK|33.6068|-101.8842||ERSKINE STREET
2490,LUBBOCK,LUBBOCK,33.6068,-101.8844,,ERSKINE STREET,4152.0,5279.0,1127.0,33.6068,-101.8844,LUBBOCK|LUBBOCK|33.6068|-101.8844||ERSKINE STREET
2491,LUBBOCK,LUBBOCK,33.6068,-101.8903,,ERSKINE STREET,1312.0,3533.0,2221.0,33.6068,-101.8903,LUBBOCK|LUBBOCK|33.6068|-101.8903||ERSKINE STREET
2492,LUBBOCK,LUBBOCK,33.6068,-101.8913,,ERSKINE STREET,4152.0,3438.0,-714.0,33.6068,-101.8913,LUBBOCK|LUBBOCK|33.6068|-101.8913||ERSKINE STREET
2493,LUBBOCK,LUBBOCK,33.6068,-101.8963,,ERSKINE STREET,4152.0,1625.0,-2527.0,33.6068,-101.8963,LUBBOCK|LUBBOCK|33.6068|-101.8963||ERSKINE STREET
2494,LUBBOCK,LUBBOCK,33.6068,-101.8964,,ERSKINE STREET,4152.0,5188.0,1036.0,33.6068,-101.8964,LUBBOCK|LUBBOCK|33.6068|-101.8964||ERSKINE STREET
2495,LUBBOCK,LUBBOCK,33.6068,-101.8974,,ERSKINE STREET,4152.0,1609.0,-2543.0,33.6068,-101.8974,LUBBOCK|LUBBOCK|33.6068|-101.8974||ERSKINE STREET
2496,LUBBOCK,LUBBOCK,33.6068,-101.9044,,ERSKINE STREET,4152.0,2616.0,-1536.0,33.6068,-101.9044,LUBBOCK|LUBBOCK|33.6068|-101.9044||ERSKINE STREET
2497,LUBBOCK,LUBBOCK,33.6068,-101.9048,ERSKINE STREET,N QUAKER AVENUE,99.0,73.0,-26.0,33.6068,-101.9048,LUBBOCK|LUBBOCK|33.6068|-101.9048|ERSKINE STREET|N QUAKER AVENUE
2498,LUBBOCK,LUBBOCK,33.6068,-101.9048,ERSKINE STREET,TEXAS TECH PKWY,1312.0,155.0,-1157.0,33.6068,-101.9048,LUBBOCK|LUBBOCK|33.6068|-101.9048|ERSKINE STREET|TEXAS TECH PKWY
2499,LUBBOCK,LUBBOCK,33.6068,-101.9054,,ERSKINE STREET,4152.0,3220.0,-932.0,33.6068,-101.9054,LUBBOCK|LUBBOCK|33.6068|-101.9054||ERSKINE STREET
2500,LUBBOCK,LUBBOCK,33.6068,-101.9091,ERSKINE STREET,N SALEM AVENUE,4152.0,4432.0,280.0,33.6068,-101.9091,LUBBOCK|LUBBOCK|33.6068|-101.9091|ERSKINE STREET|N SALEM AVENUE
2501,LUBBOCK,LUBBOCK,33.6068,-101.9220,,ERSKINE STREET,1312.0,1657.0,345.0,33.6068,-101.922,LUBBOCK|LUBBOCK|33.6068|-101.9220||ERSKINE STREET
2502,LUBBOCK,LUBBOCK,33.6068,-101.9223,ERSKINE STREET,N SLIDE ROAD,390.5,3288.0,2897.5,33.6068,-101.9223,LUBBOCK|LUBBOCK|33.6068|-101.9223|ERSKINE STREET|N SLIDE ROAD
2503,LUBBOCK,LUBBOCK,33.6068,-101.9226,ERSKINE STREET,SLIDE ROAD,1312.0,180.0,-1132.0,33.6068,-101.9226,LUBBOCK|LUBBOCK|33.6068|-101.9226|ERSKINE STREET|SLIDE ROAD
2504,LUBBOCK,LUBBOCK,33.6068,-101.9242,ERSKINE STREET,ERSKINE STREET,4152.0,5266.0,1114.0,33.6068,-101.9242,LUBBOCK|LUBBOCK|33.6068|-101.9242|ERSKINE STREET|ERSKINE STREET
2505,LUBBOCK,LUBBOCK,33.6068,-101.9399,ERSKINE STREET,N FRANKFORD AVENUE,4152.0,3049.0,-1103.0,33.6068,-101.9399,LUBBOCK|LUBBOCK|33.6068|-101.9399|ERSKINE STREET|N FRANKFORD AVENUE
2506,LUBBOCK,LUBBOCK,33.6068,-101.9399,,FM2528,4152.0,5728.0,1576.0,33.6068,-101.9399,LUBBOCK|LUBBOCK|33.6068|-101.9399||FM2528
2507,LUBBOCK,LUBBOCK,33.6068,-101.9571,ERSKINE STREET,N MILWAUKEE AVENUE,2031.5,286.0,-1745.5,33.6068,-101.9571,LUBBOCK|LUBBOCK|33.6068|-101.9571|ERSKINE STREET|N MILWAUKEE AVENUE
2508,LUBBOCK,LUBBOCK,33.6069,-101.8451,ERSKINE STREET,IH0027,2031.5,510.0,-1521.5,33.6069,-101.8451,LUBBOCK|LUBBOCK|33.6069|-101.8451|ERSKINE STREET|IH0027
2509,LUBBOCK,LUBBOCK,33.6069,-101.8704,ERSKINE STREET,FM1264,4152.0,2812.0,-1340.0,33.6069,-101.8704,LUBBOCK|LUBBOCK|33.6069|-101.8704|ERSKINE STREET|FM1264
2510,LUBBOCK,LUBBOCK,33.6069,-101.8704,FM1264,SL0289,4152.0,2785.0,-1367.0,33.6069,-101.8704,LUBBOCK|LUBBOCK|33.6069|-101.8704|FM1264|SL0289
2511,LUBBOCK,LUBBOCK,33.6069,-101.8878,ERSKINE STREET,N INDIANA AVENUE,2031.5,394.0,-1637.5,33.6069,-101.8878,LUBBOCK|LUBBOCK|33.6069|-101.8878|ERSKINE STREET|N INDIANA AVENUE
2512,LUBBOCK,LUBBOCK,33.6069,-101.9284,ERSKINE STREET,N BELMONT AVENUE,4152.0,3063.0,-1089.0,33.6069,-101.9284,LUBBOCK|LUBBOCK|33.6069|-101.9284|ERSKINE STREET|N BELMONT AVENUE
2513,LUBBOCK,LUBBOCK,33.6069,-101.9290,ERSKINE STREET,N BELMONT AVENUE,4152.0,3361.0,-791.0,33.6069,-101.929,LUBBOCK|LUBBOCK|33.6069|-101.9290|ERSKINE STREET|N BELMONT AVENUE
2514,LUBBOCK,LUBBOCK,33.6069,-101.9308,ERSKINE STREET,N CHICAGO AVENUE,4152.0,4789.0,637.0,33.6069,-101.9308,LUBBOCK|LUBBOCK|33.6069|-101.9308|ERSKINE STREET|N CHICAGO AVENUE
2515,LUBBOCK,LUBBOCK,33.6069,-101.9314,,ERSKINE STREET,390.5,4046.0,3655.5,33.6069,-101.9314,LUBBOCK|LUBBOCK|33.6069|-101.9314||ERSKINE STREET
2516,LUBBOCK,LUBBOCK,33.6069,-101.9342,,ERSKINE STREET,4152.0,1590.0,-2562.0,33.6069,-101.9342,LUBBOCK|LUBBOCK|33.6069|-101.9342||ERSKINE STREET
2517,LUBBOCK,LUBBOCK,33.6069,-101.9354,,ERSKINE STREET,4152.0,3101.0,-1051.0,33.6069,-101.9354,LUBBOCK|LUBBOCK|33.6069|-101.9354||ERSKINE STREET
2518,LUBBOCK,LUBBOCK,33.6069,-101.9399,ERSKINE STREET,FM2528,135.5,120.0,-15.5,33.6069,-101.9399,LUBBOCK|LUBBOCK|33.6069|-101.9399|ERSKINE STREET|FM2528
2519,LUBBOCK,LUBBOCK,33.6069,-101.9399,FM2255,FM2528,4152.0,4607.0,455.0,33.6069,-101.9399,LUBBOCK|LUBBOCK|33.6069|-101.9399|FM2255|FM2528
2520,LUBBOCK,LUBBOCK,33.6071,-101.7812,E ERSKINE STREET,IDALOU ROAD,4152.0,2012.0,-2140.0,33.6071,-101.7812,LUBBOCK|LUBBOCK|33.6071|-101.7812|E ERSKINE STREET|IDALOU ROAD
2521,LUBBOCK,LUBBOCK,33.6071,-101.7833,,US0062,4152.0,3988.0,-164.0,33.6071,-101.7833,LUBBOCK|LUBBOCK|33.6071|-101.7833||US0062
2522,LUBBOCK,LUBBOCK,33.6071,-101.7847,,E ERSKINE STREET,4152.0,2929.0,-1223.0,33.6071,-101.7847,LUBBOCK|LUBBOCK|33.6071|-101.7847||E ERSKINE STREET
2523,LUBBOCK,LUBBOCK,33.6071,-101.9049,N QUAKER AVENUE,TEXAS TECH PKWY,1312.0,4388.0,3076.0,33.6071,-101.9049,LUBBOCK|LUBBOCK|33.6071|-101.9049|N QUAKER AVENUE|TEXAS TECH PKWY
2524,LUBBOCK,LUBBOCK,33.6072,-101.7652,,E ERSKINE STREET,4152.0,3619.0,-533.0,33.6072,-101.7652,LUBBOCK|LUBBOCK|33.6072|-101.7652||E ERSKINE STREET
2525,LUBBOCK,LUBBOCK,33.6072,-101.8451,,IH0027,4152.0,5738.0,1586.0,33.6072,-101.8451,LUBBOCK|LUBBOCK|33.6072|-101.8451||IH0027
2526,LUBBOCK,LUBBOCK,33.6073,-101.8501,,SS0326,4152.0,1176.0,-2976.0,33.6073,-101.8501,LUBBOCK|LUBBOCK|33.6073|-101.8501||SS0326
2527,LUBBOCK,LUBBOCK,33.6074,-101.9059,,SL0289,4152.0,5405.0,1253.0,33.6074,-101.9059,LUBBOCK|LUBBOCK|33.6074|-101.9059||SL0289
2528,LUBBOCK,LUBBOCK,33.6075,-101.8452,,IH0027,669.0,503.0,-166.0,33.6075,-101.8452,LUBBOCK|LUBBOCK|33.6075|-101.8452||IH0027
2529,LUBBOCK,LUBBOCK,33.6075,-101.9067,,N TX 289 LOOP,4152.0,5050.0,898.0,33.6075,-101.9067,LUBBOCK|LUBBOCK|33.6075|-101.9067||N TX 289 LOOP
2530,LUBBOCK,LUBBOCK,33.6077,-101.9054,SL0289,US0084,4152.0,4711.0,559.0,33.6077,-101.9054,LUBBOCK|LUBBOCK|33.6077|-101.9054|SL0289|US0084
2531,LUBBOCK,LUBBOCK,33.6078,-101.8704,FM1264,SL0289,4152.0,1414.0,-2738.0,33.6078,-101.8704,LUBBOCK|LUBBOCK|33.6078|-101.8704|FM1264|SL0289
2532,LUBBOCK,LUBBOCK,33.6078,-101.8704,,FM1264,4152.0,1182.0,-2970.0,33.6078,-101.8704,LUBBOCK|LUBBOCK|33.6078|-101.8704||FM1264
2533,LUBBOCK,LUBBOCK,33.6079,-101.9051,N QUAKER AVENUE,SL0289,57.5,43.0,-14.5,33.6079,-101.9051,LUBBOCK|LUBBOCK|33.6079|-101.9051|N QUAKER AVENUE|SL0289
2534,LUBBOCK,LUBBOCK,33.6079,-101.9051,SL0289,US0084,4152.0,4860.0,708.0,33.6079,-101.9051,LUBBOCK|LUBBOCK|33.6079|-101.9051|SL0289|US0084
2535,LUBBOCK,LUBBOCK,33.6082,-101.9497,,PR 1730,4152.0,1865.0,-2287.0,33.6082,-101.9497,LUBBOCK|LUBBOCK|33.6082|-101.9497||PR 1730
2536,LUBBOCK,LUBBOCK,33.6084,-101.9044,,SL0289,4152.0,5490.0,1338.0,33.6084,-101.9044,LUBBOCK|LUBBOCK|33.6084|-101.9044||SL0289
2537,LUBBOCK,LUBBOCK,33.6084,-101.9055,N QUAKER AVENUE,N TX 289 LOOP,4152.0,2127.0,-2025.0,33.6084,-101.9055,LUBBOCK|LUBBOCK|33.6084|-101.9055|N QUAKER AVENUE|N TX 289 LOOP
2538,LUBBOCK,LUBBOCK,33.6086,-101.8841,,GRINNELL STREET,4152.0,4157.0,5.0,33.6086,-101.8841,LUBBOCK|LUBBOCK|33.6086|-101.8841||GRINNELL STREET
2539,LUBBOCK,LUBBOCK,33.6087,-101.8705,FM1264,SL0289,2031.5,261.0,-1770.5,33.6087,-101.8705,LUBBOCK|LUBBOCK|33.6087|-101.8705|FM1264|SL0289
2540,LUBBOCK,LUBBOCK,33.6087,-101.8705,,FM1264,2031.5,239.0,-1792.5,33.6087,-101.8705,LUBBOCK|LUBBOCK|33.6087|-101.8705||FM1264
2541,LUBBOCK,LUBBOCK,33.6087,-101.8878,GRINNELL STREET,N INDIANA AVENUE,4152.0,5139.0,987.0,33.6087,-101.8878,LUBBOCK|LUBBOCK|33.6087|-101.8878|GRINNELL STREET|N INDIANA AVENUE
2542,LUBBOCK,LUBBOCK,33.6087,-101.8893,GRINNELL STREET,N ITHACA AVENUE,4152.0,4685.0,533.0,33.6087,-101.8893,LUBBOCK|LUBBOCK|33.6087|-101.8893|GRINNELL STREET|N ITHACA AVENUE
2543,LUBBOCK,LUBBOCK,33.6087,-101.8914,,N KNOXVILLE AVENUE,4152.0,2810.0,-1342.0,33.6087,-101.8914,LUBBOCK|LUBBOCK|33.6087|-101.8914||N KNOXVILLE AVENUE
2544,LUBBOCK,LUBBOCK,33.6087,-101.9038,,SL0289,4152.0,5641.0,1489.0,33.6087,-101.9038,LUBBOCK|LUBBOCK|33.6087|-101.9038||SL0289
2545,LUBBOCK,LUBBOCK,33.6088,-101.8770,,US0084,4152.0,3617.0,-535.0,33.6088,-101.877,LUBBOCK|LUBBOCK|33.6088|-101.8770||US0084
2546,LUBBOCK,LUBBOCK,33.6091,-101.8455,,IH0027,4152.0,5836.0,1684.0,33.6091,-101.8455,LUBBOCK|LUBBOCK|33.6091|-101.8455||IH0027
2547,LUBBOCK,LUBBOCK,33.6094,-101.8509,,N AVENUE N,4152.0,1929.0,-2223.0,33.6094,-101.8509,LUBBOCK|LUBBOCK|33.6094|-101.8509||N AVENUE N
2548,LUBBOCK,LUBBOCK,33.6094,-101.8782,,US0084,4152.0,4381.0,229.0,33.6094,-101.8782,LUBBOCK|LUBBOCK|33.6094|-101.8782||US0084
2549,LUBBOCK,LUBBOCK,33.6094,-101.9173,HANOVER STREET,ITASCA STREET,4152.0,3579.0,-573.0,33.6094,-101.9173,LUBBOCK|LUBBOCK|33.6094|-101.9173|HANOVER STREET|ITASCA STREET
2550,LUBBOCK,LUBBOCK,33.6096,-101.8821,HARVARD STREET,N FLINT AVENUE,390.5,172.0,-218.5,33.6096,-101.8821,LUBBOCK|LUBBOCK|33.6096|-101.8821|HARVARD STREET|N FLINT AVENUE
2551,LUBBOCK,LUBBOCK,33.6096,-101.8878,,N INDIANA AVENUE,4152.0,4996.0,844.0,33.6096,-101.8878,LUBBOCK|LUBBOCK|33.6096|-101.8878||N INDIANA AVENUE
2552,LUBBOCK,LUBBOCK,33.6096,-101.8920,,HARVARD STREET,4152.0,1688.0,-2464.0,33.6096,-101.892,LUBBOCK|LUBBOCK|33.6096|-101.8920||HARVARD STREET
2553,LUBBOCK,LUBBOCK,33.6100,-101.8456,,IH0027,1312.0,5649.0,4337.0,33.61,-101.8456,LUBBOCK|LUBBOCK|33.6100|-101.8456||IH0027
2554,LUBBOCK,LUBBOCK,33.6102,-101.9053,ITASCA STREET,N QUAKER AVENUE,1312.0,5301.0,3989.0,33.6102,-101.9053,LUBBOCK|LUBBOCK|33.6102|-101.9053|ITASCA STREET|N QUAKER AVENUE
2555,LUBBOCK,LUBBOCK,33.6102,-101.9054,,ITASCA STREET,4152.0,3077.0,-1075.0,33.6102,-101.9054,LUBBOCK|LUBBOCK|33.6102|-101.9054||ITASCA STREET
2556,LUBBOCK,LUBBOCK,33.6103,-101.9053,,N QUAKER AVENUE,1312.0,1544.0,232.0,33.6103,-101.9053,LUBBOCK|LUBBOCK|33.6103|-101.9053||N QUAKER AVENUE
2557,LUBBOCK,LUBBOCK,33.6103,-101.9284,,N BELMONT AVENUE,4152.0,2044.0,-2108.0,33.6103,-101.9284,LUBBOCK|LUBBOCK|33.6103|-101.9284||N BELMONT AVENUE
2558,LUBBOCK,LUBBOCK,33.6106,-101.8457,,IH0027,4152.0,5775.0,1623.0,33.6106,-101.8457,LUBBOCK|LUBBOCK|33.6106|-101.8457||IH0027
2559,LUBBOCK,LUBBOCK,33.6106,-101.8805,,US0084,4152.0,3998.0,-154.0,33.6106,-101.8805,LUBBOCK|LUBBOCK|33.6106|-101.8805||US0084
2560,LUBBOCK,LUBBOCK,33.6114,-101.8996,,SL0289,1312.0,3365.0,2053.0,33.6114,-101.8996,LUBBOCK|LUBBOCK|33.6114|-101.8996||SL0289
2561,LUBBOCK,LUBBOCK,33.6116,-101.8705,,FM1264,1312.0,3758.0,2446.0,33.6116,-101.8705,LUBBOCK|LUBBOCK|33.6116|-101.8705||FM1264
2562,LUBBOCK,LUBBOCK,33.6119,-101.9051,KEMPER STREET,N QUAKER AVENUE,4152.0,1369.0,-2783.0,33.6119,-101.9051,LUBBOCK|LUBBOCK|33.6119|-101.9051|KEMPER STREET|N QUAKER AVENUE
2563,LUBBOCK,LUBBOCK,33.6121,-101.9051,,N QUAKER AVENUE,4152.0,1676.0,-2476.0,33.6121,-101.9051,LUBBOCK|LUBBOCK|33.6121|-101.9051||N QUAKER AVENUE
2564,LUBBOCK,LUBBOCK,33.6121,-101.9399,FM2255,FM2528,4152.0,1214.0,-2938.0,33.6121,-101.9399,LUBBOCK|LUBBOCK|33.6121|-101.9399|FM2255|FM2528
2565,LUBBOCK,LUBBOCK,33.6124,-101.7767,N REDWOOD AVENUE,US0062,4152.0,4969.0,817.0,33.6124,-101.7767,LUBBOCK|LUBBOCK|33.6124|-101.7767|N REDWOOD AVENUE|US0062
2566,LUBBOCK,LUBBOCK,33.6126,-101.7765,,US0062,4152.0,4096.0,-56.0,33.6126,-101.7765,LUBBOCK|LUBBOCK|33.6126|-101.7765||US0062
2567,LUBBOCK,LUBBOCK,33.6127,-101.9297,,LEHIGH STREET,4152.0,1630.0,-2522.0,33.6127,-101.9297,LUBBOCK|LUBBOCK|33.6127|-101.9297||LEHIGH STREET
2568,LUBBOCK,LUBBOCK,33.6129,-101.8846,,US0084,2031.5,298.0,-1733.5,33.6129,-101.8846,LUBBOCK|LUBBOCK|33.6129|-101.8846||US0084
2569,LUBBOCK,LUBBOCK,33.6130,-101.8078,,SL0289,390.5,3469.0,3078.5,33.613,-101.8078,LUBBOCK|LUBBOCK|33.6130|-101.8078||SL0289
2570,LUBBOCK,LUBBOCK,33.6130,-101.8847,N HARTFORD AVENUE,US0084,4152.0,2677.0,-1475.0,33.613,-101.8847,LUBBOCK|LUBBOCK|33.6130|-101.8847|N HARTFORD AVENUE|US0084
2571,LUBBOCK,LUBBOCK,33.6133,-101.8457,IH0027,SS0326,4152.0,5669.0,1517.0,33.6133,-101.8457,LUBBOCK|LUBBOCK|33.6133|-101.8457|IH0027|SS0326
2572,LUBBOCK,LUBBOCK,33.6133,-101.9051,,N QUAKER AVENUE,4152.0,4283.0,131.0,33.6133,-101.9051,LUBBOCK|LUBBOCK|33.6133|-101.9051||N QUAKER AVENUE
2573,LUBBOCK,LUBBOCK,33.6135,-101.8184,E MUNICIPAL DRIVE,E MUNICIPAL DRIVE,4152.0,3677.0,-475.0,33.6135,-101.8184,LUBBOCK|LUBBOCK|33.6135|-101.8184|E MUNICIPAL DRIVE|E MUNICIPAL DRIVE
2574,LUBBOCK,LUBBOCK,33.6136,-101.8916,MARSHALL STREET,N KNOXVILLE AVENUE,4152.0,5006.0,854.0,33.6136,-101.8916,LUBBOCK|LUBBOCK|33.6136|-101.8916|MARSHALL STREET|N KNOXVILLE AVENUE
2575,LUBBOCK,LUBBOCK,33.6136,-101.8961,,SL0289,1312.0,5251.0,3939.0,33.6136,-101.8961,LUBBOCK|LUBBOCK|33.6136|-101.8961||SL0289
2576,LUBBOCK,LUBBOCK,33.6140,-101.8954,,SL0289,4152.0,5252.0,1100.0,33.614,-101.8954,LUBBOCK|LUBBOCK|33.6140|-101.8954||SL0289
2577,LUBBOCK,LUBBOCK,33.6141,-101.8704,FM1264,SL0289,4152.0,1807.0,-2345.0,33.6141,-101.8704,LUBBOCK|LUBBOCK|33.6141|-101.8704|FM1264|SL0289
2578,LUBBOCK,LUBBOCK,33.6142,-101.8870,,US0084,4152.0,5180.0,1028.0,33.6142,-101.887,LUBBOCK|LUBBOCK|33.6142|-101.8870||US0084
2579,LUBBOCK,LUBBOCK,33.6143,-101.8949,,SL0289,390.5,4577.0,4186.5,33.6143,-101.8949,LUBBOCK|LUBBOCK|33.6143|-101.8949||SL0289
2580,LUBBOCK,LUBBOCK,33.6143,-101.8950,,SL0289,390.5,5650.0,5259.5,33.6143,-101.895,LUBBOCK|LUBBOCK|33.6143|-101.8950||SL0289
2581,LUBBOCK,LUBBOCK,33.6146,-101.8878,N INDIANA AVENUE,US0084,135.5,128.0,-7.5,33.6146,-101.8878,LUBBOCK|LUBBOCK|33.6146|-101.8878|N INDIANA AVENUE|US0084
2582,LUBBOCK,LUBBOCK,33.6149,-101.8940,,SL0289,4152.0,4002.0,-150.0,33.6149,-101.894,LUBBOCK|LUBBOCK|33.6149|-101.8940||SL0289
2583,LUBBOCK,LUBBOCK,33.6152,-101.8151,,SL0289,4152.0,4833.0,681.0,33.6152,-101.8151,LUBBOCK|LUBBOCK|33.6152|-101.8151||SL0289
2584,LUBBOCK,LUBBOCK,33.6152,-101.8913,,N LOOP 289,4152.0,3334.0,-818.0,33.6152,-101.8913,LUBBOCK|LUBBOCK|33.6152|-101.8913||N LOOP 289
2585,LUBBOCK,LUBBOCK,33.6153,-101.8704,,FM1264,4152.0,1038.0,-3114.0,33.6153,-101.8704,LUBBOCK|LUBBOCK|33.6153|-101.8704||FM1264
2586,LUBBOCK,LUBBOCK,33.6153,-101.9399,,FM2528,4152.0,1254.0,-2898.0,33.6153,-101.9399,LUBBOCK|LUBBOCK|33.6153|-101.9399||FM2528
2587,LUBBOCK,LUBBOCK,33.6154,-101.9399,,FM2528,1312.0,3669.0,2357.0,33.6154,-101.9399,LUBBOCK|LUBBOCK|33.6154|-101.9399||FM2528
2588,LUBBOCK,LUBBOCK,33.6156,-101.8704,FM1264,SL0289,4152.0,2210.0,-1942.0,33.6156,-101.8704,LUBBOCK|LUBBOCK|33.6156|-101.8704|FM1264|SL0289
2589,LUBBOCK,LUBBOCK,33.6157,-101.8927,,SL0289,135.5,343.0,207.5,33.6157,-101.8927,LUBBOCK|LUBBOCK|33.6157|-101.8927||SL0289
2590,LUBBOCK,LUBBOCK,33.6159,-101.8924,,SL0289,4152.0,5457.0,1305.0,33.6159,-101.8924,LUBBOCK|LUBBOCK|33.6159|-101.8924||SL0289
2591,LUBBOCK,LUBBOCK,33.6161,-101.8922,SL0289,US0084,1312.0,4271.0,2959.0,33.6161,-101.8922,LUBBOCK|LUBBOCK|33.6161|-101.8922|SL0289|US0084
2592,LUBBOCK,LUBBOCK,33.6162,-101.8186,N MARTIN LUTHER KING BOULEVARD,SL0289,135.5,112.0,-23.5,33.6162,-101.8186,LUBBOCK|LUBBOCK|33.6162|-101.8186|N MARTIN LUTHER KING BOULEVARD|SL0289
2593,LUBBOCK,LUBBOCK,33.6162,-101.8919,,SL0289,4152.0,4916.0,764.0,33.6162,-101.8919,LUBBOCK|LUBBOCK|33.6162|-101.8919||SL0289
2594,LUBBOCK,LUBBOCK,33.6164,-101.8917,,SL0289,4152.0,5537.0,1385.0,33.6164,-101.8917,LUBBOCK|LUBBOCK|33.6164|-101.8917||SL0289
2595,LUBBOCK,LUBBOCK,33.6165,-101.8280,,SL0289,4152.0,2644.0,-1508.0,33.6165,-101.828,LUBBOCK|LUBBOCK|33.6165|-101.8280||SL0289
2596,LUBBOCK,LUBBOCK,33.6165,-101.8284,N GLOBE AVENUE,SL0289,4152.0,3992.0,-160.0,33.6165,-101.8284,LUBBOCK|LUBBOCK|33.6165|-101.8284|N GLOBE AVENUE|SL0289
2597,LUBBOCK,LUBBOCK,33.6165,-101.8359,N ASH AVENUE,SL0289,390.5,210.0,-180.5,33.6165,-101.8359,LUBBOCK|LUBBOCK|33.6165|-101.8359|N ASH AVENUE|SL0289
2598,LUBBOCK,LUBBOCK,33.6165,-101.8914,SL0289,US0084,1312.0,189.0,-1123.0,33.6165,-101.8914,LUBBOCK|LUBBOCK|33.6165|-101.8914|SL0289|US0084
2599,LUBBOCK,LUBBOCK,33.6165,-101.8916,,SL0289,4152.0,5322.0,1170.0,33.6165,-101.8916,LUBBOCK|LUBBOCK|33.6165|-101.8916||SL0289
2600,LUBBOCK,LUBBOCK,33.6166,-101.8241,N KING AVENUE,SL0289,4152.0,5557.0,1405.0,33.6166,-101.8241,LUBBOCK|LUBBOCK|33.6166|-101.8241|N KING AVENUE|SL0289
2601,LUBBOCK,LUBBOCK,33.6166,-101.8267,,SL0289,4152.0,4415.0,263.0,33.6166,-101.8267,LUBBOCK|LUBBOCK|33.6166|-101.8267||SL0289
2602,LUBBOCK,LUBBOCK,33.6166,-101.8272,N MARTIN LUTHER KING BOULEVARD,SL0289,4152.0,4292.0,140.0,33.6166,-101.8272,LUBBOCK|LUBBOCK|33.6166|-101.8272|N MARTIN LUTHER KING BOULEVARD|SL0289
2603,LUBBOCK,LUBBOCK,33.6166,-101.8914,SL0289,US0084,99.0,38.0,-61.0,33.6166,-101.8914,LUBBOCK|LUBBOCK|33.6166|-101.8914|SL0289|US0084
2604,LUBBOCK,LUBBOCK,33.6166,-101.8914,,SL0289,2031.5,442.0,-1589.5,33.6166,-101.8914,LUBBOCK|LUBBOCK|33.6166|-101.8914||SL0289
2605,LUBBOCK,LUBBOCK,33.6166,-101.8916,SL0289,US0084,4152.0,4826.0,674.0,33.6166,-101.8916,LUBBOCK|LUBBOCK|33.6166|-101.8916|SL0289|US0084
2606,LUBBOCK,LUBBOCK,33.6167,-101.8912,LANDMARK LANE,SL0289,4152.0,5103.0,951.0,33.6167,-101.8912,LUBBOCK|LUBBOCK|33.6167|-101.8912|LANDMARK LANE|SL0289
2607,LUBBOCK,LUBBOCK,33.6168,-101.8386,,SL0289,4152.0,2449.0,-1703.0,33.6168,-101.8386,LUBBOCK|LUBBOCK|33.6168|-101.8386||SL0289
2608,LUBBOCK,LUBBOCK,33.6169,-101.8909,,SL0289,4152.0,5466.0,1314.0,33.6169,-101.8909,LUBBOCK|LUBBOCK|33.6169|-101.8909||SL0289
2609,LUBBOCK,LUBBOCK,33.6169,-101.8919,LANDMARK LANE,US0084,669.0,113.0,-556.0,33.6169,-101.8919,LUBBOCK|LUBBOCK|33.6169|-101.8919|LANDMARK LANE|US0084
2610,LUBBOCK,LUBBOCK,33.6169,-101.8919,SL0289,US0084,4152.0,4604.0,452.0,33.6169,-101.8919,LUBBOCK|LUBBOCK|33.6169|-101.8919|SL0289|US0084
2611,LUBBOCK,LUBBOCK,33.6171,-101.8402,IH0027,SL0289,4152.0,3371.0,-781.0,33.6171,-101.8402,LUBBOCK|LUBBOCK|33.6171|-101.8402|IH0027|SL0289
2612,LUBBOCK,LUBBOCK,33.6173,-101.8928,,US0084,390.5,3827.0,3436.5,33.6173,-101.8928,LUBBOCK|LUBBOCK|33.6173|-101.8928||US0084
2613,LUBBOCK,LUBBOCK,33.6175,-101.8359,,N ASH AVENUE,4152.0,3182.0,-970.0,33.6175,-101.8359,LUBBOCK|LUBBOCK|33.6175|-101.8359||N ASH AVENUE
2614,LUBBOCK,LUBBOCK,33.6175,-101.8416,,SL0289,1312.0,5167.0,3855.0,33.6175,-101.8416,LUBBOCK|LUBBOCK|33.6175|-101.8416||SL0289
2615,LUBBOCK,LUBBOCK,33.6176,-101.8262,,E QUEENS STREET,4152.0,2774.0,-1378.0,33.6176,-101.8262,LUBBOCK|LUBBOCK|33.6176|-101.8262||E QUEENS STREET
2616,LUBBOCK,LUBBOCK,33.6176,-101.8301,,E QUEENS STREET,4152.0,2994.0,-1158.0,33.6176,-101.8301,LUBBOCK|LUBBOCK|33.6176|-101.8301||E QUEENS STREET
2617,LUBBOCK,LUBBOCK,33.6176,-101.8342,,E QUEENS STREET,4152.0,4525.0,373.0,33.6176,-101.8342,LUBBOCK|LUBBOCK|33.6176|-101.8342||E QUEENS STREET
2618,LUBBOCK,LUBBOCK,33.6178,-101.8426,,SL0289,4152.0,5684.0,1532.0,33.6178,-101.8426,LUBBOCK|LUBBOCK|33.6178|-101.8426||SL0289
2619,LUBBOCK,LUBBOCK,33.6179,-101.8426,IH0027,SL0289,4152.0,5603.0,1451.0,33.6179,-101.8426,LUBBOCK|LUBBOCK|33.6179|-101.8426|IH0027|SL0289
2620,LUBBOCK,LUBBOCK,33.6179,-101.8426,,SL0289,4152.0,5586.0,1434.0,33.6179,-101.8426,LUBBOCK|LUBBOCK|33.6179|-101.8426||SL0289
2621,LUBBOCK,LUBBOCK,33.6181,-101.8432,,SL0289,4152.0,3398.0,-754.0,33.6181,-101.8432,LUBBOCK|LUBBOCK|33.6181|-101.8432||SL0289
2622,LUBBOCK,LUBBOCK,33.6182,-101.8419,IH0027,SL0289,4152.0,5688.0,1536.0,33.6182,-101.8419,LUBBOCK|LUBBOCK|33.6182|-101.8419|IH0027|SL0289
2623,LUBBOCK,LUBBOCK,33.6182,-101.8436,,SL0289,4152.0,3658.0,-494.0,33.6182,-101.8436,LUBBOCK|LUBBOCK|33.6182|-101.8436||SL0289
2624,LUBBOCK,LUBBOCK,33.6183,-101.8885,,SL0289,4152.0,5607.0,1455.0,33.6183,-101.8885,LUBBOCK|LUBBOCK|33.6183|-101.8885||SL0289
2625,LUBBOCK,LUBBOCK,33.6186,-101.8443,,SL0289,4152.0,5654.0,1502.0,33.6186,-101.8443,LUBBOCK|LUBBOCK|33.6186|-101.8443||SL0289
2626,LUBBOCK,LUBBOCK,33.6187,-101.8415,,IH0027,4152.0,5800.0,1648.0,33.6187,-101.8415,LUBBOCK|LUBBOCK|33.6187|-101.8415||IH0027
2627,LUBBOCK,LUBBOCK,33.6190,-101.8452,,SL0289,4152.0,5454.0,1302.0,33.619,-101.8452,LUBBOCK|LUBBOCK|33.6190|-101.8452||SL0289
2628,LUBBOCK,LUBBOCK,33.6192,-101.8704,,FM1264,4152.0,4355.0,203.0,33.6192,-101.8704,LUBBOCK|LUBBOCK|33.6192|-101.8704||FM1264
2629,LUBBOCK,LUBBOCK,33.6195,-101.7734,,N TULIP AVENUE,4152.0,1696.0,-2456.0,33.6195,-101.7734,LUBBOCK|LUBBOCK|33.6195|-101.7734||N TULIP AVENUE
2630,LUBBOCK,LUBBOCK,33.6195,-101.8461,,SL0289,4152.0,4407.0,255.0,33.6195,-101.8461,LUBBOCK|LUBBOCK|33.6195|-101.8461||SL0289
2631,LUBBOCK,LUBBOCK,33.6196,-101.8850,,SL0289,390.5,5645.0,5254.5,33.6196,-101.885,LUBBOCK|LUBBOCK|33.6196|-101.8850||SL0289
2632,LUBBOCK,LUBBOCK,33.6198,-101.8840,N GARY AVENUE,SL0289,4152.0,5381.0,1229.0,33.6198,-101.884,LUBBOCK|LUBBOCK|33.6198|-101.8840|N GARY AVENUE|SL0289
2633,LUBBOCK,LUBBOCK,33.6198,-101.8844,,SL0289,1312.0,5659.0,4347.0,33.6198,-101.8844,LUBBOCK|LUBBOCK|33.6198|-101.8844||SL0289
2634,LUBBOCK,LUBBOCK,33.6200,-101.9399,,FM2528,4152.0,4246.0,94.0,33.62,-101.9399,LUBBOCK|LUBBOCK|33.6200|-101.9399||FM2528
2635,LUBBOCK,LUBBOCK,33.6201,-101.8704,,FM1264,4152.0,2093.0,-2059.0,33.6201,-101.8704,LUBBOCK|LUBBOCK|33.6201|-101.8704||FM1264
2636,LUBBOCK,LUBBOCK,33.6204,-101.8184,N MARTIN LUTHER KING BOULEVARD,UNKNOWN,4152.0,5314.0,1162.0,33.6204,-101.8184,LUBBOCK|LUBBOCK|33.6204|-101.8184|N MARTIN LUTHER KING BOULEVARD|UNKNOWN
2637,LUBBOCK,LUBBOCK,33.6204,-101.8284,,E TULANE STREET,1312.0,2916.0,1604.0,33.6204,-101.8284,LUBBOCK|LUBBOCK|33.6204|-101.8284||E TULANE STREET
2638,LUBBOCK,LUBBOCK,33.6204,-101.8335,E TULANE STREET,N CEDAR AVENUE,4152.0,2882.0,-1270.0,33.6204,-101.8335,LUBBOCK|LUBBOCK|33.6204|-101.8335|E TULANE STREET|N CEDAR AVENUE
2639,LUBBOCK,LUBBOCK,33.6205,-101.8793,,SL0289,4152.0,4689.0,537.0,33.6205,-101.8793,LUBBOCK|LUBBOCK|33.6205|-101.8793||SL0289
2640,LUBBOCK,LUBBOCK,33.6207,-101.8205,,N OAK AVENUE,4152.0,1715.0,-2437.0,33.6207,-101.8205,LUBBOCK|LUBBOCK|33.6207|-101.8205||N OAK AVENUE
2641,LUBBOCK,LUBBOCK,33.6211,-101.8704,,FM1264,4152.0,1826.0,-2326.0,33.6211,-101.8704,LUBBOCK|LUBBOCK|33.6211|-101.8704||FM1264
2642,LUBBOCK,LUBBOCK,33.6212,-101.8511,,SL0289,1312.0,5132.0,3820.0,33.6212,-101.8511,LUBBOCK|LUBBOCK|33.6212|-101.8511||SL0289
2643,LUBBOCK,LUBBOCK,33.6212,-101.8704,FM1264,SL0289,4152.0,1056.0,-3096.0,33.6212,-101.8704,LUBBOCK|LUBBOCK|33.6212|-101.8704|FM1264|SL0289
2644,LUBBOCK,LUBBOCK,33.6213,-101.8512,,SL0289,4152.0,5661.0,1509.0,33.6213,-101.8512,LUBBOCK|LUBBOCK|33.6213|-101.8512||SL0289
2645,LUBBOCK,LUBBOCK,33.6213,-101.8652,FM1264,SL0289,390.5,5285.0,4894.5,33.6213,-101.8652,LUBBOCK|LUBBOCK|33.6213|-101.8652|FM1264|SL0289
2646,LUBBOCK,LUBBOCK,33.6213,-101.8704,FM1264,SL0289,4152.0,1968.0,-2184.0,33.6213,-101.8704,LUBBOCK|LUBBOCK|33.6213|-101.8704|FM1264|SL0289
2647,LUBBOCK,LUBBOCK,33.6213,-101.8705,,FM1264,4152.0,2453.0,-1699.0,33.6213,-101.8705,LUBBOCK|LUBBOCK|33.6213|-101.8705||FM1264
2648,LUBBOCK,LUBBOCK,33.6213,-101.8737,,SL0289,1312.0,4616.0,3304.0,33.6213,-101.8737,LUBBOCK|LUBBOCK|33.6213|-101.8737||SL0289
2649,LUBBOCK,LUBBOCK,33.6213,-101.9398,,FM2528,4152.0,2056.0,-2096.0,33.6213,-101.9398,LUBBOCK|LUBBOCK|33.6213|-101.9398||FM2528
2650,LUBBOCK,LUBBOCK,33.6214,-101.8705,FM1264,SL0289,1312.0,142.0,-1170.0,33.6214,-101.8705,LUBBOCK|LUBBOCK|33.6214|-101.8705|FM1264|SL0289
2651,LUBBOCK,LUBBOCK,33.6214,-101.8711,,SL0289,4152.0,5700.0,1548.0,33.6214,-101.8711,LUBBOCK|LUBBOCK|33.6214|-101.8711||SL0289
2652,LUBBOCK,LUBBOCK,33.6214,-101.9051,N QUAKER AVENUE,URSULINE STREET,4152.0,4294.0,142.0,33.6214,-101.9051,LUBBOCK|LUBBOCK|33.6214|-101.9051|N QUAKER AVENUE|URSULINE STREET
2653,LUBBOCK,LUBBOCK,33.6214,-101.9312,,URSULINE STREET,4152.0,5068.0,916.0,33.6214,-101.9312,LUBBOCK|LUBBOCK|33.6214|-101.9312||URSULINE STREET
2654,LUBBOCK,LUBBOCK,33.6216,-101.9227,,N SLIDE ROAD,4152.0,3614.0,-538.0,33.6216,-101.9227,LUBBOCK|LUBBOCK|33.6216|-101.9227||N SLIDE ROAD
2655,LUBBOCK,LUBBOCK,33.6224,-101.8705,FM1264,SL0289,4152.0,2160.0,-1992.0,33.6224,-101.8705,LUBBOCK|LUBBOCK|33.6224|-101.8705|FM1264|SL0289
2656,LUBBOCK,LUBBOCK,33.6226,-101.8705,FM1264,SL0289,4152.0,4956.0,804.0,33.6226,-101.8705,LUBBOCK|LUBBOCK|33.6226|-101.8705|FM1264|SL0289
2657,LUBBOCK,LUBBOCK,33.6230,-101.8377,,IH0027,4152.0,5806.0,1654.0,33.623,-101.8377,LUBBOCK|LUBBOCK|33.6230|-101.8377||IH0027
2658,LUBBOCK,LUBBOCK,33.6240,-101.8444,,XAVIER STREET,4152.0,3124.0,-1028.0,33.624,-101.8444,LUBBOCK|LUBBOCK|33.6240|-101.8444||XAVIER STREET
2659,LUBBOCK,LUBBOCK,33.6240,-101.9053,N QUAKER AVENUE,US0084,1312.0,3330.0,2018.0,33.624,-101.9053,LUBBOCK|LUBBOCK|33.6240|-101.9053|N QUAKER AVENUE|US0084
2660,LUBBOCK,LUBBOCK,33.6240,-101.9053,SL0289,US0084,390.5,5517.0,5126.5,33.624,-101.9053,LUBBOCK|LUBBOCK|33.6240|-101.9053|SL0289|US0084
2661,LUBBOCK,LUBBOCK,33.6240,-101.9053,,US0084,669.0,445.0,-224.0,33.624,-101.9053,LUBBOCK|LUBBOCK|33.6240|-101.9053||US0084
2662,LUBBOCK,LUBBOCK,33.6241,-101.9052,HIGHWAY 84,N QUAKER AVENUE,4152.0,4589.0,437.0,33.6241,-101.9052,LUBBOCK|LUBBOCK|33.6241|-101.9052|HIGHWAY 84|N QUAKER AVENUE
2663,LUBBOCK,LUBBOCK,33.6248,-101.8705,,FM1264,4152.0,1904.0,-2248.0,33.6248,-101.8705,LUBBOCK|LUBBOCK|33.6248|-101.8705||FM1264
2664,LUBBOCK,LUBBOCK,33.6249,-101.9070,,US0084,4152.0,3050.0,-1102.0,33.6249,-101.907,LUBBOCK|LUBBOCK|33.6249|-101.9070||US0084
2665,LUBBOCK,LUBBOCK,33.6252,-101.9075,,US0084,4152.0,5383.0,1231.0,33.6252,-101.9075,LUBBOCK|LUBBOCK|33.6252|-101.9075||US0084
2666,LUBBOCK,LUBBOCK,33.6256,-101.8705,FM1264,SL0289,4152.0,3040.0,-1112.0,33.6256,-101.8705,LUBBOCK|LUBBOCK|33.6256|-101.8705|FM1264|SL0289
2667,LUBBOCK,LUBBOCK,33.6256,-101.8705,,FM1264,2031.5,450.0,-1581.5,33.6256,-101.8705,LUBBOCK|LUBBOCK|33.6256|-101.8705||FM1264
2668,LUBBOCK,LUBBOCK,33.6257,-101.8361,,IH0027,4152.0,5753.0,1601.0,33.6257,-101.8361,LUBBOCK|LUBBOCK|33.6257|-101.8361||IH0027
2669,LUBBOCK,LUBBOCK,33.6265,-101.7857,,E MUNICIPAL DRIVE,1312.0,2900.0,1588.0,33.6265,-101.7857,LUBBOCK|LUBBOCK|33.6265|-101.7857||E MUNICIPAL DRIVE
2670,LUBBOCK,LUBBOCK,33.6265,-101.8510,,N AVENUE N,1312.0,5416.0,4104.0,33.6265,-101.851,LUBBOCK|LUBBOCK|33.6265|-101.8510||N AVENUE N
2671,LUBBOCK,LUBBOCK,33.6280,-101.8424,,MESA ROAD,4152.0,4249.0,97.0,33.628,-101.8424,LUBBOCK|LUBBOCK|33.6280|-101.8424||MESA ROAD
2672,LUBBOCK,LUBBOCK,33.6281,-101.8356,IH0027,YUCCA LANE,4152.0,5761.0,1609.0,33.6281,-101.8356,LUBBOCK|LUBBOCK|33.6281|-101.8356|IH0027|YUCCA LANE
2673,LUBBOCK,LUBBOCK,33.6296,-101.8706,FM1264,SL0289,4152.0,3682.0,-470.0,33.6296,-101.8706,LUBBOCK|LUBBOCK|33.6296|-101.8706|FM1264|SL0289
2674,LUBBOCK,LUBBOCK,33.6311,-101.8706,FM1264,SL0289,99.0,171.0,72.0,33.6311,-101.8706,LUBBOCK|LUBBOCK|33.6311|-101.8706|FM1264|SL0289
2675,LUBBOCK,LUBBOCK,33.6311,-101.8706,,FM1264,1312.0,1275.0,-37.0,33.6311,-101.8706,LUBBOCK|LUBBOCK|33.6311|-101.8706||FM1264
2676,LUBBOCK,LUBBOCK,33.6312,-101.8706,FM1264,SL0289,4152.0,1617.0,-2535.0,33.6312,-101.8706,LUBBOCK|LUBBOCK|33.6312|-101.8706|FM1264|SL0289
2677,LUBBOCK,LUBBOCK,33.6313,-101.9399,FM2528,US0084,4152.0,1560.0,-2592.0,33.6313,-101.9399,LUBBOCK|LUBBOCK|33.6313|-101.9399|FM2528|US0084
2678,LUBBOCK,LUBBOCK,33.6313,-101.9399,,FM2528,4152.0,2576.0,-1576.0,33.6313,-101.9399,LUBBOCK|LUBBOCK|33.6313|-101.9399||FM2528
2679,LUBBOCK,LUBBOCK,33.6320,-101.8707,FM1264,SL0289,4152.0,1131.0,-3021.0,33.632,-101.8707,LUBBOCK|LUBBOCK|33.6320|-101.8707|FM1264|SL0289
2680,LUBBOCK,LUBBOCK,33.6320,-101.8707,,FM1264,4152.0,4823.0,671.0,33.632,-101.8707,LUBBOCK|LUBBOCK|33.6320|-101.8707||FM1264
2681,LUBBOCK,LUBBOCK,33.6327,-101.8707,,FM1264,4152.0,3737.0,-415.0,33.6327,-101.8707,LUBBOCK|LUBBOCK|33.6327|-101.8707||FM1264
2682,LUBBOCK,LUBBOCK,33.6333,-101.7935,,N HOLLY AVENUE,4152.0,3303.0,-849.0,33.6333,-101.7935,LUBBOCK|LUBBOCK|33.6333|-101.7935||N HOLLY AVENUE
2683,LUBBOCK,LUBBOCK,33.6337,-101.9238,FM2528,US0084,4152.0,2287.0,-1865.0,33.6337,-101.9238,LUBBOCK|LUBBOCK|33.6337|-101.9238|FM2528|US0084
2684,LUBBOCK,LUBBOCK,33.6338,-101.9240,,US0084,4152.0,4413.0,261.0,33.6338,-101.924,LUBBOCK|LUBBOCK|33.6338|-101.9240||US0084
2685,LUBBOCK,LUBBOCK,33.6339,-101.9244,FM2528,US0084,1312.0,1848.0,536.0,33.6339,-101.9244,LUBBOCK|LUBBOCK|33.6339|-101.9244|FM2528|US0084
2686,LUBBOCK,LUBBOCK,33.6340,-101.9245,N SLIDE ROAD,US0084,2031.5,463.0,-1568.5,33.634,-101.9245,LUBBOCK|LUBBOCK|33.6340|-101.9245|N SLIDE ROAD|US0084
2687,LUBBOCK,LUBBOCK,33.6341,-101.8707,FM1264,SL0289,2031.5,425.0,-1606.5,33.6341,-101.8707,LUBBOCK|LUBBOCK|33.6341|-101.8707|FM1264|SL0289
2688,LUBBOCK,LUBBOCK,33.6347,-101.8707,FM1264,SL0289,1312.0,1284.0,-28.0,33.6347,-101.8707,LUBBOCK|LUBBOCK|33.6347|-101.8707|FM1264|SL0289
2689,LUBBOCK,LUBBOCK,33.6352,-101.9271,,US0084,1312.0,4670.0,3358.0,33.6352,-101.9271,LUBBOCK|LUBBOCK|33.6352|-101.9271||US0084
2690,LUBBOCK,LUBBOCK,33.6355,-101.9399,,FM2528,4152.0,3930.0,-222.0,33.6355,-101.9399,LUBBOCK|LUBBOCK|33.6355|-101.9399||FM2528
2691,LUBBOCK,LUBBOCK,33.6358,-101.9399,FM2528,US0084,75.0,336.0,261.0,33.6358,-101.9399,LUBBOCK|LUBBOCK|33.6358|-101.9399|FM2528|US0084
2692,LUBBOCK,LUBBOCK,33.6359,-101.8707,FM1264,SL0289,4152.0,2829.0,-1323.0,33.6359,-101.8707,LUBBOCK|LUBBOCK|33.6359|-101.8707|FM1264|SL0289
2693,LUBBOCK,LUBBOCK,33.6360,-101.8357,,IH0027,390.5,5778.0,5387.5,33.636,-101.8357,LUBBOCK|LUBBOCK|33.6360|-101.8357||IH0027
2694,LUBBOCK,LUBBOCK,33.6362,-101.7875,,FM2641,1312.0,1971.0,659.0,33.6362,-101.7875,LUBBOCK|LUBBOCK|33.6362|-101.7875||FM2641
2695,LUBBOCK,LUBBOCK,33.6386,-101.8708,FM1264,FM2641,4152.0,2733.0,-1419.0,33.6386,-101.8708,LUBBOCK|LUBBOCK|33.6386|-101.8708|FM1264|FM2641
2696,LUBBOCK,LUBBOCK,33.6386,-101.8708,,FM1264,4152.0,3516.0,-636.0,33.6386,-101.8708,LUBBOCK|LUBBOCK|33.6386|-101.8708||FM1264
2697,LUBBOCK,LUBBOCK,33.6389,-101.8358,,IH0027,4152.0,5768.0,1616.0,33.6389,-101.8358,LUBBOCK|LUBBOCK|33.6389|-101.8358||IH0027
2698,LUBBOCK,LUBBOCK,33.6394,-101.8358,,IH0027,4152.0,5726.0,1574.0,33.6394,-101.8358,LUBBOCK|LUBBOCK|33.6394|-101.8358||IH0027
2699,LUBBOCK,LUBBOCK,33.6399,-101.8708,FM1264,FM2641,4152.0,1112.0,-3040.0,33.6399,-101.8708,LUBBOCK|LUBBOCK|33.6399|-101.8708|FM1264|FM2641
2700,LUBBOCK,LUBBOCK,33.6402,-101.8708,,FM1264,4152.0,776.0,-3376.0,33.6402,-101.8708,LUBBOCK|LUBBOCK|33.6402|-101.8708||FM1264
2701,LUBBOCK,LUBBOCK,33.6403,-101.8186,,N MARTIN LUTHER KING BOULEVARD,1312.0,2010.0,698.0,33.6403,-101.8186,LUBBOCK|LUBBOCK|33.6403|-101.8186||N MARTIN LUTHER KING BOULEVARD
2702,LUBBOCK,LUBBOCK,33.6405,-101.8708,,FM1264,4152.0,1259.0,-2893.0,33.6405,-101.8708,LUBBOCK|LUBBOCK|33.6405|-101.8708||FM1264
2703,LUBBOCK,LUBBOCK,33.6413,-101.8317,E PURDUE STREET,N ELM AVENUE,1312.0,4260.0,2948.0,33.6413,-101.8317,LUBBOCK|LUBBOCK|33.6413|-101.8317|E PURDUE STREET|N ELM AVENUE
2704,LUBBOCK,LUBBOCK,33.6414,-101.8231,E PURDUE STREET,N MAGNOLIA AVENUE,4152.0,3894.0,-258.0,33.6414,-101.8231,LUBBOCK|LUBBOCK|33.6414|-101.8231|E PURDUE STREET|N MAGNOLIA AVENUE
2705,LUBBOCK,LUBBOCK,33.6414,-101.8252,E PURDUE STREET,N KING AVENUE,4152.0,4084.0,-68.0,33.6414,-101.8252,LUBBOCK|LUBBOCK|33.6414|-101.8252|E PURDUE STREET|N KING AVENUE
2706,LUBBOCK,LUBBOCK,33.6416,-101.8358,,IH0027,1312.0,5823.0,4511.0,33.6416,-101.8358,LUBBOCK|LUBBOCK|33.6416|-101.8358||IH0027
2707,LUBBOCK,LUBBOCK,33.6419,-101.8358,,IH0027,4152.0,5769.0,1617.0,33.6419,-101.8358,LUBBOCK|LUBBOCK|33.6419|-101.8358||IH0027
2708,LUBBOCK,LUBBOCK,33.6425,-101.8708,FM1264,FM2641,4152.0,715.0,-3437.0,33.6425,-101.8708,LUBBOCK|LUBBOCK|33.6425|-101.8708|FM1264|FM2641
2709,LUBBOCK,LUBBOCK,33.6432,-101.8358,,IH0027,669.0,537.0,-132.0,33.6432,-101.8358,LUBBOCK|LUBBOCK|33.6432|-101.8358||IH0027
2710,LUBBOCK,LUBBOCK,33.6433,-101.8317,FM2641,IH0027,390.5,1821.0,1430.5,33.6433,-101.8317,LUBBOCK|LUBBOCK|33.6433|-101.8317|FM2641|IH0027
2711,LUBBOCK,LUBBOCK,33.6433,-101.8318,,FM2641,1312.0,1255.0,-57.0,33.6433,-101.8318,LUBBOCK|LUBBOCK|33.6433|-101.8318||FM2641
2712,LUBBOCK,LUBBOCK,33.6440,-101.8358,,IH0027,4152.0,5799.0,1647.0,33.644,-101.8358,LUBBOCK|LUBBOCK|33.6440|-101.8358||IH0027
2713,LUBBOCK,NEW DEAL,33.7243,-101.8413,,IH0027,4152.0,5465.0,1313.0,33.7243,-101.8413,LUBBOCK|NEW DEAL|33.7243|-101.8413||IH0027
2714,LUBBOCK,NEW DEAL,33.7272,-101.8419,,IH0027,4152.0,4348.0,196.0,33.7272,-101.8419,LUBBOCK|NEW DEAL|33.7272|-101.8419||IH0027
2715,LUBBOCK,NEW DEAL,33.7343,-101.8419,IH0027,NOT REPORTED,4152.0,4472.0,320.0,33.7343,-101.8419,LUBBOCK|NEW DEAL|33.7343|-101.8419|IH0027|NOT REPORTED
2716,LUBBOCK,NEW DEAL,33.7421,-101.8394,IH0027,NOT REPORTED,4152.0,5757.0,1605.0,33.7421,-101.8394,LUBBOCK|NEW DEAL|33.7421|-101.8394|IH0027|NOT REPORTED
2717,LUBBOCK,NEW DEAL,33.7458,-101.8378,,IH0027,1312.0,5648.0,4336.0,33.7458,-101.8378,LUBBOCK|NEW DEAL|33.7458|-101.8378||IH0027
2718,LUBBOCK,OUTSIDE CITY LIMITS,33.3958,-101.8137,,US0087,4152.0,5543.0,1391.0,33.3958,-101.8137,LUBBOCK|OUTSIDE CITY LIMITS|33.3958|-101.8137||US0087
2719,LUBBOCK,OUTSIDE CITY LIMITS,33.4014,-101.6145,NOT REPORTED,US0084,4152.0,3000.0,-1152.0,33.4014,-101.6145,LUBBOCK|OUTSIDE CITY LIMITS|33.4014|-101.6145|NOT REPORTED|US0084
2720,LUBBOCK,OUTSIDE CITY LIMITS,33.4028,-101.8178,NOT REPORTED,US0087,1312.0,5308.0,3996.0,33.4028,-101.8178,LUBBOCK|OUTSIDE CITY LIMITS|33.4028|-101.8178|NOT REPORTED|US0087
2721,LUBBOCK,OUTSIDE CITY LIMITS,33.4034,-101.6768,,CR3300,4152.0,4331.0,179.0,33.4034,-101.6768,LUBBOCK|OUTSIDE CITY LIMITS|33.4034|-101.6768||CR3300
2722,LUBBOCK,OUTSIDE CITY LIMITS,33.4035,-101.8182,NOT REPORTED,US0087,1312.0,4160.0,2848.0,33.4035,-101.8182,LUBBOCK|OUTSIDE CITY LIMITS|33.4035|-101.8182|NOT REPORTED|US0087
2723,LUBBOCK,OUTSIDE CITY LIMITS,33.4059,-101.6432,,FM0400,135.5,227.0,91.5,33.4059,-101.6432,LUBBOCK|OUTSIDE CITY LIMITS|33.4059|-101.6432||FM0400
2724,LUBBOCK,OUTSIDE CITY LIMITS,33.4073,-101.6228,NOT REPORTED,US0084,4152.0,4889.0,737.0,33.4073,-101.6228,LUBBOCK|OUTSIDE CITY LIMITS|33.4073|-101.6228|NOT REPORTED|US0084
2725,LUBBOCK,OUTSIDE CITY LIMITS,33.4075,-101.6232,NOT REPORTED,US0084,4152.0,5399.0,1247.0,33.4075,-101.6232,LUBBOCK|OUTSIDE CITY LIMITS|33.4075|-101.6232|NOT REPORTED|US0084
2726,LUBBOCK,OUTSIDE CITY LIMITS,33.4076,-101.8206,,US0087,4152.0,3287.0,-865.0,33.4076,-101.8206,LUBBOCK|OUTSIDE CITY LIMITS|33.4076|-101.8206||US0087
2727,LUBBOCK,OUTSIDE CITY LIMITS,33.4082,-101.6423,,FM0400,390.5,971.0,580.5,33.4082,-101.6423,LUBBOCK|OUTSIDE CITY LIMITS|33.4082|-101.6423||FM0400
2728,LUBBOCK,OUTSIDE CITY LIMITS,33.4091,-101.6254,,US0084,4152.0,4891.0,739.0,33.4091,-101.6254,LUBBOCK|OUTSIDE CITY LIMITS|33.4091|-101.6254||US0084
2729,LUBBOCK,OUTSIDE CITY LIMITS,33.4092,-101.6254,,US0084,1312.0,4890.0,3578.0,33.4092,-101.6254,LUBBOCK|OUTSIDE CITY LIMITS|33.4092|-101.6254||US0084
2730,LUBBOCK,OUTSIDE CITY LIMITS,33.4104,-101.6271,NOT REPORTED,US0084,1312.0,4082.0,2770.0,33.4104,-101.6271,LUBBOCK|OUTSIDE CITY LIMITS|33.4104|-101.6271|NOT REPORTED|US0084
2731,LUBBOCK,OUTSIDE CITY LIMITS,33.4137,-102.0354,,FM0041,390.5,2536.0,2145.5,33.4137,-102.0354,LUBBOCK|OUTSIDE CITY LIMITS|33.4137|-102.0354||FM0041
2732,LUBBOCK,OUTSIDE CITY LIMITS,33.4137,-102.0651,,FM0041,390.5,1008.0,617.5,33.4137,-102.0651,LUBBOCK|OUTSIDE CITY LIMITS|33.4137|-102.0651||FM0041
2733,LUBBOCK,OUTSIDE CITY LIMITS,33.4139,-101.8243,FM0041,US0087,669.0,443.0,-226.0,33.4139,-101.8243,LUBBOCK|OUTSIDE CITY LIMITS|33.4139|-101.8243|FM0041|US0087
2734,LUBBOCK,OUTSIDE CITY LIMITS,33.4141,-101.8989,,FM0041,4152.0,1768.0,-2384.0,33.4141,-101.8989,LUBBOCK|OUTSIDE CITY LIMITS|33.4141|-101.8989||FM0041
2735,LUBBOCK,OUTSIDE CITY LIMITS,33.4142,-101.8244,FM0041,US0087,1312.0,2753.0,1441.0,33.4142,-101.8244,LUBBOCK|OUTSIDE CITY LIMITS|33.4142|-101.8244|FM0041|US0087
2736,LUBBOCK,OUTSIDE CITY LIMITS,33.4142,-101.8446,,FM0041,4152.0,600.0,-3552.0,33.4142,-101.8446,LUBBOCK|OUTSIDE CITY LIMITS|33.4142|-101.8446||FM0041
2737,LUBBOCK,OUTSIDE CITY LIMITS,33.4142,-101.8806,FM0041,FM1730,4152.0,2575.0,-1577.0,33.4142,-101.8806,LUBBOCK|OUTSIDE CITY LIMITS|33.4142|-101.8806|FM0041|FM1730
2738,LUBBOCK,OUTSIDE CITY LIMITS,33.4143,-101.8329,FM0041,US0087,4152.0,585.0,-3567.0,33.4143,-101.8329,LUBBOCK|OUTSIDE CITY LIMITS|33.4143|-101.8329|FM0041|US0087
2739,LUBBOCK,OUTSIDE CITY LIMITS,33.4144,-101.8246,FM0041,US0087,4.5,29.0,24.5,33.4144,-101.8246,LUBBOCK|OUTSIDE CITY LIMITS|33.4144|-101.8246|FM0041|US0087
2740,LUBBOCK,OUTSIDE CITY LIMITS,33.4145,-101.8246,FM0041,US0087,1312.0,3979.0,2667.0,33.4145,-101.8246,LUBBOCK|OUTSIDE CITY LIMITS|33.4145|-101.8246|FM0041|US0087
2741,LUBBOCK,OUTSIDE CITY LIMITS,33.4146,-101.7114,,CR3100,4152.0,1552.0,-2600.0,33.4146,-101.7114,LUBBOCK|OUTSIDE CITY LIMITS|33.4146|-101.7114||CR3100
2742,LUBBOCK,OUTSIDE CITY LIMITS,33.4147,-101.8247,FM0041,US0087,2031.5,478.0,-1553.5,33.4147,-101.8247,LUBBOCK|OUTSIDE CITY LIMITS|33.4147|-101.8247|FM0041|US0087
2743,LUBBOCK,OUTSIDE CITY LIMITS,33.4148,-101.8248,FM0041,US0087,4152.0,4285.0,133.0,33.4148,-101.8248,LUBBOCK|OUTSIDE CITY LIMITS|33.4148|-101.8248|FM0041|US0087
2744,LUBBOCK,OUTSIDE CITY LIMITS,33.4151,-101.6342,NOT REPORTED,US0084,1312.0,3796.0,2484.0,33.4151,-101.6342,LUBBOCK|OUTSIDE CITY LIMITS|33.4151|-101.6342|NOT REPORTED|US0084
2745,LUBBOCK,OUTSIDE CITY LIMITS,33.4151,-101.8250,FM0041,US0087,4152.0,3853.0,-299.0,33.4151,-101.825,LUBBOCK|OUTSIDE CITY LIMITS|33.4151|-101.8250|FM0041|US0087
2746,LUBBOCK,OUTSIDE CITY LIMITS,33.4156,-101.6351,,US0084,4152.0,5468.0,1316.0,33.4156,-101.6351,LUBBOCK|OUTSIDE CITY LIMITS|33.4156|-101.6351||US0084
2747,LUBBOCK,OUTSIDE CITY LIMITS,33.4170,-101.8261,FM0041,US0087,1312.0,2595.0,1283.0,33.417,-101.8261,LUBBOCK|OUTSIDE CITY LIMITS|33.4170|-101.8261|FM0041|US0087
2748,LUBBOCK,OUTSIDE CITY LIMITS,33.4171,-101.8261,NOT REPORTED,US0087,4152.0,5542.0,1390.0,33.4171,-101.8261,LUBBOCK|OUTSIDE CITY LIMITS|33.4171|-101.8261|NOT REPORTED|US0087
2749,LUBBOCK,OUTSIDE CITY LIMITS,33.4179,-101.5651,FM2150,NOT REPORTED,390.5,3041.0,2650.5,33.4179,-101.5651,LUBBOCK|OUTSIDE CITY LIMITS|33.4179|-101.5651|FM2150|NOT REPORTED
2750,LUBBOCK,OUTSIDE CITY LIMITS,33.4235,-101.8299,NOT REPORTED,US0087,390.5,3181.0,2790.5,33.4235,-101.8299,LUBBOCK|OUTSIDE CITY LIMITS|33.4235|-101.8299|NOT REPORTED|US0087
2751,LUBBOCK,OUTSIDE CITY LIMITS,33.4285,-101.9486,,178TH STREET,4152.0,2365.0,-1787.0,33.4285,-101.9486,LUBBOCK|OUTSIDE CITY LIMITS|33.4285|-101.9486||178TH STREET
2752,LUBBOCK,OUTSIDE CITY LIMITS,33.4286,-102.0161,FM0041,FM0179,4152.0,1101.0,-3051.0,33.4286,-102.0161,LUBBOCK|OUTSIDE CITY LIMITS|33.4286|-102.0161|FM0041|FM0179
2753,LUBBOCK,OUTSIDE CITY LIMITS,33.4289,-101.7289,,FM0041,4152.0,3021.0,-1131.0,33.4289,-101.7289,LUBBOCK|OUTSIDE CITY LIMITS|33.4289|-101.7289||FM0041
2754,LUBBOCK,OUTSIDE CITY LIMITS,33.4289,-101.7755,CR2720,E COUNTY ROAD 7700,4152.0,4018.0,-134.0,33.4289,-101.7755,LUBBOCK|OUTSIDE CITY LIMITS|33.4289|-101.7755|CR2720|E COUNTY ROAD 7700
2755,LUBBOCK,OUTSIDE CITY LIMITS,33.4328,-101.8353,SL0493,US0087,1312.0,4349.0,3037.0,33.4328,-101.8353,LUBBOCK|OUTSIDE CITY LIMITS|33.4328|-101.8353|SL0493|US0087
2756,LUBBOCK,OUTSIDE CITY LIMITS,33.4335,-101.6916,FM0041,NOT REPORTED,1312.0,810.0,-502.0,33.4335,-101.6916,LUBBOCK|OUTSIDE CITY LIMITS|33.4335|-101.6916|FM0041|NOT REPORTED
2757,LUBBOCK,OUTSIDE CITY LIMITS,33.4335,-101.6967,FM0041,NOT REPORTED,1312.0,848.0,-464.0,33.4335,-101.6967,LUBBOCK|OUTSIDE CITY LIMITS|33.4335|-101.6967|FM0041|NOT REPORTED
2758,LUBBOCK,OUTSIDE CITY LIMITS,33.4336,-101.6888,,FM0041,4152.0,1137.0,-3015.0,33.4336,-101.6888,LUBBOCK|OUTSIDE CITY LIMITS|33.4336|-101.6888||FM0041
2759,LUBBOCK,OUTSIDE CITY LIMITS,33.4338,-101.6754,,FM0041,4152.0,893.0,-3259.0,33.4338,-101.6754,LUBBOCK|OUTSIDE CITY LIMITS|33.4338|-101.6754||FM0041
2760,LUBBOCK,OUTSIDE CITY LIMITS,33.4364,-102.0230,,CR1350,4152.0,2668.0,-1484.0,33.4364,-102.023,LUBBOCK|OUTSIDE CITY LIMITS|33.4364|-102.0230||CR1350
2761,LUBBOCK,OUTSIDE CITY LIMITS,33.4370,-101.9297,FM1730,NOT REPORTED,1312.0,3209.0,1897.0,33.437,-101.9297,LUBBOCK|OUTSIDE CITY LIMITS|33.4370|-101.9297|FM1730|NOT REPORTED
2762,LUBBOCK,OUTSIDE CITY LIMITS,33.4383,-101.8684,S FM 1264,S FM 1264,4152.0,4340.0,188.0,33.4383,-101.8684,LUBBOCK|OUTSIDE CITY LIMITS|33.4383|-101.8684|S FM 1264|S FM 1264
2763,LUBBOCK,OUTSIDE CITY LIMITS,33.4387,-101.9297,FM0041,FM1730,1312.0,1976.0,664.0,33.4387,-101.9297,LUBBOCK|OUTSIDE CITY LIMITS|33.4387|-101.9297|FM0041|FM1730
2764,LUBBOCK,OUTSIDE CITY LIMITS,33.4391,-101.8684,,S FM 1264,4152.0,1598.0,-2554.0,33.4391,-101.8684,LUBBOCK|OUTSIDE CITY LIMITS|33.4391|-101.8684||S FM 1264
2765,LUBBOCK,OUTSIDE CITY LIMITS,33.4393,-101.8467,,CR2330,1312.0,5391.0,4079.0,33.4393,-101.8467,LUBBOCK|OUTSIDE CITY LIMITS|33.4393|-101.8467||CR2330
2766,LUBBOCK,OUTSIDE CITY LIMITS,33.4399,-101.8642,,W AVENUE,4152.0,4933.0,781.0,33.4399,-101.8642,LUBBOCK|OUTSIDE CITY LIMITS|33.4399|-101.8642||W AVENUE
2767,LUBBOCK,OUTSIDE CITY LIMITS,33.4413,-102.0162,,FM0179,4152.0,1540.0,-2612.0,33.4413,-102.0162,LUBBOCK|OUTSIDE CITY LIMITS|33.4413|-102.0162||FM0179
2768,LUBBOCK,OUTSIDE CITY LIMITS,33.4414,-101.9289,FM0041,FM1730,4152.0,2665.0,-1487.0,33.4414,-101.9289,LUBBOCK|OUTSIDE CITY LIMITS|33.4414|-101.9289|FM0041|FM1730
2769,LUBBOCK,OUTSIDE CITY LIMITS,33.4430,-101.8402,,US0087,4152.0,4972.0,820.0,33.443,-101.8402,LUBBOCK|OUTSIDE CITY LIMITS|33.4430|-101.8402||US0087
2770,LUBBOCK,OUTSIDE CITY LIMITS,33.4439,-101.8879,,CR7610,4152.0,1566.0,-2586.0,33.4439,-101.8879,LUBBOCK|OUTSIDE CITY LIMITS|33.4439|-101.8879||CR7610
2771,LUBBOCK,OUTSIDE CITY LIMITS,33.4457,-101.9239,,FM1730,4152.0,1970.0,-2182.0,33.4457,-101.9239,LUBBOCK|OUTSIDE CITY LIMITS|33.4457|-101.9239||FM1730
2772,LUBBOCK,OUTSIDE CITY LIMITS,33.4470,-101.8414,SL0493,US0087,4152.0,5527.0,1375.0,33.447,-101.8414,LUBBOCK|OUTSIDE CITY LIMITS|33.4470|-101.8414|SL0493|US0087
2773,LUBBOCK,OUTSIDE CITY LIMITS,33.4470,-101.8724,,CR2170,1312.0,2395.0,1083.0,33.447,-101.8724,LUBBOCK|OUTSIDE CITY LIMITS|33.4470|-101.8724||CR2170
2774,LUBBOCK,OUTSIDE CITY LIMITS,33.4470,-101.9470,,CR7600,4152.0,2250.0,-1902.0,33.447,-101.947,LUBBOCK|OUTSIDE CITY LIMITS|33.4470|-101.9470||CR7600
2775,LUBBOCK,OUTSIDE CITY LIMITS,33.4470,-101.9529,,CR7600,4152.0,4710.0,558.0,33.447,-101.9529,LUBBOCK|OUTSIDE CITY LIMITS|33.4470|-101.9529||CR7600
2776,LUBBOCK,OUTSIDE CITY LIMITS,33.4470,-101.9740,,CR7600,4152.0,5200.0,1048.0,33.447,-101.974,LUBBOCK|OUTSIDE CITY LIMITS|33.4470|-101.9740||CR7600
2777,LUBBOCK,OUTSIDE CITY LIMITS,33.4470,-101.9928,,CR7600,4152.0,4219.0,67.0,33.447,-101.9928,LUBBOCK|OUTSIDE CITY LIMITS|33.4470|-101.9928||CR7600
2778,LUBBOCK,OUTSIDE CITY LIMITS,33.4470,-102.0130,,FM0179,390.5,2053.0,1662.5,33.447,-102.013,LUBBOCK|OUTSIDE CITY LIMITS|33.4470|-102.0130||FM0179
2779,LUBBOCK,OUTSIDE CITY LIMITS,33.4471,-101.9155,,CR7600,1312.0,3584.0,2272.0,33.4471,-101.9155,LUBBOCK|OUTSIDE CITY LIMITS|33.4471|-101.9155||CR7600
2780,LUBBOCK,OUTSIDE CITY LIMITS,33.4471,-101.9323,,WOODROW ROAD,4152.0,3631.0,-521.0,33.4471,-101.9323,LUBBOCK|OUTSIDE CITY LIMITS|33.4471|-101.9323||WOODROW ROAD
2781,LUBBOCK,OUTSIDE CITY LIMITS,33.4471,-101.9332,,WOODROW ROAD,4152.0,2954.0,-1198.0,33.4471,-101.9332,LUBBOCK|OUTSIDE CITY LIMITS|33.4471|-101.9332||WOODROW ROAD
2782,LUBBOCK,OUTSIDE CITY LIMITS,33.4471,-101.9365,NOT REPORTED,WOODROW ROAD,4152.0,4232.0,80.0,33.4471,-101.9365,LUBBOCK|OUTSIDE CITY LIMITS|33.4471|-101.9365|NOT REPORTED|WOODROW ROAD
2783,LUBBOCK,OUTSIDE CITY LIMITS,33.4471,-101.9382,COUNTY ROAD 1800,WOODROW ROAD,4152.0,2246.0,-1906.0,33.4471,-101.9382,LUBBOCK|OUTSIDE CITY LIMITS|33.4471|-101.9382|COUNTY ROAD 1800|WOODROW ROAD
2784,LUBBOCK,OUTSIDE CITY LIMITS,33.4471,-101.9395,,WOODROW ROAD,390.5,4230.0,3839.5,33.4471,-101.9395,LUBBOCK|OUTSIDE CITY LIMITS|33.4471|-101.9395||WOODROW ROAD
2785,LUBBOCK,OUTSIDE CITY LIMITS,33.4472,-101.8686,COUNTY ROAD 7600,CR7600,4152.0,2846.0,-1306.0,33.4472,-101.8686,LUBBOCK|OUTSIDE CITY LIMITS|33.4472|-101.8686|COUNTY ROAD 7600|CR7600
2786,LUBBOCK,OUTSIDE CITY LIMITS,33.4472,-101.8789,COUNTY ROAD 2140,CR7600,4152.0,1470.0,-2682.0,33.4472,-101.8789,LUBBOCK|OUTSIDE CITY LIMITS|33.4472|-101.8789|COUNTY ROAD 2140|CR7600
2787,LUBBOCK,OUTSIDE CITY LIMITS,33.4472,-101.8791,,CR7600,4152.0,2720.0,-1432.0,33.4472,-101.8791,LUBBOCK|OUTSIDE CITY LIMITS|33.4472|-101.8791||CR7600
2788,LUBBOCK,OUTSIDE CITY LIMITS,33.4472,-101.8878,COUNTY ROAD 2100,CR7600,1312.0,3075.0,1763.0,33.4472,-101.8878,LUBBOCK|OUTSIDE CITY LIMITS|33.4472|-101.8878|COUNTY ROAD 2100|CR7600
2789,LUBBOCK,OUTSIDE CITY LIMITS,33.4472,-101.8880,COUNTY ROAD 2100,CR7600,4152.0,2842.0,-1310.0,33.4472,-101.888,LUBBOCK|OUTSIDE CITY LIMITS|33.4472|-101.8880|COUNTY ROAD 2100|CR7600
2790,LUBBOCK,OUTSIDE CITY LIMITS,33.4475,-101.7757,,E COUNTY ROAD 7600,4152.0,4655.0,503.0,33.4475,-101.7757,LUBBOCK|OUTSIDE CITY LIMITS|33.4475|-101.7757||E COUNTY ROAD 7600
2791,LUBBOCK,OUTSIDE CITY LIMITS,33.4475,-101.8506,,UNKNOWN,4152.0,4116.0,-36.0,33.4475,-101.8506,LUBBOCK|OUTSIDE CITY LIMITS|33.4475|-101.8506||UNKNOWN
2792,LUBBOCK,OUTSIDE CITY LIMITS,33.4476,-101.7319,,E WOODROW ROAD,1312.0,4410.0,3098.0,33.4476,-101.7319,LUBBOCK|OUTSIDE CITY LIMITS|33.4476|-101.7319||E WOODROW ROAD
2793,LUBBOCK,OUTSIDE CITY LIMITS,33.4477,-101.8702,COUNTY ROAD 7600,S FM 1264,4152.0,2793.0,-1359.0,33.4477,-101.8702,LUBBOCK|OUTSIDE CITY LIMITS|33.4477|-101.8702|COUNTY ROAD 7600|S FM 1264
2794,LUBBOCK,OUTSIDE CITY LIMITS,33.4494,-101.9310,COUNTY ROAD 7570,CR1840,4152.0,2143.0,-2009.0,33.4494,-101.931,LUBBOCK|OUTSIDE CITY LIMITS|33.4494|-101.9310|COUNTY ROAD 7570|CR1840
2795,LUBBOCK,OUTSIDE CITY LIMITS,33.4502,-101.8423,NOT REPORTED,US0087,390.5,4964.0,4573.5,33.4502,-101.8423,LUBBOCK|OUTSIDE CITY LIMITS|33.4502|-101.8423|NOT REPORTED|US0087
2796,LUBBOCK,OUTSIDE CITY LIMITS,33.4516,-102.0089,,FM0179,2031.5,416.0,-1615.5,33.4516,-102.0089,LUBBOCK|OUTSIDE CITY LIMITS|33.4516|-102.0089||FM0179
2797,LUBBOCK,OUTSIDE CITY LIMITS,33.4518,-101.9222,,FM1730,4152.0,4558.0,406.0,33.4518,-101.9222,LUBBOCK|OUTSIDE CITY LIMITS|33.4518|-101.9222||FM1730
2798,LUBBOCK,OUTSIDE CITY LIMITS,33.4525,-101.8753,,CR7540,4152.0,3637.0,-515.0,33.4525,-101.8753,LUBBOCK|OUTSIDE CITY LIMITS|33.4525|-101.8753||CR7540
2799,LUBBOCK,OUTSIDE CITY LIMITS,33.4527,-101.8703,COUNTY ROAD 7540,CR2200,4152.0,3228.0,-924.0,33.4527,-101.8703,LUBBOCK|OUTSIDE CITY LIMITS|33.4527|-101.8703|COUNTY ROAD 7540|CR2200
2800,LUBBOCK,OUTSIDE CITY LIMITS,33.4540,-101.8434,NOT REPORTED,US0087,1312.0,3711.0,2399.0,33.454,-101.8434,LUBBOCK|OUTSIDE CITY LIMITS|33.4540|-101.8434|NOT REPORTED|US0087
2801,LUBBOCK,OUTSIDE CITY LIMITS,33.4544,-101.8875,154TH STREET,INDIANA AVENUE,4152.0,4626.0,474.0,33.4544,-101.8875,LUBBOCK|OUTSIDE CITY LIMITS|33.4544|-101.8875|154TH STREET|INDIANA AVENUE
2802,LUBBOCK,OUTSIDE CITY LIMITS,33.4544,-101.8876,154TH STREET,COUNTY ROAD 2100,4152.0,4838.0,686.0,33.4544,-101.8876,LUBBOCK|OUTSIDE CITY LIMITS|33.4544|-101.8876|154TH STREET|COUNTY ROAD 2100
2803,LUBBOCK,OUTSIDE CITY LIMITS,33.4547,-101.8436,NOT REPORTED,US0087,390.5,3678.0,3287.5,33.4547,-101.8436,LUBBOCK|OUTSIDE CITY LIMITS|33.4547|-101.8436|NOT REPORTED|US0087
2804,LUBBOCK,OUTSIDE CITY LIMITS,33.4558,-101.8439,SL0493,US0087,390.5,5540.0,5149.5,33.4558,-101.8439,LUBBOCK|OUTSIDE CITY LIMITS|33.4558|-101.8439|SL0493|US0087
2805,LUBBOCK,OUTSIDE CITY LIMITS,33.4558,-101.8439,,US0087,4152.0,4068.0,-84.0,33.4558,-101.8439,LUBBOCK|OUTSIDE CITY LIMITS|33.4558|-101.8439||US0087
2806,LUBBOCK,OUTSIDE CITY LIMITS,33.4564,-101.8440,,US0087,4152.0,4783.0,631.0,33.4564,-101.844,LUBBOCK|OUTSIDE CITY LIMITS|33.4564|-101.8440||US0087
2807,LUBBOCK,OUTSIDE CITY LIMITS,33.4581,-101.8882,150TH STREET,COUNTY ROAD 2100,4152.0,1887.0,-2265.0,33.4581,-101.8882,LUBBOCK|OUTSIDE CITY LIMITS|33.4581|-101.8882|150TH STREET|COUNTY ROAD 2100
2808,LUBBOCK,OUTSIDE CITY LIMITS,33.4584,-101.9378,,150TH STREET,4152.0,1909.0,-2243.0,33.4584,-101.9378,LUBBOCK|OUTSIDE CITY LIMITS|33.4584|-101.9378||150TH STREET
2809,LUBBOCK,OUTSIDE CITY LIMITS,33.4586,-101.9744,,CR1600,390.5,2390.0,1999.5,33.4586,-101.9744,LUBBOCK|OUTSIDE CITY LIMITS|33.4586|-101.9744||CR1600
2810,LUBBOCK,OUTSIDE CITY LIMITS,33.4587,-101.8876,COUNTY ROAD 2100,CR2100,4152.0,1927.0,-2225.0,33.4587,-101.8876,LUBBOCK|OUTSIDE CITY LIMITS|33.4587|-101.8876|COUNTY ROAD 2100|CR2100
2811,LUBBOCK,OUTSIDE CITY LIMITS,33.4594,-101.8531,,CR2300,4152.0,3773.0,-379.0,33.4594,-101.8531,LUBBOCK|OUTSIDE CITY LIMITS|33.4594|-101.8531||CR2300
2812,LUBBOCK,OUTSIDE CITY LIMITS,33.4600,-101.8183,,CR2500,4152.0,2980.0,-1172.0,33.46,-101.8183,LUBBOCK|OUTSIDE CITY LIMITS|33.4600|-101.8183||CR2500
2813,LUBBOCK,OUTSIDE CITY LIMITS,33.4613,-101.8444,SL0493,US0087,4152.0,5636.0,1484.0,33.4613,-101.8444,LUBBOCK|OUTSIDE CITY LIMITS|33.4613|-101.8444|SL0493|US0087
2814,LUBBOCK,OUTSIDE CITY LIMITS,33.4614,-101.8444,,US0087,4152.0,5572.0,1420.0,33.4614,-101.8444,LUBBOCK|OUTSIDE CITY LIMITS|33.4614|-101.8444||US0087
2815,LUBBOCK,OUTSIDE CITY LIMITS,33.4615,-101.8444,SL0493,US0087,1312.0,4234.0,2922.0,33.4615,-101.8444,LUBBOCK|OUTSIDE CITY LIMITS|33.4615|-101.8444|SL0493|US0087
2816,LUBBOCK,OUTSIDE CITY LIMITS,33.4615,-101.9395,146TH STREET,FRANKFORD AVENUE,4152.0,1394.0,-2758.0,33.4615,-101.9395,LUBBOCK|OUTSIDE CITY LIMITS|33.4615|-101.9395|146TH STREET|FRANKFORD AVENUE
2817,LUBBOCK,OUTSIDE CITY LIMITS,33.4616,-101.9217,,CR7500,1312.0,4029.0,2717.0,33.4616,-101.9217,LUBBOCK|OUTSIDE CITY LIMITS|33.4616|-101.9217||CR7500
2818,LUBBOCK,OUTSIDE CITY LIMITS,33.4616,-101.9264,,146TH STREET,4152.0,1490.0,-2662.0,33.4616,-101.9264,LUBBOCK|OUTSIDE CITY LIMITS|33.4616|-101.9264||146TH STREET
2819,LUBBOCK,OUTSIDE CITY LIMITS,33.4617,-102.0262,CR1300,QUITSNA AVENUE,4152.0,4190.0,38.0,33.4617,-102.0262,LUBBOCK|OUTSIDE CITY LIMITS|33.4617|-102.0262|CR1300|QUITSNA AVENUE
2820,LUBBOCK,OUTSIDE CITY LIMITS,33.4618,-101.8443,SL0493,US0087,1312.0,4692.0,3380.0,33.4618,-101.8443,LUBBOCK|OUTSIDE CITY LIMITS|33.4618|-101.8443|SL0493|US0087
2821,LUBBOCK,OUTSIDE CITY LIMITS,33.4618,-101.9048,146TH STREET,CR2000,4152.0,2242.0,-1910.0,33.4618,-101.9048,LUBBOCK|OUTSIDE CITY LIMITS|33.4618|-101.9048|146TH STREET|CR2000
2822,LUBBOCK,OUTSIDE CITY LIMITS,33.4620,-101.9395,COUNTY ROAD 1800,CR1800,4152.0,1916.0,-2236.0,33.462,-101.9395,LUBBOCK|OUTSIDE CITY LIMITS|33.4620|-101.9395|COUNTY ROAD 1800|CR1800
2823,LUBBOCK,OUTSIDE CITY LIMITS,33.4637,-101.6767,,US0084,4152.0,5569.0,1417.0,33.4637,-101.6767,LUBBOCK|OUTSIDE CITY LIMITS|33.4637|-101.6767||US0084
2824,LUBBOCK,OUTSIDE CITY LIMITS,33.4638,-101.8628,,143RD STREET,4152.0,3420.0,-732.0,33.4638,-101.8628,LUBBOCK|OUTSIDE CITY LIMITS|33.4638|-101.8628||143RD STREET
2825,LUBBOCK,OUTSIDE CITY LIMITS,33.4639,-101.8444,NOT REPORTED,US0087,4152.0,5511.0,1359.0,33.4639,-101.8444,LUBBOCK|OUTSIDE CITY LIMITS|33.4639|-101.8444|NOT REPORTED|US0087
2826,LUBBOCK,OUTSIDE CITY LIMITS,33.4642,-102.0090,,FM0179,390.5,4106.0,3715.5,33.4642,-102.009,LUBBOCK|OUTSIDE CITY LIMITS|33.4642|-102.0090||FM0179
2827,LUBBOCK,OUTSIDE CITY LIMITS,33.4648,-101.6788,,US0084,1312.0,3825.0,2513.0,33.4648,-101.6788,LUBBOCK|OUTSIDE CITY LIMITS|33.4648|-101.6788||US0084
2828,LUBBOCK,OUTSIDE CITY LIMITS,33.4652,-102.0090,FM0179,FM1585,4152.0,3204.0,-948.0,33.4652,-102.009,LUBBOCK|OUTSIDE CITY LIMITS|33.4652|-102.0090|FM0179|FM1585
2829,LUBBOCK,OUTSIDE CITY LIMITS,33.4654,-101.6799,NOT REPORTED,US0084,1312.0,5744.0,4432.0,33.4654,-101.6799,LUBBOCK|OUTSIDE CITY LIMITS|33.4654|-101.6799|NOT REPORTED|US0084
2830,LUBBOCK,OUTSIDE CITY LIMITS,33.4656,-101.6803,,US0084,390.5,4007.0,3616.5,33.4656,-101.6803,LUBBOCK|OUTSIDE CITY LIMITS|33.4656|-101.6803||US0084
2831,LUBBOCK,OUTSIDE CITY LIMITS,33.4675,-101.6837,,US0084,390.5,5261.0,4870.5,33.4675,-101.6837,LUBBOCK|OUTSIDE CITY LIMITS|33.4675|-101.6837||US0084
2832,LUBBOCK,OUTSIDE CITY LIMITS,33.4683,-102.0090,,FM0179,390.5,2277.0,1886.5,33.4683,-102.009,LUBBOCK|OUTSIDE CITY LIMITS|33.4683|-102.0090||FM0179
2833,LUBBOCK,OUTSIDE CITY LIMITS,33.4689,-102.0775,,US0062,4152.0,2707.0,-1445.0,33.4689,-102.0775,LUBBOCK|OUTSIDE CITY LIMITS|33.4689|-102.0775||US0062
2834,LUBBOCK,OUTSIDE CITY LIMITS,33.4691,-102.0090,FM0179,FM1585,1312.0,3130.0,1818.0,33.4691,-102.009,LUBBOCK|OUTSIDE CITY LIMITS|33.4691|-102.0090|FM0179|FM1585
2835,LUBBOCK,OUTSIDE CITY LIMITS,33.4693,-101.6868,NOT REPORTED,US0084,1312.0,5701.0,4389.0,33.4693,-101.6868,LUBBOCK|OUTSIDE CITY LIMITS|33.4693|-101.6868|NOT REPORTED|US0084
2836,LUBBOCK,OUTSIDE CITY LIMITS,33.4696,-101.7794,,CR2700,4152.0,4583.0,431.0,33.4696,-101.7794,LUBBOCK|OUTSIDE CITY LIMITS|33.4696|-101.7794||CR2700
2837,LUBBOCK,OUTSIDE CITY LIMITS,33.4700,-101.8730,137TH STREET,BOSTON AVENUE,4152.0,2770.0,-1382.0,33.47,-101.873,LUBBOCK|OUTSIDE CITY LIMITS|33.4700|-101.8730|137TH STREET|BOSTON AVENUE
2838,LUBBOCK,OUTSIDE CITY LIMITS,33.4701,-101.6883,NOT REPORTED,US0084,390.5,5627.0,5236.5,33.4701,-101.6883,LUBBOCK|OUTSIDE CITY LIMITS|33.4701|-101.6883|NOT REPORTED|US0084
2839,LUBBOCK,OUTSIDE CITY LIMITS,33.4708,-101.8488,136TH STREET,AVENUE L,4152.0,1332.0,-2820.0,33.4708,-101.8488,LUBBOCK|OUTSIDE CITY LIMITS|33.4708|-101.8488|136TH STREET|AVENUE L
2840,LUBBOCK,OUTSIDE CITY LIMITS,33.4709,-101.8443,,US0087,4152.0,5742.0,1590.0,33.4709,-101.8443,LUBBOCK|OUTSIDE CITY LIMITS|33.4709|-101.8443||US0087
2841,LUBBOCK,OUTSIDE CITY LIMITS,33.4713,-102.0735,NOT REPORTED,US0062,1312.0,5625.0,4313.0,33.4713,-102.0735,LUBBOCK|OUTSIDE CITY LIMITS|33.4713|-102.0735|NOT REPORTED|US0062
2842,LUBBOCK,OUTSIDE CITY LIMITS,33.4720,-101.6917,NOT REPORTED,US0084,4152.0,4788.0,636.0,33.472,-101.6917,LUBBOCK|OUTSIDE CITY LIMITS|33.4720|-101.6917|NOT REPORTED|US0084
2843,LUBBOCK,OUTSIDE CITY LIMITS,33.4722,-101.8531,,AVENUE P,4152.0,2029.0,-2123.0,33.4722,-101.8531,LUBBOCK|OUTSIDE CITY LIMITS|33.4722|-101.8531||AVENUE P
2844,LUBBOCK,OUTSIDE CITY LIMITS,33.4724,-101.8702,134TH STREET,UNIVERSITY AVENUE,4152.0,1374.0,-2778.0,33.4724,-101.8702,LUBBOCK|OUTSIDE CITY LIMITS|33.4724|-101.8702|134TH STREET|UNIVERSITY AVENUE
2845,LUBBOCK,OUTSIDE CITY LIMITS,33.4732,-101.8531,,AVENUE P,1312.0,5325.0,4013.0,33.4732,-101.8531,LUBBOCK|OUTSIDE CITY LIMITS|33.4732|-101.8531||AVENUE P
2846,LUBBOCK,OUTSIDE CITY LIMITS,33.4734,-102.0702,NOT REPORTED,US0062,4152.0,4465.0,313.0,33.4734,-102.0702,LUBBOCK|OUTSIDE CITY LIMITS|33.4734|-102.0702|NOT REPORTED|US0062
2847,LUBBOCK,OUTSIDE CITY LIMITS,33.4742,-102.0689,,US0062,4152.0,5458.0,1306.0,33.4742,-102.0689,LUBBOCK|OUTSIDE CITY LIMITS|33.4742|-102.0689||US0062
2848,LUBBOCK,OUTSIDE CITY LIMITS,33.4743,-101.6957,,US0084,4152.0,4372.0,220.0,33.4743,-101.6957,LUBBOCK|OUTSIDE CITY LIMITS|33.4743|-101.6957||US0084
2849,LUBBOCK,OUTSIDE CITY LIMITS,33.4743,-102.0687,,US0062,4152.0,2588.0,-1564.0,33.4743,-102.0687,LUBBOCK|OUTSIDE CITY LIMITS|33.4743|-102.0687||US0062
2850,LUBBOCK,OUTSIDE CITY LIMITS,33.4744,-101.8526,,132ND STREET,4152.0,2676.0,-1476.0,33.4744,-101.8526,LUBBOCK|OUTSIDE CITY LIMITS|33.4744|-101.8526||132ND STREET
2851,LUBBOCK,OUTSIDE CITY LIMITS,33.4748,-102.0679,,US0062,1312.0,5610.0,4298.0,33.4748,-102.0679,LUBBOCK|OUTSIDE CITY LIMITS|33.4748|-102.0679||US0062
2852,LUBBOCK,OUTSIDE CITY LIMITS,33.4750,-101.8446,,US0087,1312.0,4784.0,3472.0,33.475,-101.8446,LUBBOCK|OUTSIDE CITY LIMITS|33.4750|-101.8446||US0087
2853,LUBBOCK,OUTSIDE CITY LIMITS,33.4751,-102.0674,FM1585,US0062,4152.0,5425.0,1273.0,33.4751,-102.0674,LUBBOCK|OUTSIDE CITY LIMITS|33.4751|-102.0674|FM1585|US0062
2854,LUBBOCK,OUTSIDE CITY LIMITS,33.4757,-101.6981,,US0084,1312.0,5519.0,4207.0,33.4757,-101.6981,LUBBOCK|OUTSIDE CITY LIMITS|33.4757|-101.6981||US0084
2855,LUBBOCK,OUTSIDE CITY LIMITS,33.4758,-102.0662,FM1585,US0062,25.5,45.0,19.5,33.4758,-102.0662,LUBBOCK|OUTSIDE CITY LIMITS|33.4758|-102.0662|FM1585|US0062
2856,LUBBOCK,OUTSIDE CITY LIMITS,33.4758,-102.0662,,US0062,4152.0,5190.0,1038.0,33.4758,-102.0662,LUBBOCK|OUTSIDE CITY LIMITS|33.4758|-102.0662||US0062
2857,LUBBOCK,OUTSIDE CITY LIMITS,33.4759,-101.8702,FM1585,UNIVERSITY AVENUE,4152.0,3051.0,-1101.0,33.4759,-101.8702,LUBBOCK|OUTSIDE CITY LIMITS|33.4759|-101.8702|FM1585|UNIVERSITY AVENUE
2858,LUBBOCK,OUTSIDE CITY LIMITS,33.4760,-101.9349,,FM1585,4152.0,4203.0,51.0,33.476,-101.9349,LUBBOCK|OUTSIDE CITY LIMITS|33.4760|-101.9349||FM1585
2859,LUBBOCK,OUTSIDE CITY LIMITS,33.4760,-102.0654,,FM1585,4152.0,940.0,-3212.0,33.476,-102.0654,LUBBOCK|OUTSIDE CITY LIMITS|33.4760|-102.0654||FM1585
2860,LUBBOCK,OUTSIDE CITY LIMITS,33.4761,-101.9937,,FM1585,1312.0,1412.0,100.0,33.4761,-101.9937,LUBBOCK|OUTSIDE CITY LIMITS|33.4761|-101.9937||FM1585
2861,LUBBOCK,OUTSIDE CITY LIMITS,33.4761,-102.0266,FM0179,FM1585,4152.0,621.0,-3531.0,33.4761,-102.0266,LUBBOCK|OUTSIDE CITY LIMITS|33.4761|-102.0266|FM0179|FM1585
2862,LUBBOCK,OUTSIDE CITY LIMITS,33.4761,-102.0298,,FM1585,1312.0,2285.0,973.0,33.4761,-102.0298,LUBBOCK|OUTSIDE CITY LIMITS|33.4761|-102.0298||FM1585
2863,LUBBOCK,OUTSIDE CITY LIMITS,33.4761,-102.0552,FM1585,NOT REPORTED,390.5,1583.0,1192.5,33.4761,-102.0552,LUBBOCK|OUTSIDE CITY LIMITS|33.4761|-102.0552|FM1585|NOT REPORTED
2864,LUBBOCK,OUTSIDE CITY LIMITS,33.4762,-101.8179,FM1585,US0087,1312.0,3762.0,2450.0,33.4762,-101.8179,LUBBOCK|OUTSIDE CITY LIMITS|33.4762|-101.8179|FM1585|US0087
2865,LUBBOCK,OUTSIDE CITY LIMITS,33.4762,-101.8183,FM1585,US0087,4152.0,3566.0,-586.0,33.4762,-101.8183,LUBBOCK|OUTSIDE CITY LIMITS|33.4762|-101.8183|FM1585|US0087
2866,LUBBOCK,OUTSIDE CITY LIMITS,33.4762,-101.8183,,FM1585,4152.0,695.0,-3457.0,33.4762,-101.8183,LUBBOCK|OUTSIDE CITY LIMITS|33.4762|-101.8183||FM1585
2867,LUBBOCK,OUTSIDE CITY LIMITS,33.4762,-101.8184,FM1585,US0087,669.0,222.0,-447.0,33.4762,-101.8184,LUBBOCK|OUTSIDE CITY LIMITS|33.4762|-101.8184|FM1585|US0087
2868,LUBBOCK,OUTSIDE CITY LIMITS,33.4762,-101.8693,FM1585,UNIVERSITY AVENUE,4152.0,4662.0,510.0,33.4762,-101.8693,LUBBOCK|OUTSIDE CITY LIMITS|33.4762|-101.8693|FM1585|UNIVERSITY AVENUE
2869,LUBBOCK,OUTSIDE CITY LIMITS,33.4762,-101.8703,FM1585,UNIVERSITY AVENUE,4152.0,5172.0,1020.0,33.4762,-101.8703,LUBBOCK|OUTSIDE CITY LIMITS|33.4762|-101.8703|FM1585|UNIVERSITY AVENUE
2870,LUBBOCK,OUTSIDE CITY LIMITS,33.4762,-101.8704,FM1585,UNIVERSITY AVENUE,4152.0,3714.0,-438.0,33.4762,-101.8704,LUBBOCK|OUTSIDE CITY LIMITS|33.4762|-101.8704|FM1585|UNIVERSITY AVENUE
2871,LUBBOCK,OUTSIDE CITY LIMITS,33.4762,-101.8706,FM1585,UNIVERSITY AVENUE,4152.0,2511.0,-1641.0,33.4762,-101.8706,LUBBOCK|OUTSIDE CITY LIMITS|33.4762|-101.8706|FM1585|UNIVERSITY AVENUE
2872,LUBBOCK,OUTSIDE CITY LIMITS,33.4762,-101.8707,FM1585,US0087,4152.0,5617.0,1465.0,33.4762,-101.8707,LUBBOCK|OUTSIDE CITY LIMITS|33.4762|-101.8707|FM1585|US0087
2873,LUBBOCK,OUTSIDE CITY LIMITS,33.4762,-101.8709,FM1585,UNIVERSITY AVENUE,4152.0,2493.0,-1659.0,33.4762,-101.8709,LUBBOCK|OUTSIDE CITY LIMITS|33.4762|-101.8709|FM1585|UNIVERSITY AVENUE
2874,LUBBOCK,OUTSIDE CITY LIMITS,33.4762,-101.8713,FM1585,UNIVERSITY AVENUE,4152.0,2649.0,-1503.0,33.4762,-101.8713,LUBBOCK|OUTSIDE CITY LIMITS|33.4762|-101.8713|FM1585|UNIVERSITY AVENUE
2875,LUBBOCK,OUTSIDE CITY LIMITS,33.4762,-101.8724,FM1585,US0087,4152.0,3618.0,-534.0,33.4762,-101.8724,LUBBOCK|OUTSIDE CITY LIMITS|33.4762|-101.8724|FM1585|US0087
2876,LUBBOCK,OUTSIDE CITY LIMITS,33.4762,-101.8804,FLINT AVENUE,FM1585,4152.0,2288.0,-1864.0,33.4762,-101.8804,LUBBOCK|OUTSIDE CITY LIMITS|33.4762|-101.8804|FLINT AVENUE|FM1585
2877,LUBBOCK,OUTSIDE CITY LIMITS,33.4763,-101.8191,FM1585,US0087,1312.0,1407.0,95.0,33.4763,-101.8191,LUBBOCK|OUTSIDE CITY LIMITS|33.4763|-101.8191|FM1585|US0087
2878,LUBBOCK,OUTSIDE CITY LIMITS,33.4763,-101.8333,FM1585,NOT REPORTED,1312.0,738.0,-574.0,33.4763,-101.8333,LUBBOCK|OUTSIDE CITY LIMITS|33.4763|-101.8333|FM1585|NOT REPORTED
2879,LUBBOCK,OUTSIDE CITY LIMITS,33.4763,-101.8343,,FM1585,4152.0,890.0,-3262.0,33.4763,-101.8343,LUBBOCK|OUTSIDE CITY LIMITS|33.4763|-101.8343||FM1585
2880,LUBBOCK,OUTSIDE CITY LIMITS,33.4763,-101.8447,FM1585,US0087,4152.0,4191.0,39.0,33.4763,-101.8447,LUBBOCK|OUTSIDE CITY LIMITS|33.4763|-101.8447|FM1585|US0087
2881,LUBBOCK,OUTSIDE CITY LIMITS,33.4763,-101.8447,,FM1585,4152.0,2008.0,-2144.0,33.4763,-101.8447,LUBBOCK|OUTSIDE CITY LIMITS|33.4763|-101.8447||FM1585
2882,LUBBOCK,OUTSIDE CITY LIMITS,33.4763,-101.8453,FM1585,US0087,4152.0,2320.0,-1832.0,33.4763,-101.8453,LUBBOCK|OUTSIDE CITY LIMITS|33.4763|-101.8453|FM1585|US0087
2883,LUBBOCK,OUTSIDE CITY LIMITS,33.4763,-101.8480,FM1585,NOT REPORTED,4152.0,4907.0,755.0,33.4763,-101.848,LUBBOCK|OUTSIDE CITY LIMITS|33.4763|-101.8480|FM1585|NOT REPORTED
2884,LUBBOCK,OUTSIDE CITY LIMITS,33.4763,-101.8484,,FM1585,4152.0,3378.0,-774.0,33.4763,-101.8484,LUBBOCK|OUTSIDE CITY LIMITS|33.4763|-101.8484||FM1585
2885,LUBBOCK,OUTSIDE CITY LIMITS,33.4763,-101.8487,FM1585,US0087,1312.0,4829.0,3517.0,33.4763,-101.8487,LUBBOCK|OUTSIDE CITY LIMITS|33.4763|-101.8487|FM1585|US0087
2886,LUBBOCK,OUTSIDE CITY LIMITS,33.4763,-101.8488,FM1585,US0087,4152.0,4087.0,-65.0,33.4763,-101.8488,LUBBOCK|OUTSIDE CITY LIMITS|33.4763|-101.8488|FM1585|US0087
2887,LUBBOCK,OUTSIDE CITY LIMITS,33.4763,-101.8509,FM1585,US0087,4152.0,4166.0,14.0,33.4763,-101.8509,LUBBOCK|OUTSIDE CITY LIMITS|33.4763|-101.8509|FM1585|US0087
2888,LUBBOCK,OUTSIDE CITY LIMITS,33.4763,-101.8515,FM1585,US0087,4152.0,2358.0,-1794.0,33.4763,-101.8515,LUBBOCK|OUTSIDE CITY LIMITS|33.4763|-101.8515|FM1585|US0087
2889,LUBBOCK,OUTSIDE CITY LIMITS,33.4763,-101.8530,FM1585,US0087,4152.0,5040.0,888.0,33.4763,-101.853,LUBBOCK|OUTSIDE CITY LIMITS|33.4763|-101.8530|FM1585|US0087
2890,LUBBOCK,OUTSIDE CITY LIMITS,33.4763,-101.8531,CR2300,FM1585,4152.0,4559.0,407.0,33.4763,-101.8531,LUBBOCK|OUTSIDE CITY LIMITS|33.4763|-101.8531|CR2300|FM1585
2891,LUBBOCK,OUTSIDE CITY LIMITS,33.4763,-101.8531,FM1585,US0087,4152.0,1835.0,-2317.0,33.4763,-101.8531,LUBBOCK|OUTSIDE CITY LIMITS|33.4763|-101.8531|FM1585|US0087
2892,LUBBOCK,OUTSIDE CITY LIMITS,33.4763,-101.8532,FM1585,US0087,4152.0,4387.0,235.0,33.4763,-101.8532,LUBBOCK|OUTSIDE CITY LIMITS|33.4763|-101.8532|FM1585|US0087
2893,LUBBOCK,OUTSIDE CITY LIMITS,33.4764,-102.0652,,US0062,1312.0,5474.0,4162.0,33.4764,-102.0652,LUBBOCK|OUTSIDE CITY LIMITS|33.4764|-102.0652||US0062
2894,LUBBOCK,OUTSIDE CITY LIMITS,33.4765,-101.6996,,US0084,4152.0,5676.0,1524.0,33.4765,-101.6996,LUBBOCK|OUTSIDE CITY LIMITS|33.4765|-101.6996||US0084
2895,LUBBOCK,OUTSIDE CITY LIMITS,33.4765,-101.7449,FM1585,UNKNOWN,1312.0,1163.0,-149.0,33.4765,-101.7449,LUBBOCK|OUTSIDE CITY LIMITS|33.4765|-101.7449|FM1585|UNKNOWN
2896,LUBBOCK,OUTSIDE CITY LIMITS,33.4766,-101.6999,FM0835,US0084,1312.0,5500.0,4188.0,33.4766,-101.6999,LUBBOCK|OUTSIDE CITY LIMITS|33.4766|-101.6999|FM0835|US0084
2897,LUBBOCK,OUTSIDE CITY LIMITS,33.4768,-101.7101,FM1585,UNKNOWN,1312.0,706.0,-606.0,33.4768,-101.7101,LUBBOCK|OUTSIDE CITY LIMITS|33.4768|-101.7101|FM1585|UNKNOWN
2898,LUBBOCK,OUTSIDE CITY LIMITS,33.4770,-101.7005,,US0084,390.5,5640.0,5249.5,33.477,-101.7005,LUBBOCK|OUTSIDE CITY LIMITS|33.4770|-101.7005||US0084
2899,LUBBOCK,OUTSIDE CITY LIMITS,33.4771,-101.7007,,US0084,1312.0,5463.0,4151.0,33.4771,-101.7007,LUBBOCK|OUTSIDE CITY LIMITS|33.4771|-101.7007||US0084
2900,LUBBOCK,OUTSIDE CITY LIMITS,33.4771,-101.7010,,FM1585,4152.0,2800.0,-1352.0,33.4771,-101.701,LUBBOCK|OUTSIDE CITY LIMITS|33.4771|-101.7010||FM1585
2901,LUBBOCK,OUTSIDE CITY LIMITS,33.4771,-101.8183,,CR2500,1312.0,2300.0,988.0,33.4771,-101.8183,LUBBOCK|OUTSIDE CITY LIMITS|33.4771|-101.8183||CR2500
2902,LUBBOCK,OUTSIDE CITY LIMITS,33.4773,-101.7011,FM0835,US0084,4152.0,4441.0,289.0,33.4773,-101.7011,LUBBOCK|OUTSIDE CITY LIMITS|33.4773|-101.7011|FM0835|US0084
2903,LUBBOCK,OUTSIDE CITY LIMITS,33.4774,-101.7013,FM0835,US0084,1312.0,5639.0,4327.0,33.4774,-101.7013,LUBBOCK|OUTSIDE CITY LIMITS|33.4774|-101.7013|FM0835|US0084
2904,LUBBOCK,OUTSIDE CITY LIMITS,33.4792,-101.8184,,CR2500,1312.0,5043.0,3731.0,33.4792,-101.8184,LUBBOCK|OUTSIDE CITY LIMITS|33.4792|-101.8184||CR2500
2905,LUBBOCK,OUTSIDE CITY LIMITS,33.4792,-102.0606,,US0062,1312.0,3870.0,2558.0,33.4792,-102.0606,LUBBOCK|OUTSIDE CITY LIMITS|33.4792|-102.0606||US0062
2906,LUBBOCK,OUTSIDE CITY LIMITS,33.4819,-101.8448,,US0087,4152.0,5122.0,970.0,33.4819,-101.8448,LUBBOCK|OUTSIDE CITY LIMITS|33.4819|-101.8448||US0087
2907,LUBBOCK,OUTSIDE CITY LIMITS,33.4823,-101.7101,FM0835,US0084,1312.0,5554.0,4242.0,33.4823,-101.7101,LUBBOCK|OUTSIDE CITY LIMITS|33.4823|-101.7101|FM0835|US0084
2908,LUBBOCK,OUTSIDE CITY LIMITS,33.4825,-101.7104,FM0835,US0084,75.0,423.0,348.0,33.4825,-101.7104,LUBBOCK|OUTSIDE CITY LIMITS|33.4825|-101.7104|FM0835|US0084
2909,LUBBOCK,OUTSIDE CITY LIMITS,33.4842,-102.0262,,CR1300,1312.0,4429.0,3117.0,33.4842,-102.0262,LUBBOCK|OUTSIDE CITY LIMITS|33.4842|-102.0262||CR1300
2910,LUBBOCK,OUTSIDE CITY LIMITS,33.4900,-102.0432,FM1585,US0062,1312.0,2986.0,1674.0,33.49,-102.0432,LUBBOCK|OUTSIDE CITY LIMITS|33.4900|-102.0432|FM1585|US0062
2911,LUBBOCK,OUTSIDE CITY LIMITS,33.4902,-102.0422,FM1585,US0062,57.5,59.0,1.5,33.4902,-102.0422,LUBBOCK|OUTSIDE CITY LIMITS|33.4902|-102.0422|FM1585|US0062
2912,LUBBOCK,OUTSIDE CITY LIMITS,33.4902,-102.0427,FM1585,US0062,1312.0,2252.0,940.0,33.4902,-102.0427,LUBBOCK|OUTSIDE CITY LIMITS|33.4902|-102.0427|FM1585|US0062
2913,LUBBOCK,OUTSIDE CITY LIMITS,33.4903,-101.7245,NOT REPORTED,US0084,4152.0,4830.0,678.0,33.4903,-101.7245,LUBBOCK|OUTSIDE CITY LIMITS|33.4903|-101.7245|NOT REPORTED|US0084
2914,LUBBOCK,OUTSIDE CITY LIMITS,33.4904,-101.8448,,US0087,1312.0,5780.0,4468.0,33.4904,-101.8448,LUBBOCK|OUTSIDE CITY LIMITS|33.4904|-101.8448||US0087
2915,LUBBOCK,OUTSIDE CITY LIMITS,33.4904,-102.0424,FM1585,US0062,390.5,4028.0,3637.5,33.4904,-102.0424,LUBBOCK|OUTSIDE CITY LIMITS|33.4904|-102.0424|FM1585|US0062
2916,LUBBOCK,OUTSIDE CITY LIMITS,33.4905,-102.0423,FM1585,US0062,4152.0,5536.0,1384.0,33.4905,-102.0423,LUBBOCK|OUTSIDE CITY LIMITS|33.4905|-102.0423|FM1585|US0062
2917,LUBBOCK,OUTSIDE CITY LIMITS,33.4906,-102.0421,FM1585,US0062,390.5,5621.0,5230.5,33.4906,-102.0421,LUBBOCK|OUTSIDE CITY LIMITS|33.4906|-102.0421|FM1585|US0062
2918,LUBBOCK,OUTSIDE CITY LIMITS,33.4906,-102.0421,,US0062,4152.0,4724.0,572.0,33.4906,-102.0421,LUBBOCK|OUTSIDE CITY LIMITS|33.4906|-102.0421||US0062
2919,LUBBOCK,OUTSIDE CITY LIMITS,33.4906,-102.0591,,FM1585,4152.0,1772.0,-2380.0,33.4906,-102.0591,LUBBOCK|OUTSIDE CITY LIMITS|33.4906|-102.0591||FM1585
2920,LUBBOCK,OUTSIDE CITY LIMITS,33.4906,-102.0609,FM1585,FM2378,4152.0,1532.0,-2620.0,33.4906,-102.0609,LUBBOCK|OUTSIDE CITY LIMITS|33.4906|-102.0609|FM1585|FM2378
2921,LUBBOCK,OUTSIDE CITY LIMITS,33.4908,-101.8271,,E COUNTY ROAD 7300,4152.0,4892.0,740.0,33.4908,-101.8271,LUBBOCK|OUTSIDE CITY LIMITS|33.4908|-101.8271||E COUNTY ROAD 7300
2922,LUBBOCK,OUTSIDE CITY LIMITS,33.4908,-101.8346,,114TH STREET,4152.0,4112.0,-40.0,33.4908,-101.8346,LUBBOCK|OUTSIDE CITY LIMITS|33.4908|-101.8346||114TH STREET
2923,LUBBOCK,OUTSIDE CITY LIMITS,33.4908,-101.8456,114TH STREET,US0087,4152.0,2764.0,-1388.0,33.4908,-101.8456,LUBBOCK|OUTSIDE CITY LIMITS|33.4908|-101.8456|114TH STREET|US0087
2924,LUBBOCK,OUTSIDE CITY LIMITS,33.4908,-101.8516,,114TH STREET,390.5,3919.0,3528.5,33.4908,-101.8516,LUBBOCK|OUTSIDE CITY LIMITS|33.4908|-101.8516||114TH STREET
2925,LUBBOCK,OUTSIDE CITY LIMITS,33.4908,-101.8531,114TH STREET,CR2300,4152.0,2918.0,-1234.0,33.4908,-101.8531,LUBBOCK|OUTSIDE CITY LIMITS|33.4908|-101.8531|114TH STREET|CR2300
2926,LUBBOCK,OUTSIDE CITY LIMITS,33.4908,-101.8532,,114TH STREET,4152.0,2415.0,-1737.0,33.4908,-101.8532,LUBBOCK|OUTSIDE CITY LIMITS|33.4908|-101.8532||114TH STREET
2927,LUBBOCK,OUTSIDE CITY LIMITS,33.4908,-101.8542,,114TH STREET,4152.0,2230.0,-1922.0,33.4908,-101.8542,LUBBOCK|OUTSIDE CITY LIMITS|33.4908|-101.8542||114TH STREET
2928,LUBBOCK,OUTSIDE CITY LIMITS,33.4908,-101.8583,,114TH STREET,4152.0,3454.0,-698.0,33.4908,-101.8583,LUBBOCK|OUTSIDE CITY LIMITS|33.4908|-101.8583||114TH STREET
2929,LUBBOCK,OUTSIDE CITY LIMITS,33.4908,-101.8607,114TH STREET,114TH STREET,1312.0,5069.0,3757.0,33.4908,-101.8607,LUBBOCK|OUTSIDE CITY LIMITS|33.4908|-101.8607|114TH STREET|114TH STREET
2930,LUBBOCK,OUTSIDE CITY LIMITS,33.4908,-102.0418,FM1585,US0062,4152.0,5656.0,1504.0,33.4908,-102.0418,LUBBOCK|OUTSIDE CITY LIMITS|33.4908|-102.0418|FM1585|US0062
2931,LUBBOCK,OUTSIDE CITY LIMITS,33.4909,-101.6047,,E COUNTY ROAD 7300,4152.0,1574.0,-2578.0,33.4909,-101.6047,LUBBOCK|OUTSIDE CITY LIMITS|33.4909|-101.6047||E COUNTY ROAD 7300
2932,LUBBOCK,OUTSIDE CITY LIMITS,33.4909,-101.7256,NOT REPORTED,US0084,1312.0,2970.0,1658.0,33.4909,-101.7256,LUBBOCK|OUTSIDE CITY LIMITS|33.4909|-101.7256|NOT REPORTED|US0084
2933,LUBBOCK,OUTSIDE CITY LIMITS,33.4909,-101.7256,,US0084,390.5,5503.0,5112.5,33.4909,-101.7256,LUBBOCK|OUTSIDE CITY LIMITS|33.4909|-101.7256||US0084
2934,LUBBOCK,OUTSIDE CITY LIMITS,33.4912,-101.7104,114TH STREET,CR3100,1312.0,3496.0,2184.0,33.4912,-101.7104,LUBBOCK|OUTSIDE CITY LIMITS|33.4912|-101.7104|114TH STREET|CR3100
2935,LUBBOCK,OUTSIDE CITY LIMITS,33.4917,-101.8448,NOT REPORTED,US0087,669.0,511.0,-158.0,33.4917,-101.8448,LUBBOCK|OUTSIDE CITY LIMITS|33.4917|-101.8448|NOT REPORTED|US0087
2936,LUBBOCK,OUTSIDE CITY LIMITS,33.4922,-101.7278,FM0835,US0084,390.5,3321.0,2930.5,33.4922,-101.7278,LUBBOCK|OUTSIDE CITY LIMITS|33.4922|-101.7278|FM0835|US0084
2937,LUBBOCK,OUTSIDE CITY LIMITS,33.4922,-101.7280,FM0835,US0084,1312.0,5287.0,3975.0,33.4922,-101.728,LUBBOCK|OUTSIDE CITY LIMITS|33.4922|-101.7280|FM0835|US0084
2938,LUBBOCK,OUTSIDE CITY LIMITS,33.4923,-101.7280,,US0084,2031.5,485.0,-1546.5,33.4923,-101.728,LUBBOCK|OUTSIDE CITY LIMITS|33.4923|-101.7280||US0084
2939,LUBBOCK,OUTSIDE CITY LIMITS,33.4924,-101.7282,FM0835,US0084,4152.0,4376.0,224.0,33.4924,-101.7282,LUBBOCK|OUTSIDE CITY LIMITS|33.4924|-101.7282|FM0835|US0084
2940,LUBBOCK,OUTSIDE CITY LIMITS,33.4931,-101.6585,,FM0400,1312.0,708.0,-604.0,33.4931,-101.6585,LUBBOCK|OUTSIDE CITY LIMITS|33.4931|-101.6585||FM0400
2941,LUBBOCK,OUTSIDE CITY LIMITS,33.4932,-101.7297,,US0084,390.5,4252.0,3861.5,33.4932,-101.7297,LUBBOCK|OUTSIDE CITY LIMITS|33.4932|-101.7297||US0084
2942,LUBBOCK,OUTSIDE CITY LIMITS,33.4934,-101.7300,NOT REPORTED,US0084,4152.0,5750.0,1598.0,33.4934,-101.73,LUBBOCK|OUTSIDE CITY LIMITS|33.4934|-101.7300|NOT REPORTED|US0084
2943,LUBBOCK,OUTSIDE CITY LIMITS,33.4935,-101.7302,,US0084,4152.0,5770.0,1618.0,33.4935,-101.7302,LUBBOCK|OUTSIDE CITY LIMITS|33.4935|-101.7302||US0084
2944,LUBBOCK,OUTSIDE CITY LIMITS,33.4937,-101.7306,,US0084,1312.0,5395.0,4083.0,33.4937,-101.7306,LUBBOCK|OUTSIDE CITY LIMITS|33.4937|-101.7306||US0084
2945,LUBBOCK,OUTSIDE CITY LIMITS,33.4949,-101.7328,NOT REPORTED,US0084,1312.0,5241.0,3929.0,33.4949,-101.7328,LUBBOCK|OUTSIDE CITY LIMITS|33.4949|-101.7328|NOT REPORTED|US0084
2946,LUBBOCK,OUTSIDE CITY LIMITS,33.4953,-101.7334,,US0084,1312.0,5763.0,4451.0,33.4953,-101.7334,LUBBOCK|OUTSIDE CITY LIMITS|33.4953|-101.7334||US0084
2947,LUBBOCK,OUTSIDE CITY LIMITS,33.4954,-101.7337,FM0835,US0084,390.5,5689.0,5298.5,33.4954,-101.7337,LUBBOCK|OUTSIDE CITY LIMITS|33.4954|-101.7337|FM0835|US0084
2948,LUBBOCK,OUTSIDE CITY LIMITS,33.4955,-101.7337,,US0084,4152.0,5633.0,1481.0,33.4955,-101.7337,LUBBOCK|OUTSIDE CITY LIMITS|33.4955|-101.7337||US0084
2949,LUBBOCK,OUTSIDE CITY LIMITS,33.4961,-101.8448,,US0087,390.5,5826.0,5435.5,33.4961,-101.8448,LUBBOCK|OUTSIDE CITY LIMITS|33.4961|-101.8448||US0087
2950,LUBBOCK,OUTSIDE CITY LIMITS,33.4965,-102.0325,,US0062,1312.0,4621.0,3309.0,33.4965,-102.0325,LUBBOCK|OUTSIDE CITY LIMITS|33.4965|-102.0325||US0062
2951,LUBBOCK,OUTSIDE CITY LIMITS,33.4969,-101.7364,,US0084,4152.0,5723.0,1571.0,33.4969,-101.7364,LUBBOCK|OUTSIDE CITY LIMITS|33.4969|-101.7364||US0084
2952,LUBBOCK,OUTSIDE CITY LIMITS,33.4989,-102.0274,,US0062,4152.0,5175.0,1023.0,33.4989,-102.0274,LUBBOCK|OUTSIDE CITY LIMITS|33.4989|-102.0274||US0062
2953,LUBBOCK,OUTSIDE CITY LIMITS,33.4991,-102.0268,,US0062,4152.0,2870.0,-1282.0,33.4991,-102.0268,LUBBOCK|OUTSIDE CITY LIMITS|33.4991|-102.0268||US0062
2954,LUBBOCK,OUTSIDE CITY LIMITS,33.5008,-101.8183,,MARTIN L KING BOULEVARD,4152.0,5173.0,1021.0,33.5008,-101.8183,LUBBOCK|OUTSIDE CITY LIMITS|33.5008|-101.8183||MARTIN L KING BOULEVARD
2955,LUBBOCK,OUTSIDE CITY LIMITS,33.5011,-101.7439,,US0084,4152.0,5218.0,1066.0,33.5011,-101.7439,LUBBOCK|OUTSIDE CITY LIMITS|33.5011|-101.7439||US0084
2956,LUBBOCK,OUTSIDE CITY LIMITS,33.5023,-101.7459,NOT REPORTED,US0084,1312.0,5739.0,4427.0,33.5023,-101.7459,LUBBOCK|OUTSIDE CITY LIMITS|33.5023|-101.7459|NOT REPORTED|US0084
2957,LUBBOCK,OUTSIDE CITY LIMITS,33.5032,-101.7477,NOT REPORTED,US0084,1312.0,4086.0,2774.0,33.5032,-101.7477,LUBBOCK|OUTSIDE CITY LIMITS|33.5032|-101.7477|NOT REPORTED|US0084
2958,LUBBOCK,OUTSIDE CITY LIMITS,33.5035,-101.7482,NOT REPORTED,US0084,390.5,5707.0,5316.5,33.5035,-101.7482,LUBBOCK|OUTSIDE CITY LIMITS|33.5035|-101.7482|NOT REPORTED|US0084
2959,LUBBOCK,OUTSIDE CITY LIMITS,33.5036,-101.8183,CR 7200,MARTIN L KING BOULEVARD,4152.0,4011.0,-141.0,33.5036,-101.8183,LUBBOCK|OUTSIDE CITY LIMITS|33.5036|-101.8183|CR 7200|MARTIN L KING BOULEVARD
2960,LUBBOCK,OUTSIDE CITY LIMITS,33.5048,-101.8183,CR 7200,MARTIN L KING BOULEVARD,4152.0,3812.0,-340.0,33.5048,-101.8183,LUBBOCK|OUTSIDE CITY LIMITS|33.5048|-101.8183|CR 7200|MARTIN L KING BOULEVARD
2961,LUBBOCK,OUTSIDE CITY LIMITS,33.5050,-101.8183,CR 7200,MARTIN L KING BOULEVARD,4152.0,2200.0,-1952.0,33.505,-101.8183,LUBBOCK|OUTSIDE CITY LIMITS|33.5050|-101.8183|CR 7200|MARTIN L KING BOULEVARD
2962,LUBBOCK,OUTSIDE CITY LIMITS,33.5051,-101.8183,CR 7200,MARTIN L KING BOULEVARD,4152.0,3857.0,-295.0,33.5051,-101.8183,LUBBOCK|OUTSIDE CITY LIMITS|33.5051|-101.8183|CR 7200|MARTIN L KING BOULEVARD
2963,LUBBOCK,OUTSIDE CITY LIMITS,33.5052,-101.8180,COUNTY ROAD 2500,E COUNTY ROAD 7200,4152.0,1308.0,-2844.0,33.5052,-101.818,LUBBOCK|OUTSIDE CITY LIMITS|33.5052|-101.8180|COUNTY ROAD 2500|E COUNTY ROAD 7200
2964,LUBBOCK,OUTSIDE CITY LIMITS,33.5052,-101.8183,CR 7200,MARTIN L KING BOULEVARD,2031.5,362.0,-1669.5,33.5052,-101.8183,LUBBOCK|OUTSIDE CITY LIMITS|33.5052|-101.8183|CR 7200|MARTIN L KING BOULEVARD
2965,LUBBOCK,OUTSIDE CITY LIMITS,33.5052,-101.9976,,98TH STREET,4152.0,5412.0,1260.0,33.5052,-101.9976,LUBBOCK|OUTSIDE CITY LIMITS|33.5052|-101.9976||98TH STREET
2966,LUBBOCK,OUTSIDE CITY LIMITS,33.5053,-101.8185,COUNTY ROAD 2500,E COUNTY ROAD 7200,4152.0,5136.0,984.0,33.5053,-101.8185,LUBBOCK|OUTSIDE CITY LIMITS|33.5053|-101.8185|COUNTY ROAD 2500|E COUNTY ROAD 7200
2967,LUBBOCK,OUTSIDE CITY LIMITS,33.5053,-101.8247,,E COUNTY ROAD 7200,390.5,4489.0,4098.5,33.5053,-101.8247,LUBBOCK|OUTSIDE CITY LIMITS|33.5053|-101.8247||E COUNTY ROAD 7200
2968,LUBBOCK,OUTSIDE CITY LIMITS,33.5053,-101.8363,,E COUNTY ROAD 7200,1312.0,1424.0,112.0,33.5053,-101.8363,LUBBOCK|OUTSIDE CITY LIMITS|33.5053|-101.8363||E COUNTY ROAD 7200
2969,LUBBOCK,OUTSIDE CITY LIMITS,33.5055,-101.7799,FM3431,US0084,1312.0,922.0,-390.0,33.5055,-101.7799,LUBBOCK|OUTSIDE CITY LIMITS|33.5055|-101.7799|FM3431|US0084
2970,LUBBOCK,OUTSIDE CITY LIMITS,33.5056,-101.7519,SS0331,US0084,4152.0,5664.0,1512.0,33.5056,-101.7519,LUBBOCK|OUTSIDE CITY LIMITS|33.5056|-101.7519|SS0331|US0084
2971,LUBBOCK,OUTSIDE CITY LIMITS,33.5057,-101.7280,FM0835,US0084,4152.0,914.0,-3238.0,33.5057,-101.728,LUBBOCK|OUTSIDE CITY LIMITS|33.5057|-101.7280|FM0835|US0084
2972,LUBBOCK,OUTSIDE CITY LIMITS,33.5057,-101.7521,NOT REPORTED,US0084,4152.0,5509.0,1357.0,33.5057,-101.7521,LUBBOCK|OUTSIDE CITY LIMITS|33.5057|-101.7521|NOT REPORTED|US0084
2973,LUBBOCK,OUTSIDE CITY LIMITS,33.5057,-101.8183,CR 7200,MARTIN L KING BOULEVARD,1312.0,5029.0,3717.0,33.5057,-101.8183,LUBBOCK|OUTSIDE CITY LIMITS|33.5057|-101.8183|CR 7200|MARTIN L KING BOULEVARD
2974,LUBBOCK,OUTSIDE CITY LIMITS,33.5059,-101.7524,CR7200,US0084,669.0,491.0,-178.0,33.5059,-101.7524,LUBBOCK|OUTSIDE CITY LIMITS|33.5059|-101.7524|CR7200|US0084
2975,LUBBOCK,OUTSIDE CITY LIMITS,33.5070,-101.6243,,CR3600,4152.0,4309.0,157.0,33.507,-101.6243,LUBBOCK|OUTSIDE CITY LIMITS|33.5070|-101.6243||CR3600
2976,LUBBOCK,OUTSIDE CITY LIMITS,33.5072,-101.6595,FM0400,NOT REPORTED,4152.0,787.0,-3365.0,33.5072,-101.6595,LUBBOCK|OUTSIDE CITY LIMITS|33.5072|-101.6595|FM0400|NOT REPORTED
2977,LUBBOCK,OUTSIDE CITY LIMITS,33.5089,-101.8183,,MARTIN L KING BOULEVARD,4152.0,3483.0,-669.0,33.5089,-101.8183,LUBBOCK|OUTSIDE CITY LIMITS|33.5089|-101.8183||MARTIN L KING BOULEVARD
2978,LUBBOCK,OUTSIDE CITY LIMITS,33.5091,-101.7582,,US0084,2031.5,455.0,-1576.5,33.5091,-101.7582,LUBBOCK|OUTSIDE CITY LIMITS|33.5091|-101.7582||US0084
2979,LUBBOCK,OUTSIDE CITY LIMITS,33.5092,-101.8447,,US0087,1312.0,5716.0,4404.0,33.5092,-101.8447,LUBBOCK|OUTSIDE CITY LIMITS|33.5092|-101.8447||US0087
2980,LUBBOCK,OUTSIDE CITY LIMITS,33.5111,-101.8447,,US0087,4152.0,5824.0,1672.0,33.5111,-101.8447,LUBBOCK|OUTSIDE CITY LIMITS|33.5111|-101.8447||US0087
2981,LUBBOCK,OUTSIDE CITY LIMITS,33.5117,-101.8487,,AVENUE M,4152.0,3238.0,-914.0,33.5117,-101.8487,LUBBOCK|OUTSIDE CITY LIMITS|33.5117|-101.8487||AVENUE M
2982,LUBBOCK,OUTSIDE CITY LIMITS,33.5138,-101.8442,,US0087,4152.0,5783.0,1631.0,33.5138,-101.8442,LUBBOCK|OUTSIDE CITY LIMITS|33.5138|-101.8442||US0087
2983,LUBBOCK,OUTSIDE CITY LIMITS,33.5143,-101.8082,,E 88TH STREET,390.5,5121.0,4730.5,33.5143,-101.8082,LUBBOCK|OUTSIDE CITY LIMITS|33.5143|-101.8082||E 88TH STREET
2984,LUBBOCK,OUTSIDE CITY LIMITS,33.5145,-101.7680,,US0084,4152.0,5631.0,1479.0,33.5145,-101.768,LUBBOCK|OUTSIDE CITY LIMITS|33.5145|-101.7680||US0084
2985,LUBBOCK,OUTSIDE CITY LIMITS,33.5156,-101.8440,NOT REPORTED,US0087,4152.0,5706.0,1554.0,33.5156,-101.844,LUBBOCK|OUTSIDE CITY LIMITS|33.5156|-101.8440|NOT REPORTED|US0087
2986,LUBBOCK,OUTSIDE CITY LIMITS,33.5163,-101.8440,,US0087,390.5,5759.0,5368.5,33.5163,-101.844,LUBBOCK|OUTSIDE CITY LIMITS|33.5163|-101.8440||US0087
2987,LUBBOCK,OUTSIDE CITY LIMITS,33.5165,-101.8440,NOT REPORTED,US0087,4152.0,5741.0,1589.0,33.5165,-101.844,LUBBOCK|OUTSIDE CITY LIMITS|33.5165|-101.8440|NOT REPORTED|US0087
2988,LUBBOCK,OUTSIDE CITY LIMITS,33.5171,-101.8440,FM1585,US0087,4152.0,5811.0,1659.0,33.5171,-101.844,LUBBOCK|OUTSIDE CITY LIMITS|33.5171|-101.8440|FM1585|US0087
2989,LUBBOCK,OUTSIDE CITY LIMITS,33.5175,-101.8184,,MARTIN LUTHER KING JR BOULEVARD,4152.0,2361.0,-1791.0,33.5175,-101.8184,LUBBOCK|OUTSIDE CITY LIMITS|33.5175|-101.8184||MARTIN LUTHER KING JR BOULEVARD
2990,LUBBOCK,OUTSIDE CITY LIMITS,33.5178,-101.8183,COUNTY ROAD 2500,E 84TH STREET,4152.0,4519.0,367.0,33.5178,-101.8183,LUBBOCK|OUTSIDE CITY LIMITS|33.5178|-101.8183|COUNTY ROAD 2500|E 84TH STREET
2991,LUBBOCK,OUTSIDE CITY LIMITS,33.5178,-101.8487,84TH STREET,AVENUE L,2031.5,346.0,-1685.5,33.5178,-101.8487,LUBBOCK|OUTSIDE CITY LIMITS|33.5178|-101.8487|84TH STREET|AVENUE L
2992,LUBBOCK,OUTSIDE CITY LIMITS,33.5180,-101.8062,,E 84TH STREET,4152.0,3136.0,-1016.0,33.518,-101.8062,LUBBOCK|OUTSIDE CITY LIMITS|33.5180|-101.8062||E 84TH STREET
2993,LUBBOCK,OUTSIDE CITY LIMITS,33.5196,-102.0489,,CR7100,4152.0,4586.0,434.0,33.5196,-102.0489,LUBBOCK|OUTSIDE CITY LIMITS|33.5196|-102.0489||CR7100
2994,LUBBOCK,OUTSIDE CITY LIMITS,33.5196,-102.0605,82ND STREET,CR7100,4152.0,4421.0,269.0,33.5196,-102.0605,LUBBOCK|OUTSIDE CITY LIMITS|33.5196|-102.0605|82ND STREET|CR7100
2995,LUBBOCK,OUTSIDE CITY LIMITS,33.5196,-102.0783,CR7100,FM2378,4152.0,2656.0,-1496.0,33.5196,-102.0783,LUBBOCK|OUTSIDE CITY LIMITS|33.5196|-102.0783|CR7100|FM2378
2996,LUBBOCK,OUTSIDE CITY LIMITS,33.5197,-102.0463,,CR7100,4152.0,4879.0,727.0,33.5197,-102.0463,LUBBOCK|OUTSIDE CITY LIMITS|33.5197|-102.0463||CR7100
2997,LUBBOCK,OUTSIDE CITY LIMITS,33.5202,-101.7291,FM0835,FM3020,1312.0,1077.0,-235.0,33.5202,-101.7291,LUBBOCK|OUTSIDE CITY LIMITS|33.5202|-101.7291|FM0835|FM3020
2998,LUBBOCK,OUTSIDE CITY LIMITS,33.5247,-101.7276,,FM0835,1312.0,1118.0,-194.0,33.5247,-101.7276,LUBBOCK|OUTSIDE CITY LIMITS|33.5247|-101.7276||FM0835
2999,LUBBOCK,OUTSIDE CITY LIMITS,33.5304,-101.6577,,FM0400,4152.0,795.0,-3357.0,33.5304,-101.6577,LUBBOCK|OUTSIDE CITY LIMITS|33.5304|-101.6577||FM0400
3000,LUBBOCK,OUTSIDE CITY LIMITS,33.5312,-101.6575,,FM0400,4152.0,874.0,-3278.0,33.5312,-101.6575,LUBBOCK|OUTSIDE CITY LIMITS|33.5312|-101.6575||FM0400
3001,LUBBOCK,OUTSIDE CITY LIMITS,33.5324,-101.6573,,FM0400,4152.0,2904.0,-1248.0,33.5324,-101.6573,LUBBOCK|OUTSIDE CITY LIMITS|33.5324|-101.6573||FM0400
3002,LUBBOCK,OUTSIDE CITY LIMITS,33.5341,-102.0612,COUNTY ROAD 1100,CR7000,1312.0,4078.0,2766.0,33.5341,-102.0612,LUBBOCK|OUTSIDE CITY LIMITS|33.5341|-102.0612|COUNTY ROAD 1100|CR7000
3003,LUBBOCK,OUTSIDE CITY LIMITS,33.5342,-102.0260,CR7000,QUITSNA AVENUE,4152.0,2371.0,-1781.0,33.5342,-102.026,LUBBOCK|OUTSIDE CITY LIMITS|33.5342|-102.0260|CR7000|QUITSNA AVENUE
3004,LUBBOCK,OUTSIDE CITY LIMITS,33.5342,-102.0264,,CR7000,1312.0,2979.0,1667.0,33.5342,-102.0264,LUBBOCK|OUTSIDE CITY LIMITS|33.5342|-102.0264||CR7000
3005,LUBBOCK,OUTSIDE CITY LIMITS,33.5343,-101.9846,,66TH STREET,4152.0,4440.0,288.0,33.5343,-101.9846,LUBBOCK|OUTSIDE CITY LIMITS|33.5343|-101.9846||66TH STREET
3006,LUBBOCK,OUTSIDE CITY LIMITS,33.5344,-101.9917,66TH STREET,ALCOVE AVENUE,4152.0,4416.0,264.0,33.5344,-101.9917,LUBBOCK|OUTSIDE CITY LIMITS|33.5344|-101.9917|66TH STREET|ALCOVE AVENUE
3007,LUBBOCK,OUTSIDE CITY LIMITS,33.5386,-102.0437,COUNTY ROAD 1200,CR6950,1312.0,1425.0,113.0,33.5386,-102.0437,LUBBOCK|OUTSIDE CITY LIMITS|33.5386|-102.0437|COUNTY ROAD 1200|CR6950
3008,LUBBOCK,OUTSIDE CITY LIMITS,33.5393,-102.0091,FM0179,NOT REPORTED,4152.0,3664.0,-488.0,33.5393,-102.0091,LUBBOCK|OUTSIDE CITY LIMITS|33.5393|-102.0091|FM0179|NOT REPORTED
3009,LUBBOCK,OUTSIDE CITY LIMITS,33.5400,-102.0436,,CR1200,1312.0,3893.0,2581.0,33.54,-102.0436,LUBBOCK|OUTSIDE CITY LIMITS|33.5400|-102.0436||CR1200
3010,LUBBOCK,OUTSIDE CITY LIMITS,33.5402,-102.0437,,CR1200,4152.0,5039.0,887.0,33.5402,-102.0437,LUBBOCK|OUTSIDE CITY LIMITS|33.5402|-102.0437||CR1200
3011,LUBBOCK,OUTSIDE CITY LIMITS,33.5421,-102.0263,,CR1300,4152.0,5422.0,1270.0,33.5421,-102.0263,LUBBOCK|OUTSIDE CITY LIMITS|33.5421|-102.0263||CR1300
3012,LUBBOCK,OUTSIDE CITY LIMITS,33.5466,-101.6573,,FM0400,4152.0,1646.0,-2506.0,33.5466,-101.6573,LUBBOCK|OUTSIDE CITY LIMITS|33.5466|-101.6573||FM0400
3013,LUBBOCK,OUTSIDE CITY LIMITS,33.5479,-102.0091,FM0179,SH0114,1312.0,4726.0,3414.0,33.5479,-102.0091,LUBBOCK|OUTSIDE CITY LIMITS|33.5479|-102.0091|FM0179|SH0114
3014,LUBBOCK,OUTSIDE CITY LIMITS,33.5480,-102.0091,FM0179,SH0114,4152.0,4460.0,308.0,33.548,-102.0091,LUBBOCK|OUTSIDE CITY LIMITS|33.5480|-102.0091|FM0179|SH0114
3015,LUBBOCK,OUTSIDE CITY LIMITS,33.5483,-101.7135,,FM3523,4152.0,1556.0,-2596.0,33.5483,-101.7135,LUBBOCK|OUTSIDE CITY LIMITS|33.5483|-101.7135||FM3523
3016,LUBBOCK,OUTSIDE CITY LIMITS,33.5486,-101.9962,50TH STREET,CR1460,4152.0,2342.0,-1810.0,33.5486,-101.9962,LUBBOCK|OUTSIDE CITY LIMITS|33.5486|-101.9962|50TH STREET|CR1460
3017,LUBBOCK,OUTSIDE CITY LIMITS,33.5486,-102.0091,FM0179,SH0114,4152.0,4914.0,762.0,33.5486,-102.0091,LUBBOCK|OUTSIDE CITY LIMITS|33.5486|-102.0091|FM0179|SH0114
3018,LUBBOCK,OUTSIDE CITY LIMITS,33.5486,-102.0437,50TH STREET,CR1200,1312.0,2888.0,1576.0,33.5486,-102.0437,LUBBOCK|OUTSIDE CITY LIMITS|33.5486|-102.0437|50TH STREET|CR1200
3019,LUBBOCK,OUTSIDE CITY LIMITS,33.5487,-102.0091,CR6900,FM0179,4152.0,3948.0,-204.0,33.5487,-102.0091,LUBBOCK|OUTSIDE CITY LIMITS|33.5487|-102.0091|CR6900|FM0179
3020,LUBBOCK,OUTSIDE CITY LIMITS,33.5487,-102.0091,FM0179,SH0114,4152.0,2025.0,-2127.0,33.5487,-102.0091,LUBBOCK|OUTSIDE CITY LIMITS|33.5487|-102.0091|FM0179|SH0114
3021,LUBBOCK,OUTSIDE CITY LIMITS,33.5487,-102.0405,,CR6900,4152.0,4284.0,132.0,33.5487,-102.0405,LUBBOCK|OUTSIDE CITY LIMITS|33.5487|-102.0405||CR6900
3022,LUBBOCK,OUTSIDE CITY LIMITS,33.5487,-102.0434,50TH STREET,CR6900,1312.0,1967.0,655.0,33.5487,-102.0434,LUBBOCK|OUTSIDE CITY LIMITS|33.5487|-102.0434|50TH STREET|CR6900
3023,LUBBOCK,OUTSIDE CITY LIMITS,33.5487,-102.0528,,CR6900,4152.0,4779.0,627.0,33.5487,-102.0528,LUBBOCK|OUTSIDE CITY LIMITS|33.5487|-102.0528||CR6900
3024,LUBBOCK,OUTSIDE CITY LIMITS,33.5488,-101.7699,FM0835,NOT REPORTED,4152.0,2022.0,-2130.0,33.5488,-101.7699,LUBBOCK|OUTSIDE CITY LIMITS|33.5488|-101.7699|FM0835|NOT REPORTED
3025,LUBBOCK,OUTSIDE CITY LIMITS,33.5488,-101.7720,,FM0835,4152.0,898.0,-3254.0,33.5488,-101.772,LUBBOCK|OUTSIDE CITY LIMITS|33.5488|-101.7720||FM0835
3026,LUBBOCK,OUTSIDE CITY LIMITS,33.5488,-101.7755,,FM0835,4152.0,2553.0,-1599.0,33.5488,-101.7755,LUBBOCK|OUTSIDE CITY LIMITS|33.5488|-101.7755||FM0835
3027,LUBBOCK,OUTSIDE CITY LIMITS,33.5488,-101.9921,,50TH STREET,4152.0,3585.0,-567.0,33.5488,-101.9921,LUBBOCK|OUTSIDE CITY LIMITS|33.5488|-101.9921||50TH STREET
3028,LUBBOCK,OUTSIDE CITY LIMITS,33.5488,-101.9926,,50TH STREET,390.5,4950.0,4559.5,33.5488,-101.9926,LUBBOCK|OUTSIDE CITY LIMITS|33.5488|-101.9926||50TH STREET
3029,LUBBOCK,OUTSIDE CITY LIMITS,33.5488,-102.0091,FM0179,SH0114,2031.5,275.0,-1756.5,33.5488,-102.0091,LUBBOCK|OUTSIDE CITY LIMITS|33.5488|-102.0091|FM0179|SH0114
3030,LUBBOCK,OUTSIDE CITY LIMITS,33.5488,-102.0264,COUNTY ROAD 1300,CR6900,1312.0,2119.0,807.0,33.5488,-102.0264,LUBBOCK|OUTSIDE CITY LIMITS|33.5488|-102.0264|COUNTY ROAD 1300|CR6900
3031,LUBBOCK,OUTSIDE CITY LIMITS,33.5491,-101.7623,FM0835,NOT REPORTED,4152.0,993.0,-3159.0,33.5491,-101.7623,LUBBOCK|OUTSIDE CITY LIMITS|33.5491|-101.7623|FM0835|NOT REPORTED
3032,LUBBOCK,OUTSIDE CITY LIMITS,33.5491,-101.7646,,FM0835,4152.0,3697.0,-455.0,33.5491,-101.7646,LUBBOCK|OUTSIDE CITY LIMITS|33.5491|-101.7646||FM0835
3033,LUBBOCK,OUTSIDE CITY LIMITS,33.5497,-102.0091,FM0179,SH0114,1312.0,4552.0,3240.0,33.5497,-102.0091,LUBBOCK|OUTSIDE CITY LIMITS|33.5497|-102.0091|FM0179|SH0114
3034,LUBBOCK,OUTSIDE CITY LIMITS,33.5499,-102.0091,FM0179,SH0114,4152.0,1179.0,-2973.0,33.5499,-102.0091,LUBBOCK|OUTSIDE CITY LIMITS|33.5499|-102.0091|FM0179|SH0114
3035,LUBBOCK,OUTSIDE CITY LIMITS,33.5510,-102.0091,FM0179,SH0114,4152.0,1784.0,-2368.0,33.551,-102.0091,LUBBOCK|OUTSIDE CITY LIMITS|33.5510|-102.0091|FM0179|SH0114
3036,LUBBOCK,OUTSIDE CITY LIMITS,33.5522,-101.7286,,FM1729,4152.0,2910.0,-1242.0,33.5522,-101.7286,LUBBOCK|OUTSIDE CITY LIMITS|33.5522|-101.7286||FM1729
3037,LUBBOCK,OUTSIDE CITY LIMITS,33.5547,-101.6141,UNKNOWN,UNKNOWN,4152.0,2796.0,-1356.0,33.5547,-101.6141,LUBBOCK|OUTSIDE CITY LIMITS|33.5547|-101.6141|UNKNOWN|UNKNOWN
3038,LUBBOCK,OUTSIDE CITY LIMITS,33.5599,-102.0091,FM0179,NOT REPORTED,4152.0,2937.0,-1215.0,33.5599,-102.0091,LUBBOCK|OUTSIDE CITY LIMITS|33.5599|-102.0091|FM0179|NOT REPORTED
3039,LUBBOCK,OUTSIDE CITY LIMITS,33.5601,-102.0437,,CR1200,4152.0,4887.0,735.0,33.5601,-102.0437,LUBBOCK|OUTSIDE CITY LIMITS|33.5601|-102.0437||CR1200
3040,LUBBOCK,OUTSIDE CITY LIMITS,33.5633,-101.7297,,FM1729,4152.0,1513.0,-2639.0,33.5633,-101.7297,LUBBOCK|OUTSIDE CITY LIMITS|33.5633|-101.7297||FM1729
3041,LUBBOCK,OUTSIDE CITY LIMITS,33.5654,-101.6749,,UNKNOWN,4152.0,1330.0,-2822.0,33.5654,-101.6749,LUBBOCK|OUTSIDE CITY LIMITS|33.5654|-101.6749||UNKNOWN
3042,LUBBOCK,OUTSIDE CITY LIMITS,33.5764,-101.6566,FM0400,NOT REPORTED,1312.0,1978.0,666.0,33.5764,-101.6566,LUBBOCK|OUTSIDE CITY LIMITS|33.5764|-101.6566|FM0400|NOT REPORTED
3043,LUBBOCK,OUTSIDE CITY LIMITS,33.5777,-102.0329,NOT REPORTED,SH0114,4152.0,4124.0,-28.0,33.5777,-102.0329,LUBBOCK|OUTSIDE CITY LIMITS|33.5777|-102.0329|NOT REPORTED|SH0114
3044,LUBBOCK,OUTSIDE CITY LIMITS,33.5777,-102.0329,,SH0114,4152.0,5378.0,1226.0,33.5777,-102.0329,LUBBOCK|OUTSIDE CITY LIMITS|33.5777|-102.0329||SH0114
3045,LUBBOCK,OUTSIDE CITY LIMITS,33.5777,-102.0359,NOT REPORTED,SH0114,4152.0,4235.0,83.0,33.5777,-102.0359,LUBBOCK|OUTSIDE CITY LIMITS|33.5777|-102.0359|NOT REPORTED|SH0114
3046,LUBBOCK,OUTSIDE CITY LIMITS,33.5779,-102.0415,SH0114,SS0309,1312.0,5628.0,4316.0,33.5779,-102.0415,LUBBOCK|OUTSIDE CITY LIMITS|33.5779|-102.0415|SH0114|SS0309
3047,LUBBOCK,OUTSIDE CITY LIMITS,33.5779,-102.0416,CR6700,SH0114,4152.0,4177.0,25.0,33.5779,-102.0416,LUBBOCK|OUTSIDE CITY LIMITS|33.5779|-102.0416|CR6700|SH0114
3048,LUBBOCK,OUTSIDE CITY LIMITS,33.5782,-101.7144,19TH STREET,CR3100,4152.0,3616.0,-536.0,33.5782,-101.7144,LUBBOCK|OUTSIDE CITY LIMITS|33.5782|-101.7144|19TH STREET|CR3100
3049,LUBBOCK,OUTSIDE CITY LIMITS,33.5783,-101.7144,,19TH STREET,4152.0,4476.0,324.0,33.5783,-101.7144,LUBBOCK|OUTSIDE CITY LIMITS|33.5783|-101.7144||19TH STREET
3050,LUBBOCK,OUTSIDE CITY LIMITS,33.5783,-101.7144,,E COUNTY ROAD 6700,4152.0,2314.0,-1838.0,33.5783,-101.7144,LUBBOCK|OUTSIDE CITY LIMITS|33.5783|-101.7144||E COUNTY ROAD 6700
3051,LUBBOCK,OUTSIDE CITY LIMITS,33.5783,-101.7317,,E COUNTY ROAD 6700,4152.0,4475.0,323.0,33.5783,-101.7317,LUBBOCK|OUTSIDE CITY LIMITS|33.5783|-101.7317||E COUNTY ROAD 6700
3052,LUBBOCK,OUTSIDE CITY LIMITS,33.5784,-101.7282,,19TH STREET,1312.0,5033.0,3721.0,33.5784,-101.7282,LUBBOCK|OUTSIDE CITY LIMITS|33.5784|-101.7282||19TH STREET
3053,LUBBOCK,OUTSIDE CITY LIMITS,33.5788,-102.0452,,SH0114,4152.0,4318.0,166.0,33.5788,-102.0452,LUBBOCK|OUTSIDE CITY LIMITS|33.5788|-102.0452||SH0114
3054,LUBBOCK,OUTSIDE CITY LIMITS,33.5800,-101.7142,,CR3100,4152.0,5168.0,1016.0,33.58,-101.7142,LUBBOCK|OUTSIDE CITY LIMITS|33.5800|-101.7142||CR3100
3055,LUBBOCK,OUTSIDE CITY LIMITS,33.5814,-102.0549,,SH0114,1312.0,5533.0,4221.0,33.5814,-102.0549,LUBBOCK|OUTSIDE CITY LIMITS|33.5814|-102.0549||SH0114
3056,LUBBOCK,OUTSIDE CITY LIMITS,33.5820,-102.0573,,SH0114,4152.0,5224.0,1072.0,33.582,-102.0573,LUBBOCK|OUTSIDE CITY LIMITS|33.5820|-102.0573||SH0114
3057,LUBBOCK,OUTSIDE CITY LIMITS,33.5826,-102.0654,,SH0114,1312.0,5506.0,4194.0,33.5826,-102.0654,LUBBOCK|OUTSIDE CITY LIMITS|33.5826|-102.0654||SH0114
3058,LUBBOCK,OUTSIDE CITY LIMITS,33.5827,-102.0690,,SH0114,4152.0,5181.0,1029.0,33.5827,-102.069,LUBBOCK|OUTSIDE CITY LIMITS|33.5827|-102.0690||SH0114
3059,LUBBOCK,OUTSIDE CITY LIMITS,33.5828,-102.0766,,SH0114,1312.0,3852.0,2540.0,33.5828,-102.0766,LUBBOCK|OUTSIDE CITY LIMITS|33.5828|-102.0766||SH0114
3060,LUBBOCK,OUTSIDE CITY LIMITS,33.5828,-102.0771,,SH0114,1312.0,5094.0,3782.0,33.5828,-102.0771,LUBBOCK|OUTSIDE CITY LIMITS|33.5828|-102.0771||SH0114
3061,LUBBOCK,OUTSIDE CITY LIMITS,33.5828,-102.0784,FM2378,SH0114,4152.0,5031.0,879.0,33.5828,-102.0784,LUBBOCK|OUTSIDE CITY LIMITS|33.5828|-102.0784|FM2378|SH0114
3062,LUBBOCK,OUTSIDE CITY LIMITS,33.5828,-102.0785,,SH0114,1312.0,1850.0,538.0,33.5828,-102.0785,LUBBOCK|OUTSIDE CITY LIMITS|33.5828|-102.0785||SH0114
3063,LUBBOCK,OUTSIDE CITY LIMITS,33.5828,-102.0789,FM2378,SH0114,4152.0,2301.0,-1851.0,33.5828,-102.0789,LUBBOCK|OUTSIDE CITY LIMITS|33.5828|-102.0789|FM2378|SH0114
3064,LUBBOCK,OUTSIDE CITY LIMITS,33.5847,-102.0785,,FM2378,4152.0,679.0,-3473.0,33.5847,-102.0785,LUBBOCK|OUTSIDE CITY LIMITS|33.5847|-102.0785||FM2378
3065,LUBBOCK,OUTSIDE CITY LIMITS,33.5852,-101.6565,,FM0400,4152.0,944.0,-3208.0,33.5852,-101.6565,LUBBOCK|OUTSIDE CITY LIMITS|33.5852|-101.6565||FM0400
3066,LUBBOCK,OUTSIDE CITY LIMITS,33.5926,-101.7825,FM0040,NOT REPORTED,390.5,2481.0,2090.5,33.5926,-101.7825,LUBBOCK|OUTSIDE CITY LIMITS|33.5926|-101.7825|FM0040|NOT REPORTED
3067,LUBBOCK,OUTSIDE CITY LIMITS,33.5927,-101.7736,FM0040,NOT REPORTED,1312.0,3332.0,2020.0,33.5927,-101.7736,LUBBOCK|OUTSIDE CITY LIMITS|33.5927|-101.7736|FM0040|NOT REPORTED
3068,LUBBOCK,OUTSIDE CITY LIMITS,33.5928,-101.7516,,FM0040,1312.0,1260.0,-52.0,33.5928,-101.7516,LUBBOCK|OUTSIDE CITY LIMITS|33.5928|-101.7516||FM0040
3069,LUBBOCK,OUTSIDE CITY LIMITS,33.5928,-101.7646,FM0040,NOT REPORTED,4152.0,1183.0,-2969.0,33.5928,-101.7646,LUBBOCK|OUTSIDE CITY LIMITS|33.5928|-101.7646|FM0040|NOT REPORTED
3070,LUBBOCK,OUTSIDE CITY LIMITS,33.5929,-101.7320,FM0040,FM1729,4152.0,855.0,-3297.0,33.5929,-101.732,LUBBOCK|OUTSIDE CITY LIMITS|33.5929|-101.7320|FM0040|FM1729
3071,LUBBOCK,OUTSIDE CITY LIMITS,33.5929,-101.7418,,FM0040,4152.0,623.0,-3529.0,33.5929,-101.7418,LUBBOCK|OUTSIDE CITY LIMITS|33.5929|-101.7418||FM0040
3072,LUBBOCK,OUTSIDE CITY LIMITS,33.5929,-101.7490,CR2900,FM0040,4152.0,784.0,-3368.0,33.5929,-101.749,LUBBOCK|OUTSIDE CITY LIMITS|33.5929|-101.7490|CR2900|FM0040
3073,LUBBOCK,OUTSIDE CITY LIMITS,33.5930,-101.6564,FM0040,FM0400,4152.0,586.0,-3566.0,33.593,-101.6564,LUBBOCK|OUTSIDE CITY LIMITS|33.5930|-101.6564|FM0040|FM0400
3074,LUBBOCK,OUTSIDE CITY LIMITS,33.5930,-101.6565,FM0040,FM0400,390.5,2483.0,2092.5,33.593,-101.6565,LUBBOCK|OUTSIDE CITY LIMITS|33.5930|-101.6565|FM0040|FM0400
3075,LUBBOCK,OUTSIDE CITY LIMITS,33.5931,-101.7118,,FM0040,4152.0,961.0,-3191.0,33.5931,-101.7118,LUBBOCK|OUTSIDE CITY LIMITS|33.5931|-101.7118||FM0040
3076,LUBBOCK,OUTSIDE CITY LIMITS,33.5933,-101.6448,FM0040,NOT REPORTED,4152.0,2713.0,-1439.0,33.5933,-101.6448,LUBBOCK|OUTSIDE CITY LIMITS|33.5933|-101.6448|FM0040|NOT REPORTED
3077,LUBBOCK,OUTSIDE CITY LIMITS,33.5933,-101.6747,,FM0040,390.5,1190.0,799.5,33.5933,-101.6747,LUBBOCK|OUTSIDE CITY LIMITS|33.5933|-101.6747||FM0040
3078,LUBBOCK,OUTSIDE CITY LIMITS,33.5934,-101.6445,,FM0040,1312.0,772.0,-540.0,33.5934,-101.6445,LUBBOCK|OUTSIDE CITY LIMITS|33.5934|-101.6445||FM0040
3079,LUBBOCK,OUTSIDE CITY LIMITS,33.5937,-102.0265,,RESEARCH BOULEVARD,1312.0,1863.0,551.0,33.5937,-102.0265,LUBBOCK|OUTSIDE CITY LIMITS|33.5937|-102.0265||RESEARCH BOULEVARD
3080,LUBBOCK,OUTSIDE CITY LIMITS,33.5947,-101.6420,,FM0040,4152.0,1108.0,-3044.0,33.5947,-101.642,LUBBOCK|OUTSIDE CITY LIMITS|33.5947|-101.6420||FM0040
3081,LUBBOCK,OUTSIDE CITY LIMITS,33.5950,-101.5719,,FM0040,4152.0,1533.0,-2619.0,33.595,-101.5719,LUBBOCK|OUTSIDE CITY LIMITS|33.5950|-101.5719||FM0040
3082,LUBBOCK,OUTSIDE CITY LIMITS,33.5968,-102.0265,,RESEARCH BOULEVARD,4152.0,4798.0,646.0,33.5968,-102.0265,LUBBOCK|OUTSIDE CITY LIMITS|33.5968|-102.0265||RESEARCH BOULEVARD
3083,LUBBOCK,OUTSIDE CITY LIMITS,33.5988,-101.9919,,ALCOVE AVENUE,1312.0,5430.0,4118.0,33.5988,-101.9919,LUBBOCK|OUTSIDE CITY LIMITS|33.5988|-101.9919||ALCOVE AVENUE
3084,LUBBOCK,OUTSIDE CITY LIMITS,33.5992,-102.0092,,FM0179,4152.0,4061.0,-91.0,33.5992,-102.0092,LUBBOCK|OUTSIDE CITY LIMITS|33.5992|-102.0092||FM0179
3085,LUBBOCK,OUTSIDE CITY LIMITS,33.6031,-102.0092,FM0179,FM2255,390.5,4104.0,3713.5,33.6031,-102.0092,LUBBOCK|OUTSIDE CITY LIMITS|33.6031|-102.0092|FM0179|FM2255
3086,LUBBOCK,OUTSIDE CITY LIMITS,33.6031,-102.0183,,CR6520,390.5,4100.0,3709.5,33.6031,-102.0183,LUBBOCK|OUTSIDE CITY LIMITS|33.6031|-102.0183||CR6520
3087,LUBBOCK,OUTSIDE CITY LIMITS,33.6042,-101.6602,,FM0400,4152.0,3346.0,-806.0,33.6042,-101.6602,LUBBOCK|OUTSIDE CITY LIMITS|33.6042|-101.6602||FM0400
3088,LUBBOCK,OUTSIDE CITY LIMITS,33.6064,-101.7144,,CR3100,4152.0,1377.0,-2775.0,33.6064,-101.7144,LUBBOCK|OUTSIDE CITY LIMITS|33.6064|-101.7144||CR3100
3089,LUBBOCK,OUTSIDE CITY LIMITS,33.6067,-102.0092,FM0179,FM2255,1312.0,747.0,-565.0,33.6067,-102.0092,LUBBOCK|OUTSIDE CITY LIMITS|33.6067|-102.0092|FM0179|FM2255
3090,LUBBOCK,OUTSIDE CITY LIMITS,33.6068,-101.9649,,CR6500,4152.0,3470.0,-682.0,33.6068,-101.9649,LUBBOCK|OUTSIDE CITY LIMITS|33.6068|-101.9649||CR6500
3091,LUBBOCK,OUTSIDE CITY LIMITS,33.6068,-101.9682,,CR6500,4152.0,2437.0,-1715.0,33.6068,-101.9682,LUBBOCK|OUTSIDE CITY LIMITS|33.6068|-101.9682||CR6500
3092,LUBBOCK,OUTSIDE CITY LIMITS,33.6068,-101.9976,,CR6500,4152.0,5424.0,1272.0,33.6068,-101.9976,LUBBOCK|OUTSIDE CITY LIMITS|33.6068|-101.9976||CR6500
3093,LUBBOCK,OUTSIDE CITY LIMITS,33.6069,-101.9919,ERSKINE STREET,N COUNTY ROAD 1500,4152.0,4973.0,821.0,33.6069,-101.9919,LUBBOCK|OUTSIDE CITY LIMITS|33.6069|-101.9919|ERSKINE STREET|N COUNTY ROAD 1500
3094,LUBBOCK,OUTSIDE CITY LIMITS,33.6073,-101.7381,,E COUNTY ROAD 6500,4152.0,1932.0,-2220.0,33.6073,-101.7381,LUBBOCK|OUTSIDE CITY LIMITS|33.6073|-101.7381||E COUNTY ROAD 6500
3095,LUBBOCK,OUTSIDE CITY LIMITS,33.6073,-101.7402,,E COUNTY ROAD 6500,4152.0,1340.0,-2812.0,33.6073,-101.7402,LUBBOCK|OUTSIDE CITY LIMITS|33.6073|-101.7402||E COUNTY ROAD 6500
3096,LUBBOCK,OUTSIDE CITY LIMITS,33.6073,-101.7423,E COUNTY ROAD 6500,N CR 2930,4152.0,4231.0,79.0,33.6073,-101.7423,LUBBOCK|OUTSIDE CITY LIMITS|33.6073|-101.7423|E COUNTY ROAD 6500|N CR 2930
3097,LUBBOCK,OUTSIDE CITY LIMITS,33.6074,-101.9919,ERSKINE STREET,N ALCOVE AVENUE,4152.0,4131.0,-21.0,33.6074,-101.9919,LUBBOCK|OUTSIDE CITY LIMITS|33.6074|-101.9919|ERSKINE STREET|N ALCOVE AVENUE
3098,LUBBOCK,OUTSIDE CITY LIMITS,33.6112,-101.6624,,FM0400,1312.0,1649.0,337.0,33.6112,-101.6624,LUBBOCK|OUTSIDE CITY LIMITS|33.6112|-101.6624||FM0400
3099,LUBBOCK,OUTSIDE CITY LIMITS,33.6150,-102.0093,FM0179,FM2255,1312.0,4114.0,2802.0,33.615,-102.0093,LUBBOCK|OUTSIDE CITY LIMITS|33.6150|-102.0093|FM0179|FM2255
3100,LUBBOCK,OUTSIDE CITY LIMITS,33.6154,-102.0093,FM0179,FM2255,4152.0,1773.0,-2379.0,33.6154,-102.0093,LUBBOCK|OUTSIDE CITY LIMITS|33.6154|-102.0093|FM0179|FM2255
3101,LUBBOCK,OUTSIDE CITY LIMITS,33.6165,-102.0093,,FM0179,4152.0,2282.0,-1870.0,33.6165,-102.0093,LUBBOCK|OUTSIDE CITY LIMITS|33.6165|-102.0093||FM0179
3102,LUBBOCK,OUTSIDE CITY LIMITS,33.6200,-101.6624,,FM0400,4152.0,829.0,-3323.0,33.62,-101.6624,LUBBOCK|OUTSIDE CITY LIMITS|33.6200|-101.6624||FM0400
3103,LUBBOCK,OUTSIDE CITY LIMITS,33.6211,-101.7660,SL0289,US0062,4152.0,2909.0,-1243.0,33.6211,-101.766,LUBBOCK|OUTSIDE CITY LIMITS|33.6211|-101.7660|SL0289|US0062
3104,LUBBOCK,OUTSIDE CITY LIMITS,33.6213,-101.7144,COUNTY ROAD 3100,CR3100,4152.0,4754.0,602.0,33.6213,-101.7144,LUBBOCK|OUTSIDE CITY LIMITS|33.6213|-101.7144|COUNTY ROAD 3100|CR3100
3105,LUBBOCK,OUTSIDE CITY LIMITS,33.6213,-102.0646,,URSILINE STREET,1312.0,5021.0,3709.0,33.6213,-102.0646,LUBBOCK|OUTSIDE CITY LIMITS|33.6213|-102.0646||URSILINE STREET
3106,LUBBOCK,OUTSIDE CITY LIMITS,33.6214,-101.7144,CR3100,E COUNTY ROAD 6400,4152.0,3487.0,-665.0,33.6214,-101.7144,LUBBOCK|OUTSIDE CITY LIMITS|33.6214|-101.7144|CR3100|E COUNTY ROAD 6400
3107,LUBBOCK,OUTSIDE CITY LIMITS,33.6218,-101.7481,,E COUNTY ROAD 6400,4152.0,2113.0,-2039.0,33.6218,-101.7481,LUBBOCK|OUTSIDE CITY LIMITS|33.6218|-101.7481||E COUNTY ROAD 6400
3108,LUBBOCK,OUTSIDE CITY LIMITS,33.6219,-101.7144,CR3100,E URSULINE STREET,4152.0,4939.0,787.0,33.6219,-101.7144,LUBBOCK|OUTSIDE CITY LIMITS|33.6219|-101.7144|CR3100|E URSULINE STREET
3109,LUBBOCK,OUTSIDE CITY LIMITS,33.6227,-101.9398,,FM2528,4152.0,2584.0,-1568.0,33.6227,-101.9398,LUBBOCK|OUTSIDE CITY LIMITS|33.6227|-101.9398||FM2528
3110,LUBBOCK,OUTSIDE CITY LIMITS,33.6227,-102.0791,,FM2378,1312.0,1020.0,-292.0,33.6227,-102.0791,LUBBOCK|OUTSIDE CITY LIMITS|33.6227|-102.0791||FM2378
3111,LUBBOCK,OUTSIDE CITY LIMITS,33.6230,-101.9571,,N COUNTY ROAD 1700,4152.0,4220.0,68.0,33.623,-101.9571,LUBBOCK|OUTSIDE CITY LIMITS|33.6230|-101.9571||N COUNTY ROAD 1700
3112,LUBBOCK,OUTSIDE CITY LIMITS,33.6254,-101.7609,,US 82,1312.0,1902.0,590.0,33.6254,-101.7609,LUBBOCK|OUTSIDE CITY LIMITS|33.6254|-101.7609||US 82
3113,LUBBOCK,OUTSIDE CITY LIMITS,33.6257,-101.7603,NOT REPORTED,US0062,1312.0,3140.0,1828.0,33.6257,-101.7603,LUBBOCK|OUTSIDE CITY LIMITS|33.6257|-101.7603|NOT REPORTED|US0062
3114,LUBBOCK,OUTSIDE CITY LIMITS,33.6258,-101.7603,NOT REPORTED,US0062,4152.0,4291.0,139.0,33.6258,-101.7603,LUBBOCK|OUTSIDE CITY LIMITS|33.6258|-101.7603|NOT REPORTED|US0062
3115,LUBBOCK,OUTSIDE CITY LIMITS,33.6273,-101.7584,,US0062,1312.0,3290.0,1978.0,33.6273,-101.7584,LUBBOCK|OUTSIDE CITY LIMITS|33.6273|-101.7584||US0062
3116,LUBBOCK,OUTSIDE CITY LIMITS,33.6281,-101.9127,SL0289,US0084,1312.0,3836.0,2524.0,33.6281,-101.9127,LUBBOCK|OUTSIDE CITY LIMITS|33.6281|-101.9127|SL0289|US0084
3117,LUBBOCK,OUTSIDE CITY LIMITS,33.6281,-102.0791,FM2378,NOT REPORTED,1312.0,526.0,-786.0,33.6281,-102.0791,LUBBOCK|OUTSIDE CITY LIMITS|33.6281|-102.0791|FM2378|NOT REPORTED
3118,LUBBOCK,OUTSIDE CITY LIMITS,33.6292,-101.9571,,N COUNTY ROAD 1700,4152.0,4066.0,-86.0,33.6292,-101.9571,LUBBOCK|OUTSIDE CITY LIMITS|33.6292|-101.9571||N COUNTY ROAD 1700
3119,LUBBOCK,OUTSIDE CITY LIMITS,33.6294,-101.9152,NOT REPORTED,US0084,1312.0,5345.0,4033.0,33.6294,-101.9152,LUBBOCK|OUTSIDE CITY LIMITS|33.6294|-101.9152|NOT REPORTED|US0084
3120,LUBBOCK,OUTSIDE CITY LIMITS,33.6321,-101.7715,,E MUNICIPAL DRIVE,1312.0,3111.0,1799.0,33.6321,-101.7715,LUBBOCK|OUTSIDE CITY LIMITS|33.6321|-101.7715||E MUNICIPAL DRIVE
3121,LUBBOCK,OUTSIDE CITY LIMITS,33.6323,-101.9210,,US0084,4152.0,1707.0,-2445.0,33.6323,-101.921,LUBBOCK|OUTSIDE CITY LIMITS|33.6323|-101.9210||US0084
3122,LUBBOCK,OUTSIDE CITY LIMITS,33.6325,-101.9571,,N COUNTY ROAD 1700,4152.0,1652.0,-2500.0,33.6325,-101.9571,LUBBOCK|OUTSIDE CITY LIMITS|33.6325|-101.9571||N COUNTY ROAD 1700
3123,LUBBOCK,OUTSIDE CITY LIMITS,33.6340,-101.7501,,US0062,4152.0,4150.0,-2.0,33.634,-101.7501,LUBBOCK|OUTSIDE CITY LIMITS|33.6340|-101.7501||US0062
3124,LUBBOCK,OUTSIDE CITY LIMITS,33.6343,-101.9242,,N SLIDE ROAD,4152.0,2899.0,-1253.0,33.6343,-101.9242,LUBBOCK|OUTSIDE CITY LIMITS|33.6343|-101.9242||N SLIDE ROAD
3125,LUBBOCK,OUTSIDE CITY LIMITS,33.6344,-101.7496,,US0062,4152.0,3875.0,-277.0,33.6344,-101.7496,LUBBOCK|OUTSIDE CITY LIMITS|33.6344|-101.7496||US0062
3126,LUBBOCK,OUTSIDE CITY LIMITS,33.6346,-101.7494,FM1729,US0062,4152.0,5197.0,1045.0,33.6346,-101.7494,LUBBOCK|OUTSIDE CITY LIMITS|33.6346|-101.7494|FM1729|US0062
3127,LUBBOCK,OUTSIDE CITY LIMITS,33.6346,-101.7494,,US0062,4152.0,2180.0,-1972.0,33.6346,-101.7494,LUBBOCK|OUTSIDE CITY LIMITS|33.6346|-101.7494||US0062
3128,LUBBOCK,OUTSIDE CITY LIMITS,33.6356,-101.9572,KENT STREET,N COUNTY ROAD 1700,1312.0,2197.0,885.0,33.6356,-101.9572,LUBBOCK|OUTSIDE CITY LIMITS|33.6356|-101.9572|KENT STREET|N COUNTY ROAD 1700
3129,LUBBOCK,OUTSIDE CITY LIMITS,33.6358,-101.6716,,E COUNTY ROAD 6300,4152.0,4625.0,473.0,33.6358,-101.6716,LUBBOCK|OUTSIDE CITY LIMITS|33.6358|-101.6716||E COUNTY ROAD 6300
3130,LUBBOCK,OUTSIDE CITY LIMITS,33.6358,-101.9493,,CR6300,4152.0,5275.0,1123.0,33.6358,-101.9493,LUBBOCK|OUTSIDE CITY LIMITS|33.6358|-101.9493||CR6300
3131,LUBBOCK,OUTSIDE CITY LIMITS,33.6358,-101.9572,KENT STREET,N COUNTY ROAD 1700,1312.0,3449.0,2137.0,33.6358,-101.9572,LUBBOCK|OUTSIDE CITY LIMITS|33.6358|-101.9572|KENT STREET|N COUNTY ROAD 1700
3132,LUBBOCK,OUTSIDE CITY LIMITS,33.6361,-101.9288,FM2528,US0084,4152.0,3411.0,-741.0,33.6361,-101.9288,LUBBOCK|OUTSIDE CITY LIMITS|33.6361|-101.9288|FM2528|US0084
3133,LUBBOCK,OUTSIDE CITY LIMITS,33.6361,-101.9399,FM2528,US0084,4152.0,3905.0,-247.0,33.6361,-101.9399,LUBBOCK|OUTSIDE CITY LIMITS|33.6361|-101.9399|FM2528|US0084
3134,LUBBOCK,OUTSIDE CITY LIMITS,33.6362,-101.9290,NOT REPORTED,US0084,4152.0,5228.0,1076.0,33.6362,-101.929,LUBBOCK|OUTSIDE CITY LIMITS|33.6362|-101.9290|NOT REPORTED|US0084
3135,LUBBOCK,OUTSIDE CITY LIMITS,33.6362,-101.9572,KENT STREET,N COUNTY ROAD 1700,1312.0,5323.0,4011.0,33.6362,-101.9572,LUBBOCK|OUTSIDE CITY LIMITS|33.6362|-101.9572|KENT STREET|N COUNTY ROAD 1700
3136,LUBBOCK,OUTSIDE CITY LIMITS,33.6364,-101.7699,FM2641,NOT REPORTED,1312.0,873.0,-439.0,33.6364,-101.7699,LUBBOCK|OUTSIDE CITY LIMITS|33.6364|-101.7699|FM2641|NOT REPORTED
3137,LUBBOCK,OUTSIDE CITY LIMITS,33.6369,-101.9399,FM2528,NOT REPORTED,4152.0,3284.0,-868.0,33.6369,-101.9399,LUBBOCK|OUTSIDE CITY LIMITS|33.6369|-101.9399|FM2528|NOT REPORTED
3138,LUBBOCK,OUTSIDE CITY LIMITS,33.6395,-101.9336,,US0084,4152.0,4494.0,342.0,33.6395,-101.9336,LUBBOCK|OUTSIDE CITY LIMITS|33.6395|-101.9336||US0084
3139,LUBBOCK,OUTSIDE CITY LIMITS,33.6412,-101.9572,,N COUNTY ROAD 1700,4152.0,1692.0,-2460.0,33.6412,-101.9572,LUBBOCK|OUTSIDE CITY LIMITS|33.6412|-101.9572||N COUNTY ROAD 1700
3140,LUBBOCK,OUTSIDE CITY LIMITS,33.6426,-101.9572,,N COUNTY ROAD 1700,390.5,4819.0,4428.5,33.6426,-101.9572,LUBBOCK|OUTSIDE CITY LIMITS|33.6426|-101.9572||N COUNTY ROAD 1700
3141,LUBBOCK,OUTSIDE CITY LIMITS,33.6429,-101.9572,,N COUNTY ROAD 1700,2031.5,323.0,-1708.5,33.6429,-101.9572,LUBBOCK|OUTSIDE CITY LIMITS|33.6429|-101.9572||N COUNTY ROAD 1700
3142,LUBBOCK,OUTSIDE CITY LIMITS,33.6430,-101.9382,,US0084,4152.0,4748.0,596.0,33.643,-101.9382,LUBBOCK|OUTSIDE CITY LIMITS|33.6430|-101.9382||US0084
3143,LUBBOCK,OUTSIDE CITY LIMITS,33.6431,-101.9572,,N COUNTY ROAD 1700,2031.5,469.0,-1562.5,33.6431,-101.9572,LUBBOCK|OUTSIDE CITY LIMITS|33.6431|-101.9572||N COUNTY ROAD 1700
3144,LUBBOCK,OUTSIDE CITY LIMITS,33.6441,-101.9396,FM2528,US0084,135.5,464.0,328.5,33.6441,-101.9396,LUBBOCK|OUTSIDE CITY LIMITS|33.6441|-101.9396|FM2528|US0084
3145,LUBBOCK,OUTSIDE CITY LIMITS,33.6450,-101.7368,,US0062,4152.0,5563.0,1411.0,33.645,-101.7368,LUBBOCK|OUTSIDE CITY LIMITS|33.6450|-101.7368||US0062
3146,LUBBOCK,OUTSIDE CITY LIMITS,33.6451,-101.7366,,US0062,390.5,5370.0,4979.5,33.6451,-101.7366,LUBBOCK|OUTSIDE CITY LIMITS|33.6451|-101.7366||US0062
3147,LUBBOCK,OUTSIDE CITY LIMITS,33.6455,-101.7361,,US0062,4152.0,5521.0,1369.0,33.6455,-101.7361,LUBBOCK|OUTSIDE CITY LIMITS|33.6455|-101.7361||US0062
3148,LUBBOCK,OUTSIDE CITY LIMITS,33.6459,-101.7356,,US0062,4152.0,5153.0,1001.0,33.6459,-101.7356,LUBBOCK|OUTSIDE CITY LIMITS|33.6459|-101.7356||US0062
3149,LUBBOCK,OUTSIDE CITY LIMITS,33.6460,-101.7354,,US0062,4152.0,5116.0,964.0,33.646,-101.7354,LUBBOCK|OUTSIDE CITY LIMITS|33.6460|-101.7354||US0062
3150,LUBBOCK,OUTSIDE CITY LIMITS,33.6461,-101.7352,NOT REPORTED,US0062,1312.0,3306.0,1994.0,33.6461,-101.7352,LUBBOCK|OUTSIDE CITY LIMITS|33.6461|-101.7352|NOT REPORTED|US0062
3151,LUBBOCK,OUTSIDE CITY LIMITS,33.6474,-101.7328,FM1729,US0062,1312.0,5460.0,4148.0,33.6474,-101.7328,LUBBOCK|OUTSIDE CITY LIMITS|33.6474|-101.7328|FM1729|US0062
3152,LUBBOCK,OUTSIDE CITY LIMITS,33.6476,-101.7322,FM1729,US0062,390.5,5532.0,5141.5,33.6476,-101.7322,LUBBOCK|OUTSIDE CITY LIMITS|33.6476|-101.7322|FM1729|US0062
3153,LUBBOCK,OUTSIDE CITY LIMITS,33.6476,-101.7322,,US0062,390.5,2292.0,1901.5,33.6476,-101.7322,LUBBOCK|OUTSIDE CITY LIMITS|33.6476|-101.7322||US0062
3154,LUBBOCK,OUTSIDE CITY LIMITS,33.6479,-101.6640,,FM0400,4152.0,802.0,-3350.0,33.6479,-101.664,LUBBOCK|OUTSIDE CITY LIMITS|33.6479|-101.6640||FM0400
3155,LUBBOCK,OUTSIDE CITY LIMITS,33.6479,-101.7668,,N COUNTY ROAD 2800,390.5,1547.0,1156.5,33.6479,-101.7668,LUBBOCK|OUTSIDE CITY LIMITS|33.6479|-101.7668||N COUNTY ROAD 2800
3156,LUBBOCK,OUTSIDE CITY LIMITS,33.6483,-101.9453,NOT REPORTED,US0084,4152.0,5582.0,1430.0,33.6483,-101.9453,LUBBOCK|OUTSIDE CITY LIMITS|33.6483|-101.9453|NOT REPORTED|US0084
3157,LUBBOCK,OUTSIDE CITY LIMITS,33.6498,-102.0095,FM0179,FM2641,1312.0,3476.0,2164.0,33.6498,-102.0095,LUBBOCK|OUTSIDE CITY LIMITS|33.6498|-102.0095|FM0179|FM2641
3158,LUBBOCK,OUTSIDE CITY LIMITS,33.6502,-101.9480,FM2641,US0084,4152.0,4158.0,6.0,33.6502,-101.948,LUBBOCK|OUTSIDE CITY LIMITS|33.6502|-101.9480|FM2641|US0084
3159,LUBBOCK,OUTSIDE CITY LIMITS,33.6502,-102.0095,FM0179,FM2641,135.5,255.0,119.5,33.6502,-102.0095,LUBBOCK|OUTSIDE CITY LIMITS|33.6502|-102.0095|FM0179|FM2641
3160,LUBBOCK,OUTSIDE CITY LIMITS,33.6503,-101.9480,FM2641,US0084,1312.0,3324.0,2012.0,33.6503,-101.948,LUBBOCK|OUTSIDE CITY LIMITS|33.6503|-101.9480|FM2641|US0084
3161,LUBBOCK,OUTSIDE CITY LIMITS,33.6503,-101.9481,FM2641,US0084,99.0,191.0,92.0,33.6503,-101.9481,LUBBOCK|OUTSIDE CITY LIMITS|33.6503|-101.9481|FM2641|US0084
3162,LUBBOCK,OUTSIDE CITY LIMITS,33.6503,-101.9494,FM2641,NOT REPORTED,390.5,897.0,506.5,33.6503,-101.9494,LUBBOCK|OUTSIDE CITY LIMITS|33.6503|-101.9494|FM2641|NOT REPORTED
3163,LUBBOCK,OUTSIDE CITY LIMITS,33.6503,-101.9921,CR1500,FM2641,1312.0,2809.0,1497.0,33.6503,-101.9921,LUBBOCK|OUTSIDE CITY LIMITS|33.6503|-101.9921|CR1500|FM2641
3164,LUBBOCK,OUTSIDE CITY LIMITS,33.6503,-101.9921,,FM2641,1312.0,2136.0,824.0,33.6503,-101.9921,LUBBOCK|OUTSIDE CITY LIMITS|33.6503|-101.9921||FM2641
3165,LUBBOCK,OUTSIDE CITY LIMITS,33.6504,-101.9051,CR2000,FM2641,4152.0,583.0,-3569.0,33.6504,-101.9051,LUBBOCK|OUTSIDE CITY LIMITS|33.6504|-101.9051|CR2000|FM2641
3166,LUBBOCK,OUTSIDE CITY LIMITS,33.6504,-101.9051,FM1264,FM2641,390.5,1460.0,1069.5,33.6504,-101.9051,LUBBOCK|OUTSIDE CITY LIMITS|33.6504|-101.9051|FM1264|FM2641
3167,LUBBOCK,OUTSIDE CITY LIMITS,33.6504,-101.9055,FM2528,FM2641,4152.0,1678.0,-2474.0,33.6504,-101.9055,LUBBOCK|OUTSIDE CITY LIMITS|33.6504|-101.9055|FM2528|FM2641
3168,LUBBOCK,OUTSIDE CITY LIMITS,33.6504,-101.9228,,FM2641,4152.0,1873.0,-2279.0,33.6504,-101.9228,LUBBOCK|OUTSIDE CITY LIMITS|33.6504|-101.9228||FM2641
3169,LUBBOCK,OUTSIDE CITY LIMITS,33.6504,-101.9515,FM2641,NOT REPORTED,4152.0,909.0,-3243.0,33.6504,-101.9515,LUBBOCK|OUTSIDE CITY LIMITS|33.6504|-101.9515|FM2641|NOT REPORTED
3170,LUBBOCK,OUTSIDE CITY LIMITS,33.6504,-101.9572,FM2641,US0084,75.0,229.0,154.0,33.6504,-101.9572,LUBBOCK|OUTSIDE CITY LIMITS|33.6504|-101.9572|FM2641|US0084
3171,LUBBOCK,OUTSIDE CITY LIMITS,33.6505,-101.8635,,FM2641,390.5,2171.0,1780.5,33.6505,-101.8635,LUBBOCK|OUTSIDE CITY LIMITS|33.6505|-101.8635||FM2641
3172,LUBBOCK,OUTSIDE CITY LIMITS,33.6505,-101.8708,FM1264,FM2641,390.5,712.0,321.5,33.6505,-101.8708,LUBBOCK|OUTSIDE CITY LIMITS|33.6505|-101.8708|FM1264|FM2641
3173,LUBBOCK,OUTSIDE CITY LIMITS,33.6505,-101.8714,FM1264,FM2641,4152.0,595.0,-3557.0,33.6505,-101.8714,LUBBOCK|OUTSIDE CITY LIMITS|33.6505|-101.8714|FM1264|FM2641
3174,LUBBOCK,OUTSIDE CITY LIMITS,33.6506,-101.8363,,IH0027,4152.0,5789.0,1637.0,33.6506,-101.8363,LUBBOCK|OUTSIDE CITY LIMITS|33.6506|-101.8363||IH0027
3175,LUBBOCK,OUTSIDE CITY LIMITS,33.6511,-102.0095,,FM0179,4152.0,1013.0,-3139.0,33.6511,-102.0095,LUBBOCK|OUTSIDE CITY LIMITS|33.6511|-102.0095||FM0179
3176,LUBBOCK,OUTSIDE CITY LIMITS,33.6512,-102.0095,FM0179,FM2641,4152.0,1305.0,-2847.0,33.6512,-102.0095,LUBBOCK|OUTSIDE CITY LIMITS|33.6512|-102.0095|FM0179|FM2641
3177,LUBBOCK,OUTSIDE CITY LIMITS,33.6516,-101.8365,IH0027,NOT REPORTED,390.5,5710.0,5319.5,33.6516,-101.8365,LUBBOCK|OUTSIDE CITY LIMITS|33.6516|-101.8365|IH0027|NOT REPORTED
3178,LUBBOCK,OUTSIDE CITY LIMITS,33.6520,-101.9572,,N COUNTY ROAD 1700,4152.0,3427.0,-725.0,33.652,-101.9572,LUBBOCK|OUTSIDE CITY LIMITS|33.6520|-101.9572||N COUNTY ROAD 1700
3179,LUBBOCK,OUTSIDE CITY LIMITS,33.6545,-101.7148,,US0062,4152.0,5587.0,1435.0,33.6545,-101.7148,LUBBOCK|OUTSIDE CITY LIMITS|33.6545|-101.7148||US0062
3180,LUBBOCK,OUTSIDE CITY LIMITS,33.6545,-101.7149,FM1729,US0062,4152.0,5515.0,1363.0,33.6545,-101.7149,LUBBOCK|OUTSIDE CITY LIMITS|33.6545|-101.7149|FM1729|US0062
3181,LUBBOCK,OUTSIDE CITY LIMITS,33.6546,-101.7146,FM1729,US0062,1312.0,5113.0,3801.0,33.6546,-101.7146,LUBBOCK|OUTSIDE CITY LIMITS|33.6546|-101.7146|FM1729|US0062
3182,LUBBOCK,OUTSIDE CITY LIMITS,33.6558,-101.8709,,FM1264,4152.0,911.0,-3241.0,33.6558,-101.8709,LUBBOCK|OUTSIDE CITY LIMITS|33.6558|-101.8709||FM1264
3183,LUBBOCK,OUTSIDE CITY LIMITS,33.6562,-101.7107,NOT REPORTED,US0062,1312.0,4211.0,2899.0,33.6562,-101.7107,LUBBOCK|OUTSIDE CITY LIMITS|33.6562|-101.7107|NOT REPORTED|US0062
3184,LUBBOCK,OUTSIDE CITY LIMITS,33.6564,-101.8346,,N CEDAR AVENUE,4152.0,2757.0,-1395.0,33.6564,-101.8346,LUBBOCK|OUTSIDE CITY LIMITS|33.6564|-101.8346||N CEDAR AVENUE
3185,LUBBOCK,OUTSIDE CITY LIMITS,33.6566,-101.7095,NOT REPORTED,US0062,4152.0,5577.0,1425.0,33.6566,-101.7095,LUBBOCK|OUTSIDE CITY LIMITS|33.6566|-101.7095|NOT REPORTED|US0062
3186,LUBBOCK,OUTSIDE CITY LIMITS,33.6567,-101.7094,NOT REPORTED,US0062,1312.0,5477.0,4165.0,33.6567,-101.7094,LUBBOCK|OUTSIDE CITY LIMITS|33.6567|-101.7094|NOT REPORTED|US0062
3187,LUBBOCK,OUTSIDE CITY LIMITS,33.6567,-101.9569,FM2641,US0084,4152.0,5642.0,1490.0,33.6567,-101.9569,LUBBOCK|OUTSIDE CITY LIMITS|33.6567|-101.9569|FM2641|US0084
3188,LUBBOCK,OUTSIDE CITY LIMITS,33.6572,-101.9575,FM2641,US0084,390.5,200.0,-190.5,33.6572,-101.9575,LUBBOCK|OUTSIDE CITY LIMITS|33.6572|-101.9575|FM2641|US0084
3189,LUBBOCK,OUTSIDE CITY LIMITS,33.6572,-101.9576,CR1700,US0084,4152.0,5328.0,1176.0,33.6572,-101.9576,LUBBOCK|OUTSIDE CITY LIMITS|33.6572|-101.9576|CR1700|US0084
3190,LUBBOCK,OUTSIDE CITY LIMITS,33.6574,-101.9578,FM2641,US0084,390.5,4928.0,4537.5,33.6574,-101.9578,LUBBOCK|OUTSIDE CITY LIMITS|33.6574|-101.9578|FM2641|US0084
3191,LUBBOCK,OUTSIDE CITY LIMITS,33.6577,-101.9399,FM2528,FM2641,4152.0,3434.0,-718.0,33.6577,-101.9399,LUBBOCK|OUTSIDE CITY LIMITS|33.6577|-101.9399|FM2528|FM2641
3192,LUBBOCK,OUTSIDE CITY LIMITS,33.6579,-101.9833,,N COUNTY ROAD 1540,4152.0,1911.0,-2241.0,33.6579,-101.9833,LUBBOCK|OUTSIDE CITY LIMITS|33.6579|-101.9833||N COUNTY ROAD 1540
3193,LUBBOCK,OUTSIDE CITY LIMITS,33.6580,-101.9587,,US0084,4152.0,5140.0,988.0,33.658,-101.9587,LUBBOCK|OUTSIDE CITY LIMITS|33.6580|-101.9587||US0084
3194,LUBBOCK,OUTSIDE CITY LIMITS,33.6581,-101.9588,,US0084,4152.0,5257.0,1105.0,33.6581,-101.9588,LUBBOCK|OUTSIDE CITY LIMITS|33.6581|-101.9588||US0084
3195,LUBBOCK,OUTSIDE CITY LIMITS,33.6607,-101.6993,NOT REPORTED,US0062,4152.0,5453.0,1301.0,33.6607,-101.6993,LUBBOCK|OUTSIDE CITY LIMITS|33.6607|-101.6993|NOT REPORTED|US0062
3196,LUBBOCK,OUTSIDE CITY LIMITS,33.6608,-101.9625,NOT REPORTED,US0084,390.5,3400.0,3009.5,33.6608,-101.9625,LUBBOCK|OUTSIDE CITY LIMITS|33.6608|-101.9625|NOT REPORTED|US0084
3197,LUBBOCK,OUTSIDE CITY LIMITS,33.6609,-101.6987,FM1729,US0062,4152.0,4121.0,-31.0,33.6609,-101.6987,LUBBOCK|OUTSIDE CITY LIMITS|33.6609|-101.6987|FM1729|US0062
3198,LUBBOCK,OUTSIDE CITY LIMITS,33.6609,-101.6988,FM1729,US0062,4152.0,4714.0,562.0,33.6609,-101.6988,LUBBOCK|OUTSIDE CITY LIMITS|33.6609|-101.6988|FM1729|US0062
3199,LUBBOCK,OUTSIDE CITY LIMITS,33.6610,-101.8366,IH0027,NOT REPORTED,4152.0,5713.0,1561.0,33.661,-101.8366,LUBBOCK|OUTSIDE CITY LIMITS|33.6610|-101.8366|IH0027|NOT REPORTED
3200,LUBBOCK,OUTSIDE CITY LIMITS,33.6611,-101.8709,FM1264,NOT REPORTED,1312.0,765.0,-547.0,33.6611,-101.8709,LUBBOCK|OUTSIDE CITY LIMITS|33.6611|-101.8709|FM1264|NOT REPORTED
3201,LUBBOCK,OUTSIDE CITY LIMITS,33.6626,-101.6944,,US0062,390.5,4673.0,4282.5,33.6626,-101.6944,LUBBOCK|OUTSIDE CITY LIMITS|33.6626|-101.6944||US0062
3202,LUBBOCK,OUTSIDE CITY LIMITS,33.6628,-101.6940,FM1729,US0062,4152.0,5144.0,992.0,33.6628,-101.694,LUBBOCK|OUTSIDE CITY LIMITS|33.6628|-101.6940|FM1729|US0062
3203,LUBBOCK,OUTSIDE CITY LIMITS,33.6629,-101.6939,FM1729,US0062,4152.0,2195.0,-1957.0,33.6629,-101.6939,LUBBOCK|OUTSIDE CITY LIMITS|33.6629|-101.6939|FM1729|US0062
3204,LUBBOCK,OUTSIDE CITY LIMITS,33.6630,-101.6934,FM1729,US0062,1312.0,3778.0,2466.0,33.663,-101.6934,LUBBOCK|OUTSIDE CITY LIMITS|33.6630|-101.6934|FM1729|US0062
3205,LUBBOCK,OUTSIDE CITY LIMITS,33.6645,-101.9051,N COUNTY ROAD 2000,N COUNTY ROAD 2000,1312.0,5133.0,3821.0,33.6645,-101.9051,LUBBOCK|OUTSIDE CITY LIMITS|33.6645|-101.9051|N COUNTY ROAD 2000|N COUNTY ROAD 2000
3206,LUBBOCK,OUTSIDE CITY LIMITS,33.6646,-101.9678,SL0388,US0084,4152.0,3425.0,-727.0,33.6646,-101.9678,LUBBOCK|OUTSIDE CITY LIMITS|33.6646|-101.9678|SL0388|US0084
3207,LUBBOCK,OUTSIDE CITY LIMITS,33.6647,-101.8365,,IH0027,4152.0,5765.0,1613.0,33.6647,-101.8365,LUBBOCK|OUTSIDE CITY LIMITS|33.6647|-101.8365||IH0027
3208,LUBBOCK,OUTSIDE CITY LIMITS,33.6648,-101.9233,,CR6100,4152.0,1800.0,-2352.0,33.6648,-101.9233,LUBBOCK|OUTSIDE CITY LIMITS|33.6648|-101.9233||CR6100
3209,LUBBOCK,OUTSIDE CITY LIMITS,33.6648,-101.9687,,CR6100,4152.0,4274.0,122.0,33.6648,-101.9687,LUBBOCK|OUTSIDE CITY LIMITS|33.6648|-101.9687||CR6100
3210,LUBBOCK,OUTSIDE CITY LIMITS,33.6651,-101.9921,COUNTY ROAD 6100,N COUNTY ROAD 1500,4152.0,4843.0,691.0,33.6651,-101.9921,LUBBOCK|OUTSIDE CITY LIMITS|33.6651|-101.9921|COUNTY ROAD 6100|N COUNTY ROAD 1500
3211,LUBBOCK,OUTSIDE CITY LIMITS,33.6652,-101.7149,FM1729,US0062,4152.0,1055.0,-3097.0,33.6652,-101.7149,LUBBOCK|OUTSIDE CITY LIMITS|33.6652|-101.7149|FM1729|US0062
3212,LUBBOCK,OUTSIDE CITY LIMITS,33.6653,-101.9687,SL0388,US0084,4152.0,4346.0,194.0,33.6653,-101.9687,LUBBOCK|OUTSIDE CITY LIMITS|33.6653|-101.9687|SL0388|US0084
3213,LUBBOCK,OUTSIDE CITY LIMITS,33.6657,-101.9694,,US0084,4152.0,5711.0,1559.0,33.6657,-101.9694,LUBBOCK|OUTSIDE CITY LIMITS|33.6657|-101.9694||US0084
3214,LUBBOCK,OUTSIDE CITY LIMITS,33.6660,-101.9400,FM2528,FM2641,4152.0,3269.0,-883.0,33.666,-101.94,LUBBOCK|OUTSIDE CITY LIMITS|33.6660|-101.9400|FM2528|FM2641
3215,LUBBOCK,OUTSIDE CITY LIMITS,33.6667,-101.6736,NOT REPORTED,US0062,1312.0,2024.0,712.0,33.6667,-101.6736,LUBBOCK|OUTSIDE CITY LIMITS|33.6667|-101.6736|NOT REPORTED|US0062
3216,LUBBOCK,OUTSIDE CITY LIMITS,33.6668,-101.6726,,US0062,1312.0,2938.0,1626.0,33.6668,-101.6726,LUBBOCK|OUTSIDE CITY LIMITS|33.6668|-101.6726||US0062
3217,LUBBOCK,OUTSIDE CITY LIMITS,33.6671,-101.6238,,US0062,4152.0,2173.0,-1979.0,33.6671,-101.6238,LUBBOCK|OUTSIDE CITY LIMITS|33.6671|-101.6238||US0062
3218,LUBBOCK,OUTSIDE CITY LIMITS,33.6671,-101.6244,NOT REPORTED,US0062,4152.0,4149.0,-3.0,33.6671,-101.6244,LUBBOCK|OUTSIDE CITY LIMITS|33.6671|-101.6244|NOT REPORTED|US0062
3219,LUBBOCK,OUTSIDE CITY LIMITS,33.6671,-101.6655,FM0400,US0062,390.5,141.0,-249.5,33.6671,-101.6655,LUBBOCK|OUTSIDE CITY LIMITS|33.6671|-101.6655|FM0400|US0062
3220,LUBBOCK,OUTSIDE CITY LIMITS,33.6671,-101.6658,FM0400,US0062,1312.0,3505.0,2193.0,33.6671,-101.6658,LUBBOCK|OUTSIDE CITY LIMITS|33.6671|-101.6658|FM0400|US0062
3221,LUBBOCK,OUTSIDE CITY LIMITS,33.6671,-101.6664,,US0062,4152.0,4337.0,185.0,33.6671,-101.6664,LUBBOCK|OUTSIDE CITY LIMITS|33.6671|-101.6664||US0062
3222,LUBBOCK,OUTSIDE CITY LIMITS,33.6671,-101.6699,,US0062,4152.0,2389.0,-1763.0,33.6671,-101.6699,LUBBOCK|OUTSIDE CITY LIMITS|33.6671|-101.6699||US0062
3223,LUBBOCK,OUTSIDE CITY LIMITS,33.6672,-101.5638,NOT REPORTED,US0062,4152.0,1197.0,-2955.0,33.6672,-101.5638,LUBBOCK|OUTSIDE CITY LIMITS|33.6672|-101.5638|NOT REPORTED|US0062
3224,LUBBOCK,OUTSIDE CITY LIMITS,33.6672,-101.5800,,US0062,390.5,3571.0,3180.5,33.6672,-101.58,LUBBOCK|OUTSIDE CITY LIMITS|33.6672|-101.5800||US0062
3225,LUBBOCK,OUTSIDE CITY LIMITS,33.6672,-101.5892,,US0062,4152.0,3057.0,-1095.0,33.6672,-101.5892,LUBBOCK|OUTSIDE CITY LIMITS|33.6672|-101.5892||US0062
3226,LUBBOCK,OUTSIDE CITY LIMITS,33.6672,-101.5961,FM0789,US0062,2031.5,322.0,-1709.5,33.6672,-101.5961,LUBBOCK|OUTSIDE CITY LIMITS|33.6672|-101.5961|FM0789|US0062
3227,LUBBOCK,OUTSIDE CITY LIMITS,33.6672,-101.6304,,US0062,4152.0,1629.0,-2523.0,33.6672,-101.6304,LUBBOCK|OUTSIDE CITY LIMITS|33.6672|-101.6304||US0062
3228,LUBBOCK,OUTSIDE CITY LIMITS,33.6672,-101.6357,NOT REPORTED,US0062,1312.0,4140.0,2828.0,33.6672,-101.6357,LUBBOCK|OUTSIDE CITY LIMITS|33.6672|-101.6357|NOT REPORTED|US0062
3229,LUBBOCK,OUTSIDE CITY LIMITS,33.6672,-101.6396,,US0062,4152.0,2060.0,-2092.0,33.6672,-101.6396,LUBBOCK|OUTSIDE CITY LIMITS|33.6672|-101.6396||US0062
3230,LUBBOCK,OUTSIDE CITY LIMITS,33.6672,-101.6415,NOT REPORTED,US0062,4152.0,1257.0,-2895.0,33.6672,-101.6415,LUBBOCK|OUTSIDE CITY LIMITS|33.6672|-101.6415|NOT REPORTED|US0062
3231,LUBBOCK,OUTSIDE CITY LIMITS,33.6672,-101.6433,NOT REPORTED,US0062,4152.0,3548.0,-604.0,33.6672,-101.6433,LUBBOCK|OUTSIDE CITY LIMITS|33.6672|-101.6433|NOT REPORTED|US0062
3232,LUBBOCK,OUTSIDE CITY LIMITS,33.6672,-101.6489,FM0400,US0062,4152.0,3215.0,-937.0,33.6672,-101.6489,LUBBOCK|OUTSIDE CITY LIMITS|33.6672|-101.6489|FM0400|US0062
3233,LUBBOCK,OUTSIDE CITY LIMITS,33.6672,-101.6499,,US0062,4152.0,4805.0,653.0,33.6672,-101.6499,LUBBOCK|OUTSIDE CITY LIMITS|33.6672|-101.6499||US0062
3234,LUBBOCK,OUTSIDE CITY LIMITS,33.6674,-101.7114,,E COUNTY ROAD 6100,4152.0,1429.0,-2723.0,33.6674,-101.7114,LUBBOCK|OUTSIDE CITY LIMITS|33.6674|-101.7114||E COUNTY ROAD 6100
3235,LUBBOCK,OUTSIDE CITY LIMITS,33.6685,-101.9400,FM2528,NOT REPORTED,1312.0,2898.0,1586.0,33.6685,-101.94,LUBBOCK|OUTSIDE CITY LIMITS|33.6685|-101.9400|FM2528|NOT REPORTED
3236,LUBBOCK,OUTSIDE CITY LIMITS,33.6701,-102.0096,,FM0179,4152.0,3687.0,-465.0,33.6701,-102.0096,LUBBOCK|OUTSIDE CITY LIMITS|33.6701|-102.0096||FM0179
3237,LUBBOCK,OUTSIDE CITY LIMITS,33.6710,-102.0096,FM0179,NOT REPORTED,4152.0,3291.0,-861.0,33.671,-102.0096,LUBBOCK|OUTSIDE CITY LIMITS|33.6710|-102.0096|FM0179|NOT REPORTED
3238,LUBBOCK,OUTSIDE CITY LIMITS,33.6716,-101.8710,,FM1264,1312.0,1029.0,-283.0,33.6716,-101.871,LUBBOCK|OUTSIDE CITY LIMITS|33.6716|-101.8710||FM1264
3239,LUBBOCK,OUTSIDE CITY LIMITS,33.6720,-101.9401,,FM2528,390.5,1534.0,1143.5,33.672,-101.9401,LUBBOCK|OUTSIDE CITY LIMITS|33.6720|-101.9401||FM2528
3240,LUBBOCK,OUTSIDE CITY LIMITS,33.6722,-101.8360,,IH0027,1312.0,5415.0,4103.0,33.6722,-101.836,LUBBOCK|OUTSIDE CITY LIMITS|33.6722|-101.8360||IH0027
3241,LUBBOCK,OUTSIDE CITY LIMITS,33.6727,-101.8710,,FM1264,390.5,2639.0,2248.5,33.6727,-101.871,LUBBOCK|OUTSIDE CITY LIMITS|33.6727|-101.8710||FM1264
3242,LUBBOCK,OUTSIDE CITY LIMITS,33.6739,-101.9801,NOT REPORTED,US0084,4152.0,3917.0,-235.0,33.6739,-101.9801,LUBBOCK|OUTSIDE CITY LIMITS|33.6739|-101.9801|NOT REPORTED|US0084
3243,LUBBOCK,OUTSIDE CITY LIMITS,33.6743,-101.8360,,IH0027,390.5,4974.0,4583.5,33.6743,-101.836,LUBBOCK|OUTSIDE CITY LIMITS|33.6743|-101.8360||IH0027
3244,LUBBOCK,OUTSIDE CITY LIMITS,33.6755,-101.9829,SL0388,US0084,4152.0,4356.0,204.0,33.6755,-101.9829,LUBBOCK|OUTSIDE CITY LIMITS|33.6755|-101.9829|SL0388|US0084
3245,LUBBOCK,OUTSIDE CITY LIMITS,33.6757,-101.9835,SL0388,US0084,4152.0,5445.0,1293.0,33.6757,-101.9835,LUBBOCK|OUTSIDE CITY LIMITS|33.6757|-101.9835|SL0388|US0084
3246,LUBBOCK,OUTSIDE CITY LIMITS,33.6759,-101.8361,,IH0027,4152.0,4997.0,845.0,33.6759,-101.8361,LUBBOCK|OUTSIDE CITY LIMITS|33.6759|-101.8361||IH0027
3247,LUBBOCK,OUTSIDE CITY LIMITS,33.6759,-101.9839,,US0084,390.5,3024.0,2633.5,33.6759,-101.9839,LUBBOCK|OUTSIDE CITY LIMITS|33.6759|-101.9839||US0084
3248,LUBBOCK,OUTSIDE CITY LIMITS,33.6761,-101.7149,FM1729,NOT REPORTED,4152.0,654.0,-3498.0,33.6761,-101.7149,LUBBOCK|OUTSIDE CITY LIMITS|33.6761|-101.7149|FM1729|NOT REPORTED
3249,LUBBOCK,OUTSIDE CITY LIMITS,33.6763,-101.7149,FM1729,NOT REPORTED,4152.0,2116.0,-2036.0,33.6763,-101.7149,LUBBOCK|OUTSIDE CITY LIMITS|33.6763|-101.7149|FM1729|NOT REPORTED
3250,LUBBOCK,OUTSIDE CITY LIMITS,33.6764,-101.9832,,SL0388,4152.0,915.0,-3237.0,33.6764,-101.9832,LUBBOCK|OUTSIDE CITY LIMITS|33.6764|-101.9832||SL0388
3251,LUBBOCK,OUTSIDE CITY LIMITS,33.6766,-101.9832,SL0388,US0084,4152.0,3500.0,-652.0,33.6766,-101.9832,LUBBOCK|OUTSIDE CITY LIMITS|33.6766|-101.9832|SL0388|US0084
3252,LUBBOCK,OUTSIDE CITY LIMITS,33.6768,-101.9858,NOT REPORTED,US0084,1312.0,4725.0,3413.0,33.6768,-101.9858,LUBBOCK|OUTSIDE CITY LIMITS|33.6768|-101.9858|NOT REPORTED|US0084
3253,LUBBOCK,OUTSIDE CITY LIMITS,33.6771,-101.9836,SL0388,US0084,4152.0,3022.0,-1130.0,33.6771,-101.9836,LUBBOCK|OUTSIDE CITY LIMITS|33.6771|-101.9836|SL0388|US0084
3254,LUBBOCK,OUTSIDE CITY LIMITS,33.6774,-101.9874,,US0084,4152.0,5129.0,977.0,33.6774,-101.9874,LUBBOCK|OUTSIDE CITY LIMITS|33.6774|-101.9874||US0084
3255,LUBBOCK,OUTSIDE CITY LIMITS,33.6783,-101.9891,SL0388,US0084,1312.0,4894.0,3582.0,33.6783,-101.9891,LUBBOCK|OUTSIDE CITY LIMITS|33.6783|-101.9891|SL0388|US0084
3256,LUBBOCK,OUTSIDE CITY LIMITS,33.6793,-101.8710,FM1264,FM1294,390.5,664.0,273.5,33.6793,-101.871,LUBBOCK|OUTSIDE CITY LIMITS|33.6793|-101.8710|FM1264|FM1294
3257,LUBBOCK,OUTSIDE CITY LIMITS,33.6793,-102.0059,,FM0179,4152.0,833.0,-3319.0,33.6793,-102.0059,LUBBOCK|OUTSIDE CITY LIMITS|33.6793|-102.0059||FM0179
3258,LUBBOCK,OUTSIDE CITY LIMITS,33.6794,-101.8361,,IH0027,4152.0,5797.0,1645.0,33.6794,-101.8361,LUBBOCK|OUTSIDE CITY LIMITS|33.6794|-101.8361||IH0027
3259,LUBBOCK,OUTSIDE CITY LIMITS,33.6808,-101.9947,,US0084,390.5,4172.0,3781.5,33.6808,-101.9947,LUBBOCK|OUTSIDE CITY LIMITS|33.6808|-101.9947||US0084
3260,LUBBOCK,OUTSIDE CITY LIMITS,33.6820,-101.7003,COUNTY ROAD 3200,CR6000,4152.0,4957.0,805.0,33.682,-101.7003,LUBBOCK|OUTSIDE CITY LIMITS|33.6820|-101.7003|COUNTY ROAD 3200|CR6000
3261,LUBBOCK,OUTSIDE CITY LIMITS,33.6825,-101.9982,,US0084,390.5,4940.0,4549.5,33.6825,-101.9982,LUBBOCK|OUTSIDE CITY LIMITS|33.6825|-101.9982||US0084
3262,LUBBOCK,OUTSIDE CITY LIMITS,33.6858,-101.8711,,FM1264,4152.0,3064.0,-1088.0,33.6858,-101.8711,LUBBOCK|OUTSIDE CITY LIMITS|33.6858|-101.8711||FM1264
3263,LUBBOCK,OUTSIDE CITY LIMITS,33.6865,-101.8796,,N ELGIN AVENUE,4152.0,4581.0,429.0,33.6865,-101.8796,LUBBOCK|OUTSIDE CITY LIMITS|33.6865|-101.8796||N ELGIN AVENUE
3264,LUBBOCK,OUTSIDE CITY LIMITS,33.6873,-101.7725,LIBERTY ROAD 2,N COUNTY ROAD 2750,1312.0,5085.0,3773.0,33.6873,-101.7725,LUBBOCK|OUTSIDE CITY LIMITS|33.6873|-101.7725|LIBERTY ROAD 2|N COUNTY ROAD 2750
3265,LUBBOCK,OUTSIDE CITY LIMITS,33.6873,-102.0050,NOT REPORTED,US0084,390.5,1913.0,1522.5,33.6873,-102.005,LUBBOCK|OUTSIDE CITY LIMITS|33.6873|-102.0050|NOT REPORTED|US0084
3266,LUBBOCK,OUTSIDE CITY LIMITS,33.6878,-101.8711,,FM1264,1312.0,995.0,-317.0,33.6878,-101.8711,LUBBOCK|OUTSIDE CITY LIMITS|33.6878|-101.8711||FM1264
3267,LUBBOCK,OUTSIDE CITY LIMITS,33.6882,-101.8362,,IH0027,1312.0,5714.0,4402.0,33.6882,-101.8362,LUBBOCK|OUTSIDE CITY LIMITS|33.6882|-101.8362||IH0027
3268,LUBBOCK,OUTSIDE CITY LIMITS,33.6889,-101.8711,FM1264,NOT REPORTED,4152.0,3084.0,-1068.0,33.6889,-101.8711,LUBBOCK|OUTSIDE CITY LIMITS|33.6889|-101.8711|FM1264|NOT REPORTED
3269,LUBBOCK,OUTSIDE CITY LIMITS,33.6899,-102.0066,NOT REPORTED,US0084,4152.0,3591.0,-561.0,33.6899,-102.0066,LUBBOCK|OUTSIDE CITY LIMITS|33.6899|-102.0066|NOT REPORTED|US0084
3270,LUBBOCK,OUTSIDE CITY LIMITS,33.6901,-102.0067,,US0084,4152.0,3152.0,-1000.0,33.6901,-102.0067,LUBBOCK|OUTSIDE CITY LIMITS|33.6901|-102.0067||US0084
3271,LUBBOCK,OUTSIDE CITY LIMITS,33.6910,-101.8736,ALMA STREET,N BOSTON AVENUE,4152.0,4498.0,346.0,33.691,-101.8736,LUBBOCK|OUTSIDE CITY LIMITS|33.6910|-101.8736|ALMA STREET|N BOSTON AVENUE
3272,LUBBOCK,OUTSIDE CITY LIMITS,33.6923,-101.8366,,IH0027,4152.0,4906.0,754.0,33.6923,-101.8366,LUBBOCK|OUTSIDE CITY LIMITS|33.6923|-101.8366||IH0027
3273,LUBBOCK,OUTSIDE CITY LIMITS,33.6928,-101.8354,,N I 27,4152.0,4518.0,366.0,33.6928,-101.8354,LUBBOCK|OUTSIDE CITY LIMITS|33.6928|-101.8354||N I 27
3274,LUBBOCK,OUTSIDE CITY LIMITS,33.6933,-101.9208,,FM1294,4152.0,3154.0,-998.0,33.6933,-101.9208,LUBBOCK|OUTSIDE CITY LIMITS|33.6933|-101.9208||FM1294
3275,LUBBOCK,OUTSIDE CITY LIMITS,33.6934,-101.8369,FM1294,IH0027,4152.0,5514.0,1362.0,33.6934,-101.8369,LUBBOCK|OUTSIDE CITY LIMITS|33.6934|-101.8369|FM1294|IH0027
3276,LUBBOCK,OUTSIDE CITY LIMITS,33.6935,-101.8951,,FM1294,4152.0,1791.0,-2361.0,33.6935,-101.8951,LUBBOCK|OUTSIDE CITY LIMITS|33.6935|-101.8951||FM1294
3277,LUBBOCK,OUTSIDE CITY LIMITS,33.6936,-101.9370,FM1294,NOT REPORTED,1312.0,1066.0,-246.0,33.6936,-101.937,LUBBOCK|OUTSIDE CITY LIMITS|33.6936|-101.9370|FM1294|NOT REPORTED
3278,LUBBOCK,OUTSIDE CITY LIMITS,33.6936,-102.0083,FM1294,US0084,4152.0,2748.0,-1404.0,33.6936,-102.0083,LUBBOCK|OUTSIDE CITY LIMITS|33.6936|-102.0083|FM1294|US0084
3279,LUBBOCK,OUTSIDE CITY LIMITS,33.6938,-101.9727,FM1294,NOT REPORTED,4152.0,3355.0,-797.0,33.6938,-101.9727,LUBBOCK|OUTSIDE CITY LIMITS|33.6938|-101.9727|FM1294|NOT REPORTED
3280,LUBBOCK,OUTSIDE CITY LIMITS,33.6938,-102.0084,FM1294,US0084,75.0,319.0,244.0,33.6938,-102.0084,LUBBOCK|OUTSIDE CITY LIMITS|33.6938|-102.0084|FM1294|US0084
3281,LUBBOCK,OUTSIDE CITY LIMITS,33.6938,-102.0177,,FM1294,1312.0,2440.0,1128.0,33.6938,-102.0177,LUBBOCK|OUTSIDE CITY LIMITS|33.6938|-102.0177||FM1294
3282,LUBBOCK,OUTSIDE CITY LIMITS,33.6939,-101.8198,,FM1294,390.5,3352.0,2961.5,33.6939,-101.8198,LUBBOCK|OUTSIDE CITY LIMITS|33.6939|-101.8198||FM1294
3283,LUBBOCK,OUTSIDE CITY LIMITS,33.6939,-101.8526,,FM1294,4152.0,883.0,-3269.0,33.6939,-101.8526,LUBBOCK|OUTSIDE CITY LIMITS|33.6939|-101.8526||FM1294
3284,LUBBOCK,OUTSIDE CITY LIMITS,33.6939,-102.0085,FM1294,US0084,669.0,296.0,-373.0,33.6939,-102.0085,LUBBOCK|OUTSIDE CITY LIMITS|33.6939|-102.0085|FM1294|US0084
3285,LUBBOCK,OUTSIDE CITY LIMITS,33.6940,-102.0085,FM1294,US0084,32.0,66.0,34.0,33.694,-102.0085,LUBBOCK|OUTSIDE CITY LIMITS|33.6940|-102.0085|FM1294|US0084
3286,LUBBOCK,OUTSIDE CITY LIMITS,33.6941,-101.8084,,FM1294,4152.0,2470.0,-1682.0,33.6941,-101.8084,LUBBOCK|OUTSIDE CITY LIMITS|33.6941|-101.8084||FM1294
3287,LUBBOCK,OUTSIDE CITY LIMITS,33.6941,-102.0086,FM1294,US0084,4152.0,4026.0,-126.0,33.6941,-102.0086,LUBBOCK|OUTSIDE CITY LIMITS|33.6941|-102.0086|FM1294|US0084
3288,LUBBOCK,OUTSIDE CITY LIMITS,33.6944,-101.8373,,IH0027,4152.0,5290.0,1138.0,33.6944,-101.8373,LUBBOCK|OUTSIDE CITY LIMITS|33.6944|-101.8373||IH0027
3289,LUBBOCK,OUTSIDE CITY LIMITS,33.6946,-101.7325,FM1294,FM1729,4152.0,543.0,-3609.0,33.6946,-101.7325,LUBBOCK|OUTSIDE CITY LIMITS|33.6946|-101.7325|FM1294|FM1729
3290,LUBBOCK,OUTSIDE CITY LIMITS,33.6952,-101.8375,IH0027,NOT REPORTED,4152.0,5751.0,1599.0,33.6952,-101.8375,LUBBOCK|OUTSIDE CITY LIMITS|33.6952|-101.8375|IH0027|NOT REPORTED
3291,LUBBOCK,OUTSIDE CITY LIMITS,33.6965,-101.6989,COUNTY ROAD 3200,DREW STREET,1312.0,3424.0,2112.0,33.6965,-101.6989,LUBBOCK|OUTSIDE CITY LIMITS|33.6965|-101.6989|COUNTY ROAD 3200|DREW STREET
3292,LUBBOCK,OUTSIDE CITY LIMITS,33.6989,-101.8388,IH0027,NOT REPORTED,1312.0,4880.0,3568.0,33.6989,-101.8388,LUBBOCK|OUTSIDE CITY LIMITS|33.6989|-101.8388|IH0027|NOT REPORTED
3293,LUBBOCK,OUTSIDE CITY LIMITS,33.6996,-102.0100,SL0388,US0084,4152.0,560.0,-3592.0,33.6996,-102.01,LUBBOCK|OUTSIDE CITY LIMITS|33.6996|-102.0100|SL0388|US0084
3294,LUBBOCK,OUTSIDE CITY LIMITS,33.7001,-102.0114,,US0084,4152.0,2408.0,-1744.0,33.7001,-102.0114,LUBBOCK|OUTSIDE CITY LIMITS|33.7001|-102.0114||US0084
3295,LUBBOCK,OUTSIDE CITY LIMITS,33.7005,-102.0117,,US0084,4152.0,5208.0,1056.0,33.7005,-102.0117,LUBBOCK|OUTSIDE CITY LIMITS|33.7005|-102.0117||US0084
3296,LUBBOCK,OUTSIDE CITY LIMITS,33.7007,-102.0119,,US0084,390.5,1569.0,1178.5,33.7007,-102.0119,LUBBOCK|OUTSIDE CITY LIMITS|33.7007|-102.0119||US0084
3297,LUBBOCK,OUTSIDE CITY LIMITS,33.7017,-101.9052,,N QUAKER AVENUE,4152.0,4709.0,557.0,33.7017,-101.9052,LUBBOCK|OUTSIDE CITY LIMITS|33.7017|-101.9052||N QUAKER AVENUE
3298,LUBBOCK,OUTSIDE CITY LIMITS,33.7031,-101.9749,,N COUNTY ROAD 1600,1312.0,3497.0,2185.0,33.7031,-101.9749,LUBBOCK|OUTSIDE CITY LIMITS|33.7031|-101.9749||N COUNTY ROAD 1600
3299,LUBBOCK,OUTSIDE CITY LIMITS,33.7040,-101.5962,FM0789,NOT REPORTED,4152.0,2756.0,-1396.0,33.704,-101.5962,LUBBOCK|OUTSIDE CITY LIMITS|33.7040|-101.5962|FM0789|NOT REPORTED
3300,LUBBOCK,OUTSIDE CITY LIMITS,33.7047,-101.8713,,FM1264,1312.0,1877.0,565.0,33.7047,-101.8713,LUBBOCK|OUTSIDE CITY LIMITS|33.7047|-101.8713||FM1264
3301,LUBBOCK,OUTSIDE CITY LIMITS,33.7058,-101.8399,IH0027,NOT REPORTED,4152.0,4921.0,769.0,33.7058,-101.8399,LUBBOCK|OUTSIDE CITY LIMITS|33.7058|-101.8399|IH0027|NOT REPORTED
3302,LUBBOCK,OUTSIDE CITY LIMITS,33.7077,-101.8398,,IH0027,390.5,5715.0,5324.5,33.7077,-101.8398,LUBBOCK|OUTSIDE CITY LIMITS|33.7077|-101.8398||IH0027
3303,LUBBOCK,OUTSIDE CITY LIMITS,33.7080,-102.0200,,US0084,4152.0,5056.0,904.0,33.708,-102.02,LUBBOCK|OUTSIDE CITY LIMITS|33.7080|-102.0200||US0084
3304,LUBBOCK,OUTSIDE CITY LIMITS,33.7083,-101.9682,,CR5800,4152.0,1565.0,-2587.0,33.7083,-101.9682,LUBBOCK|OUTSIDE CITY LIMITS|33.7083|-101.9682||CR5800
3305,LUBBOCK,OUTSIDE CITY LIMITS,33.7096,-101.8714,,FM1264,1312.0,1091.0,-221.0,33.7096,-101.8714,LUBBOCK|OUTSIDE CITY LIMITS|33.7096|-101.8714||FM1264
3306,LUBBOCK,OUTSIDE CITY LIMITS,33.7107,-101.9923,,N COUNTY ROAD 1500,4152.0,3890.0,-262.0,33.7107,-101.9923,LUBBOCK|OUTSIDE CITY LIMITS|33.7107|-101.9923||N COUNTY ROAD 1500
3307,LUBBOCK,OUTSIDE CITY LIMITS,33.7155,-101.8391,,IH0027,1312.0,5462.0,4150.0,33.7155,-101.8391,LUBBOCK|OUTSIDE CITY LIMITS|33.7155|-101.8391||IH0027
3308,LUBBOCK,OUTSIDE CITY LIMITS,33.7169,-102.0304,,US0084,1312.0,3975.0,2663.0,33.7169,-102.0304,LUBBOCK|OUTSIDE CITY LIMITS|33.7169|-102.0304||US0084
3309,LUBBOCK,OUTSIDE CITY LIMITS,33.7225,-101.9052,CR5700,N COUNTY ROAD 2000,1312.0,3031.0,1719.0,33.7225,-101.9052,LUBBOCK|OUTSIDE CITY LIMITS|33.7225|-101.9052|CR5700|N COUNTY ROAD 2000
3310,LUBBOCK,OUTSIDE CITY LIMITS,33.7226,-102.0269,FM0179,FM1729,4152.0,1737.0,-2415.0,33.7226,-102.0269,LUBBOCK|OUTSIDE CITY LIMITS|33.7226|-102.0269|FM0179|FM1729
3311,LUBBOCK,OUTSIDE CITY LIMITS,33.7294,-102.0451,NOT REPORTED,US0084,4152.0,2146.0,-2006.0,33.7294,-102.0451,LUBBOCK|OUTSIDE CITY LIMITS|33.7294|-102.0451|NOT REPORTED|US0084
3312,LUBBOCK,OUTSIDE CITY LIMITS,33.7298,-101.8716,,FM1264,4152.0,929.0,-3223.0,33.7298,-101.8716,LUBBOCK|OUTSIDE CITY LIMITS|33.7298|-101.8716||FM1264
3313,LUBBOCK,OUTSIDE CITY LIMITS,33.7357,-101.7673,,N COUNTY ROAD 2800,1312.0,3987.0,2675.0,33.7357,-101.7673,LUBBOCK|OUTSIDE CITY LIMITS|33.7357|-101.7673||N COUNTY ROAD 2800
3314,LUBBOCK,OUTSIDE CITY LIMITS,33.7362,-102.0531,NOT REPORTED,US0084,1312.0,3094.0,1782.0,33.7362,-102.0531,LUBBOCK|OUTSIDE CITY LIMITS|33.7362|-102.0531|NOT REPORTED|US0084
3315,LUBBOCK,OUTSIDE CITY LIMITS,33.7365,-101.8717,,FM1264,1312.0,928.0,-384.0,33.7365,-101.8717,LUBBOCK|OUTSIDE CITY LIMITS|33.7365|-101.8717||FM1264
3316,LUBBOCK,OUTSIDE CITY LIMITS,33.7373,-101.9099,,FM1729,390.5,1185.0,794.5,33.7373,-101.9099,LUBBOCK|OUTSIDE CITY LIMITS|33.7373|-101.9099||FM1729
3317,LUBBOCK,OUTSIDE CITY LIMITS,33.7374,-101.8717,,N COUNTY ROAD 2200,1312.0,1593.0,281.0,33.7374,-101.8717,LUBBOCK|OUTSIDE CITY LIMITS|33.7374|-101.8717||N COUNTY ROAD 2200
3318,LUBBOCK,OUTSIDE CITY LIMITS,33.7375,-101.7215,FM1729,NOT REPORTED,4152.0,720.0,-3432.0,33.7375,-101.7215,LUBBOCK|OUTSIDE CITY LIMITS|33.7375|-101.7215|FM1729|NOT REPORTED
3319,LUBBOCK,OUTSIDE CITY LIMITS,33.7387,-101.8717,,N CR 2200,4152.0,2278.0,-1874.0,33.7387,-101.8717,LUBBOCK|OUTSIDE CITY LIMITS|33.7387|-101.8717||N CR 2200
3320,LUBBOCK,OUTSIDE CITY LIMITS,33.7413,-102.0593,,US0084,390.5,3467.0,3076.5,33.7413,-102.0593,LUBBOCK|OUTSIDE CITY LIMITS|33.7413|-102.0593||US0084
3321,LUBBOCK,OUTSIDE CITY LIMITS,33.7445,-101.9400,,FM2528,4152.0,1242.0,-2910.0,33.7445,-101.94,LUBBOCK|OUTSIDE CITY LIMITS|33.7445|-101.9400||FM2528
3322,LUBBOCK,OUTSIDE CITY LIMITS,33.7466,-101.5963,,FM0789,4152.0,1249.0,-2903.0,33.7466,-101.5963,LUBBOCK|OUTSIDE CITY LIMITS|33.7466|-101.5963||FM0789
3323,LUBBOCK,OUTSIDE CITY LIMITS,33.7474,-102.0695,,US0084,4152.0,1964.0,-2188.0,33.7474,-102.0695,LUBBOCK|OUTSIDE CITY LIMITS|33.7474|-102.0695||US0084
3324,LUBBOCK,OUTSIDE CITY LIMITS,33.7477,-102.0701,NOT REPORTED,US0084,4152.0,5349.0,1197.0,33.7477,-102.0701,LUBBOCK|OUTSIDE CITY LIMITS|33.7477|-102.0701|NOT REPORTED|US0084
3325,LUBBOCK,OUTSIDE CITY LIMITS,33.7503,-101.5962,,FM0789,4152.0,1481.0,-2671.0,33.7503,-101.5962,LUBBOCK|OUTSIDE CITY LIMITS|33.7503|-101.5962||FM0789
3326,LUBBOCK,OUTSIDE CITY LIMITS,33.7520,-101.8023,CR2600,E COUNTY ROAD 5500,4152.0,2715.0,-1437.0,33.752,-101.8023,LUBBOCK|OUTSIDE CITY LIMITS|33.7520|-101.8023|CR2600|E COUNTY ROAD 5500
3327,LUBBOCK,OUTSIDE CITY LIMITS,33.7526,-102.0791,FM2130,US0084,1312.0,5051.0,3739.0,33.7526,-102.0791,LUBBOCK|OUTSIDE CITY LIMITS|33.7526|-102.0791|FM2130|US0084
3328,LUBBOCK,OUTSIDE CITY LIMITS,33.7564,-101.8375,,IH0027,1312.0,4656.0,3344.0,33.7564,-101.8375,LUBBOCK|OUTSIDE CITY LIMITS|33.7564|-101.8375||IH0027
3329,LUBBOCK,OUTSIDE CITY LIMITS,33.7572,-101.8375,,IH0027,4152.0,5499.0,1347.0,33.7572,-101.8375,LUBBOCK|OUTSIDE CITY LIMITS|33.7572|-101.8375||IH0027
3330,LUBBOCK,OUTSIDE CITY LIMITS,33.7582,-101.6657,,FM0400,4152.0,1870.0,-2282.0,33.7582,-101.6657,LUBBOCK|OUTSIDE CITY LIMITS|33.7582|-101.6657||FM0400
3331,LUBBOCK,OUTSIDE CITY LIMITS,33.7622,-101.8375,,IH0027,390.5,5079.0,4688.5,33.7622,-101.8375,LUBBOCK|OUTSIDE CITY LIMITS|33.7622|-101.8375||IH0027
3332,LUBBOCK,OUTSIDE CITY LIMITS,33.7653,-101.5962,,FM0789,4152.0,1040.0,-3112.0,33.7653,-101.5962,LUBBOCK|OUTSIDE CITY LIMITS|33.7653|-101.5962||FM0789
3333,LUBBOCK,OUTSIDE CITY LIMITS,33.7685,-101.8375,,IH0027,4152.0,5025.0,873.0,33.7685,-101.8375,LUBBOCK|OUTSIDE CITY LIMITS|33.7685|-101.8375||IH0027
3334,LUBBOCK,OUTSIDE CITY LIMITS,33.7781,-101.5962,FM0789,NOT REPORTED,390.5,1007.0,616.5,33.7781,-101.5962,LUBBOCK|OUTSIDE CITY LIMITS|33.7781|-101.5962|FM0789|NOT REPORTED
3335,LUBBOCK,OUTSIDE CITY LIMITS,33.7834,-101.8376,IH0027,NOT REPORTED,669.0,487.0,-182.0,33.7834,-101.8376,LUBBOCK|OUTSIDE CITY LIMITS|33.7834|-101.8376|IH0027|NOT REPORTED
3336,LUBBOCK,OUTSIDE CITY LIMITS,33.7836,-101.6440,,E COUNTY ROAD 5300,4152.0,3746.0,-406.0,33.7836,-101.644,LUBBOCK|OUTSIDE CITY LIMITS|33.7836|-101.6440||E COUNTY ROAD 5300
3337,LUBBOCK,OUTSIDE CITY LIMITS,33.7840,-101.5962,,FM0789,1312.0,559.0,-753.0,33.784,-101.5962,LUBBOCK|OUTSIDE CITY LIMITS|33.7840|-101.5962||FM0789
3338,LUBBOCK,OUTSIDE CITY LIMITS,33.7914,-101.8376,,IH0027,4152.0,5520.0,1368.0,33.7914,-101.8376,LUBBOCK|OUTSIDE CITY LIMITS|33.7914|-101.8376||IH0027
3339,LUBBOCK,OUTSIDE CITY LIMITS,33.7926,-101.8376,IH0027,NOT REPORTED,4152.0,5131.0,979.0,33.7926,-101.8376,LUBBOCK|OUTSIDE CITY LIMITS|33.7926|-101.8376|IH0027|NOT REPORTED
3340,LUBBOCK,OUTSIDE CITY LIMITS,33.7953,-101.9198,,CR5200,4152.0,1644.0,-2508.0,33.7953,-101.9198,LUBBOCK|OUTSIDE CITY LIMITS|33.7953|-101.9198||CR5200
3341,LUBBOCK,OUTSIDE CITY LIMITS,33.7987,-101.8377,,IH0027,4152.0,5609.0,1457.0,33.7987,-101.8377,LUBBOCK|OUTSIDE CITY LIMITS|33.7987|-101.8377||IH0027
3342,LUBBOCK,OUTSIDE CITY LIMITS,33.8029,-101.8376,IH0027,NOT REPORTED,4152.0,5498.0,1346.0,33.8029,-101.8376,LUBBOCK|OUTSIDE CITY LIMITS|33.8029|-101.8376|IH0027|NOT REPORTED
3343,LUBBOCK,OUTSIDE CITY LIMITS,33.8034,-101.8376,IH0027,NOT REPORTED,390.5,5083.0,4692.5,33.8034,-101.8376,LUBBOCK|OUTSIDE CITY LIMITS|33.8034|-101.8376|IH0027|NOT REPORTED
3344,LUBBOCK,OUTSIDE CITY LIMITS,33.8072,-101.8377,IH0027,NOT REPORTED,1312.0,5666.0,4354.0,33.8072,-101.8377,LUBBOCK|OUTSIDE CITY LIMITS|33.8072|-101.8377|IH0027|NOT REPORTED
3345,LUBBOCK,OUTSIDE CITY LIMITS,33.8098,-101.8542,CR5100,N CR 2300,1312.0,1947.0,635.0,33.8098,-101.8542,LUBBOCK|OUTSIDE CITY LIMITS|33.8098|-101.8542|CR5100|N CR 2300
3346,LUBBOCK,OUTSIDE CITY LIMITS,33.8098,-101.8640,,CR5100,4152.0,3292.0,-860.0,33.8098,-101.864,LUBBOCK|OUTSIDE CITY LIMITS|33.8098|-101.8640||CR5100
3347,LUBBOCK,OUTSIDE CITY LIMITS,33.8111,-101.8541,,N COUNTY ROAD 2300,4152.0,4485.0,333.0,33.8111,-101.8541,LUBBOCK|OUTSIDE CITY LIMITS|33.8111|-101.8541||N COUNTY ROAD 2300
3348,LUBBOCK,OUTSIDE CITY LIMITS,33.8125,-101.7522,,FM0597,4152.0,1057.0,-3095.0,33.8125,-101.7522,LUBBOCK|OUTSIDE CITY LIMITS|33.8125|-101.7522||FM0597
3349,LUBBOCK,OUTSIDE CITY LIMITS,33.8131,-101.8150,FM0597,NOT REPORTED,4152.0,628.0,-3524.0,33.8131,-101.815,LUBBOCK|OUTSIDE CITY LIMITS|33.8131|-101.8150|FM0597|NOT REPORTED
3350,LUBBOCK,OUTSIDE CITY LIMITS,33.8134,-101.8154,FM0597,NOT REPORTED,390.5,1170.0,779.5,33.8134,-101.8154,LUBBOCK|OUTSIDE CITY LIMITS|33.8134|-101.8154|FM0597|NOT REPORTED
3351,LUBBOCK,OUTSIDE CITY LIMITS,33.8155,-101.9399,,FM2528,390.5,723.0,332.5,33.8155,-101.9399,LUBBOCK|OUTSIDE CITY LIMITS|33.8155|-101.9399||FM2528
3352,LUBBOCK,OUTSIDE CITY LIMITS,33.8167,-101.8541,,N COUNTY ROAD 2300,4152.0,4193.0,41.0,33.8167,-101.8541,LUBBOCK|OUTSIDE CITY LIMITS|33.8167|-101.8541||N COUNTY ROAD 2300
3353,LUBBOCK,OUTSIDE CITY LIMITS,33.8244,-101.9070,,FM0597,4152.0,1147.0,-3005.0,33.8244,-101.907,LUBBOCK|OUTSIDE CITY LIMITS|33.8244|-101.9070||FM0597
3354,LUBBOCK,OUTSIDE CITY LIMITS,33.8244,-101.9241,,FM0597,4152.0,1005.0,-3147.0,33.8244,-101.9241,LUBBOCK|OUTSIDE CITY LIMITS|33.8244|-101.9241||FM0597
3355,LUBBOCK,OUTSIDE CITY LIMITS,33.8246,-101.8609,FM0597,NOT REPORTED,4152.0,530.0,-3622.0,33.8246,-101.8609,LUBBOCK|OUTSIDE CITY LIMITS|33.8246|-101.8609|FM0597|NOT REPORTED
3356,LUBBOCK,OUTSIDE CITY LIMITS,33.8248,-101.9399,FM0597,FM2528,1312.0,1204.0,-108.0,33.8248,-101.9399,LUBBOCK|OUTSIDE CITY LIMITS|33.8248|-101.9399|FM0597|FM2528
3357,LUBBOCK,SHALLOWATER,33.6843,-102.0010,FM0179,US0084,4152.0,1843.0,-2309.0,33.6843,-102.001,LUBBOCK|SHALLOWATER|33.6843|-102.0010|FM0179|US0084
3358,LUBBOCK,SHALLOWATER,33.6844,-102.0011,NOT REPORTED,US0084,4152.0,4985.0,833.0,33.6844,-102.0011,LUBBOCK|SHALLOWATER|33.6844|-102.0011|NOT REPORTED|US0084
3359,LUBBOCK,SHALLOWATER,33.6853,-102.0024,,US0084,4152.0,3769.0,-383.0,33.6853,-102.0024,LUBBOCK|SHALLOWATER|33.6853|-102.0024||US0084
3360,LUBBOCK,SHALLOWATER,33.6911,-102.0004,AVENUE G,CLOVIS ROAD,1312.0,4332.0,3020.0,33.6911,-102.0004,LUBBOCK|SHALLOWATER|33.6911|-102.0004|AVENUE G|CLOVIS ROAD
3361,LUBBOCK,SHALLOWATER,33.6917,-101.9957,10TH STREET,TEXAS AVENUE,4152.0,4543.0,391.0,33.6917,-101.9957,LUBBOCK|SHALLOWATER|33.6917|-101.9957|10TH STREET|TEXAS AVENUE
3362,LUBBOCK,SLATON,33.4199,-101.6427,S 9TH STREET,US0084,669.0,330.0,-339.0,33.4199,-101.6427,LUBBOCK|SLATON|33.4199|-101.6427|S 9TH STREET|US0084
3363,LUBBOCK,SLATON,33.4209,-101.6444,NOT REPORTED,US0084,4152.0,1889.0,-2263.0,33.4209,-101.6444,LUBBOCK|SLATON|33.4209|-101.6444|NOT REPORTED|US0084
3364,LUBBOCK,SLATON,33.4280,-101.6391,E EDWARDS STREET,S 6TH STREET,4152.0,1660.0,-2492.0,33.428,-101.6391,LUBBOCK|SLATON|33.4280|-101.6391|E EDWARDS STREET|S 6TH STREET
3365,LUBBOCK,SLATON,33.4299,-101.6542,S 18TH STREET,W JEAN STREET,4152.0,4615.0,463.0,33.4299,-101.6542,LUBBOCK|SLATON|33.4299|-101.6542|S 18TH STREET|W JEAN STREET
3366,LUBBOCK,SLATON,33.4304,-101.6609,,US0084,4152.0,3712.0,-440.0,33.4304,-101.6609,LUBBOCK|SLATON|33.4304|-101.6609||US0084
3367,LUBBOCK,SLATON,33.4328,-101.6431,BU0084E,W DIVISION STREET,4152.0,2621.0,-1531.0,33.4328,-101.6431,LUBBOCK|SLATON|33.4328|-101.6431|BU0084E|W DIVISION STREET
3368,LUBBOCK,SLATON,33.4339,-101.6617,S 22ND STREET,W DIVISION STREET,4152.0,1689.0,-2463.0,33.4339,-101.6617,LUBBOCK|SLATON|33.4339|-101.6617|S 22ND STREET|W DIVISION STREET
3369,LUBBOCK,SLATON,33.4339,-101.6619,FM0041,S 22ND STREET,4152.0,1132.0,-3020.0,33.4339,-101.6619,LUBBOCK|SLATON|33.4339|-101.6619|FM0041|S 22ND STREET
3370,LUBBOCK,SLATON,33.4339,-101.6639,FM0041,US0084,4152.0,4634.0,482.0,33.4339,-101.6639,LUBBOCK|SLATON|33.4339|-101.6639|FM0041|US0084
3371,LUBBOCK,SLATON,33.4340,-101.6431,,BU0084E,4152.0,1216.0,-2936.0,33.434,-101.6431,LUBBOCK|SLATON|33.4340|-101.6431||BU0084E
3372,LUBBOCK,SLATON,33.4341,-101.6431,BU0084E,W DIVISION STREET,4152.0,2567.0,-1585.0,33.4341,-101.6431,LUBBOCK|SLATON|33.4341|-101.6431|BU0084E|W DIVISION STREET
3373,LUBBOCK,SLATON,33.4341,-101.6459,FM0041,S 11TH STREET,4152.0,3540.0,-612.0,33.4341,-101.6459,LUBBOCK|SLATON|33.4341|-101.6459|FM0041|S 11TH STREET
3374,LUBBOCK,SLATON,33.4342,-101.6431,FM0041,S 9TH STREET,4152.0,611.0,-3541.0,33.4342,-101.6431,LUBBOCK|SLATON|33.4342|-101.6431|FM0041|S 9TH STREET
3375,LUBBOCK,SLATON,33.4344,-101.6643,,US0084,390.5,4456.0,4065.5,33.4344,-101.6643,LUBBOCK|SLATON|33.4344|-101.6643||US0084
3376,LUBBOCK,SLATON,33.4353,-101.6526,S 16TH STREET,W LUBBOCK STREET,4152.0,3180.0,-972.0,33.4353,-101.6526,LUBBOCK|SLATON|33.4353|-101.6526|S 16TH STREET|W LUBBOCK STREET
3377,LUBBOCK,SLATON,33.4377,-101.6441,,BU0084E,4152.0,780.0,-3372.0,33.4377,-101.6441,LUBBOCK|SLATON|33.4377|-101.6441||BU0084E
3378,LUBBOCK,SLATON,33.4464,-101.6464,FM 400,INDUSTRIAL BOULEVARD,75.0,96.0,21.0,33.4464,-101.6464,LUBBOCK|SLATON|33.4464|-101.6464|FM 400|INDUSTRIAL BOULEVARD
3379,LUBBOCK,SLATON,33.4465,-101.6465,,BU0084E,4152.0,1482.0,-2670.0,33.4465,-101.6465,LUBBOCK|SLATON|33.4465|-101.6465||BU0084E
3380,LUBBOCK,SLATON,33.4486,-101.6502,BU0084E,WOODROW ROAD,669.0,233.0,-436.0,33.4486,-101.6502,LUBBOCK|SLATON|33.4486|-101.6502|BU0084E|WOODROW ROAD
3381,LUBBOCK,SLATON,33.4531,-101.6575,INDUSTRIAL BOULEVARD,N 20TH STREET,2031.5,371.0,-1660.5,33.4531,-101.6575,LUBBOCK|SLATON|33.4531|-101.6575|INDUSTRIAL BOULEVARD|N 20TH STREET
3382,LUBBOCK,SLATON,33.4531,-101.6663,,US0084,1312.0,2766.0,1454.0,33.4531,-101.6663,LUBBOCK|SLATON|33.4531|-101.6663||US0084
3383,LUBBOCK,SLATON,33.4533,-101.6574,,FM0400,4152.0,2354.0,-1798.0,33.4533,-101.6574,LUBBOCK|SLATON|33.4533|-101.6574||FM0400
3384,LUBBOCK,SLATON,33.4560,-101.6666,,US0084,4152.0,2969.0,-1183.0,33.456,-101.6666,LUBBOCK|SLATON|33.4560|-101.6666||US0084
3385,LUBBOCK,SLATON,33.4567,-101.6669,,US0084,4152.0,4344.0,192.0,33.4567,-101.6669,LUBBOCK|SLATON|33.4567|-101.6669||US0084
3386,LUBBOCK,SLATON,33.4571,-101.6646,INDUSTRIAL DRIVE,US0084,4152.0,2654.0,-1498.0,33.4571,-101.6646,LUBBOCK|SLATON|33.4571|-101.6646|INDUSTRIAL DRIVE|US0084
3387,LUBBOCK,SLATON,33.4589,-101.6688,,US0084,1312.0,4003.0,2691.0,33.4589,-101.6688,LUBBOCK|SLATON|33.4589|-101.6688||US0084
3388,LUBBOCK,SLATON,33.4590,-101.6690,,US0084,4152.0,5210.0,1058.0,33.459,-101.669,LUBBOCK|SLATON|33.4590|-101.6690||US0084
3389,LUBBOCK,SLATON,33.4595,-101.6695,BU0084E,US0084,2031.5,494.0,-1537.5,33.4595,-101.6695,LUBBOCK|SLATON|33.4595|-101.6695|BU0084E|US0084
3390,LUBBOCK,SLATON,33.4595,-101.6695,,US0084,4152.0,5467.0,1315.0,33.4595,-101.6695,LUBBOCK|SLATON|33.4595|-101.6695||US0084
3391,LUBBOCK,SLATON,33.4597,-101.6698,,US0084,4152.0,5579.0,1427.0,33.4597,-101.6698,LUBBOCK|SLATON|33.4597|-101.6698||US0084
3392,LUBBOCK,SLATON,33.4598,-101.6699,,US0084,1312.0,4751.0,3439.0,33.4598,-101.6699,LUBBOCK|SLATON|33.4598|-101.6699||US0084
3393,LUBBOCK,SLATON,33.4617,-101.6730,,US0084,1312.0,4243.0,2931.0,33.4617,-101.673,LUBBOCK|SLATON|33.4617|-101.6730||US0084
3394,LUBBOCK,SLATON,33.4897,-101.6580,,FM0400,1312.0,1542.0,230.0,33.4897,-101.658,LUBBOCK|SLATON|33.4897|-101.6580||FM0400
3395,LUBBOCK,WOLFFORTH,33.4907,-102.0090,E 20TH STREET,FM0179,4152.0,4448.0,296.0,33.4907,-102.009,LUBBOCK|WOLFFORTH|33.4907|-102.0090|E 20TH STREET|FM0179
3396,LUBBOCK,WOLFFORTH,33.4932,-102.0090,FM0179,US0062,390.5,4513.0,4122.5,33.4932,-102.009,LUBBOCK|WOLFFORTH|33.4932|-102.0090|FM0179|US0062
3397,LUBBOCK,WOLFFORTH,33.4949,-102.0090,E 15TH STREET,FM0179,4152.0,4520.0,368.0,33.4949,-102.009,LUBBOCK|WOLFFORTH|33.4949|-102.0090|E 15TH STREET|FM0179
3398,LUBBOCK,WOLFFORTH,33.4972,-102.0090,FM0179,US0062,1312.0,2952.0,1640.0,33.4972,-102.009,LUBBOCK|WOLFFORTH|33.4972|-102.0090|FM0179|US0062
3399,LUBBOCK,WOLFFORTH,33.4987,-102.0263,,CR1300,4152.0,5161.0,1009.0,33.4987,-102.0263,LUBBOCK|WOLFFORTH|33.4987|-102.0263||CR1300
3400,LUBBOCK,WOLFFORTH,33.5001,-102.0221,,US0062,390.5,4920.0,4529.5,33.5001,-102.0221,LUBBOCK|WOLFFORTH|33.5001|-102.0221||US0062
3401,LUBBOCK,WOLFFORTH,33.5003,-102.0174,,US0062,390.5,3473.0,3082.5,33.5003,-102.0174,LUBBOCK|WOLFFORTH|33.5003|-102.0174||US0062
3402,LUBBOCK,WOLFFORTH,33.5018,-102.0097,,US0062,4152.0,5488.0,1336.0,33.5018,-102.0097,LUBBOCK|WOLFFORTH|33.5018|-102.0097||US0062
3403,LUBBOCK,WOLFFORTH,33.5021,-102.0090,FM0179,US0062,2031.5,502.0,-1529.5,33.5021,-102.009,LUBBOCK|WOLFFORTH|33.5021|-102.0090|FM0179|US0062
3404,LUBBOCK,WOLFFORTH,33.5028,-102.0090,,FM0179,4152.0,1961.0,-2191.0,33.5028,-102.009,LUBBOCK|WOLFFORTH|33.5028|-102.0090||FM0179
3405,LUBBOCK,WOLFFORTH,33.5038,-102.0090,,FM0179,4152.0,918.0,-3234.0,33.5038,-102.009,LUBBOCK|WOLFFORTH|33.5038|-102.0090||FM0179
3406,LUBBOCK,WOLFFORTH,33.5039,-102.0055,,US0062,4152.0,4510.0,358.0,33.5039,-102.0055,LUBBOCK|WOLFFORTH|33.5039|-102.0055||US0062
3407,LUBBOCK,WOLFFORTH,33.5059,-102.0149,,SL0193,4152.0,2016.0,-2136.0,33.5059,-102.0149,LUBBOCK|WOLFFORTH|33.5059|-102.0149||SL0193
3408,LUBBOCK,WOLFFORTH,33.5062,-102.0028,,US0062,4152.0,5565.0,1413.0,33.5062,-102.0028,LUBBOCK|WOLFFORTH|33.5062|-102.0028||US0062
3409,LUBBOCK,WOLFFORTH,33.5083,-102.0015,,US0062,1312.0,4732.0,3420.0,33.5083,-102.0015,LUBBOCK|WOLFFORTH|33.5083|-102.0015||US0062
3410,LUBBOCK,WOLFFORTH,33.5089,-102.0090,,FM0179,4152.0,986.0,-3166.0,33.5089,-102.009,LUBBOCK|WOLFFORTH|33.5089|-102.0090||FM0179
3411,LUBBOCK,WOLFFORTH,33.5119,-102.0000,FM0179,US0062,1312.0,3179.0,1867.0,33.5119,-102.0,LUBBOCK|WOLFFORTH|33.5119|-102.0000|FM0179|US0062
3412,LUBBOCK,WOLFFORTH,33.5150,-102.0090,FM0179,TIGER STREET,4152.0,2687.0,-1465.0,33.515,-102.009,LUBBOCK|WOLFFORTH|33.5150|-102.0090|FM0179|TIGER STREET
3413,LUBBOCK,WOLFFORTH,33.5160,-101.9978,,US0062,390.5,3701.0,3310.5,33.516,-101.9978,LUBBOCK|WOLFFORTH|33.5160|-101.9978||US0062
3414,LUBBOCK,WOLFFORTH,33.5190,-101.9947,PRESIDENTS AVENUE,US0062,1312.0,4895.0,3583.0,33.519,-101.9947,LUBBOCK|WOLFFORTH|33.5190|-101.9947|PRESIDENTS AVENUE|US0062
3415,LUBBOCK,WOLFFORTH,33.5191,-102.0090,,FM0179,4152.0,2055.0,-2097.0,33.5191,-102.009,LUBBOCK|WOLFFORTH|33.5191|-102.0090||FM0179
3416,LUBBOCK,WOLFFORTH,33.5192,-101.9943,82ND STREET,US0062,2031.5,471.0,-1560.5,33.5192,-101.9943,LUBBOCK|WOLFFORTH|33.5192|-101.9943|82ND STREET|US0062
3417,LUBBOCK,WOLFFORTH,33.5196,-101.9938,,US0062,1312.0,5616.0,4304.0,33.5196,-101.9938,LUBBOCK|WOLFFORTH|33.5196|-101.9938||US0062
3418,LUBBOCK,WOLFFORTH,33.5197,-101.9937,FM0179,US0062,1312.0,201.0,-1111.0,33.5197,-101.9937,LUBBOCK|WOLFFORTH|33.5197|-101.9937|FM0179|US0062
3419,LUBBOCK,WOLFFORTH,33.5197,-101.9941,,DONALD PRESTON DRIVE,4152.0,2211.0,-1941.0,33.5197,-101.9941,LUBBOCK|WOLFFORTH|33.5197|-101.9941||DONALD PRESTON DRIVE
3420,LUBBOCK,WOLFFORTH,33.5197,-101.9981,CAMBRIDGE DRIVE,DONALD PRESTON DRIVE,4152.0,1351.0,-2801.0,33.5197,-101.9981,LUBBOCK|WOLFFORTH|33.5197|-101.9981|CAMBRIDGE DRIVE|DONALD PRESTON DRIVE
3421,LUBBOCK,WOLFFORTH,33.5197,-102.0010,CAMBRIDGE DRIVE,DONALD PRESTON DRIVE,4152.0,5309.0,1157.0,33.5197,-102.001,LUBBOCK|WOLFFORTH|33.5197|-102.0010|CAMBRIDGE DRIVE|DONALD PRESTON DRIVE
3422,LUBBOCK,WOLFFORTH,33.5197,-102.0010,,DONALD PRESTON DRIVE,4152.0,2592.0,-1560.0,33.5197,-102.001,LUBBOCK|WOLFFORTH|33.5197|-102.0010||DONALD PRESTON DRIVE
3423,LUBBOCK,WOLFFORTH,33.5197,-102.0072,,CR7100,4152.0,5048.0,896.0,33.5197,-102.0072,LUBBOCK|WOLFFORTH|33.5197|-102.0072||CR7100
3424,LUBBOCK,WOLFFORTH,33.5197,-102.0090,DONALD PRESTON DRIVE,FM0179,1312.0,1875.0,563.0,33.5197,-102.009,LUBBOCK|WOLFFORTH|33.5197|-102.0090|DONALD PRESTON DRIVE|FM0179
3425,LUBBOCK,WOLFFORTH,33.5197,-102.0096,,CR7100,4152.0,4204.0,52.0,33.5197,-102.0096,LUBBOCK|WOLFFORTH|33.5197|-102.0096||CR7100
3426,LUBBOCK,WOLFFORTH,33.5197,-102.0119,,CR7100,4152.0,2729.0,-1423.0,33.5197,-102.0119,LUBBOCK|WOLFFORTH|33.5197|-102.0119||CR7100
3427,LUBBOCK,WOLFFORTH,33.5221,-102.0038,,HAMPSHIRE AVENUE,4152.0,4420.0,268.0,33.5221,-102.0038,LUBBOCK|WOLFFORTH|33.5221|-102.0038||HAMPSHIRE AVENUE
3428,LUBBOCK,WOLFFORTH,33.5253,-102.0090,,FM0179,4152.0,1742.0,-2410.0,33.5253,-102.009,LUBBOCK|WOLFFORTH|33.5253|-102.0090||FM0179
3429,LUBBOCK,WOLFFORTH,33.5265,-102.0091,FM0179,N 7TH STREET,4152.0,1635.0,-2517.0,33.5265,-102.0091,LUBBOCK|WOLFFORTH|33.5265|-102.0091|FM0179|N 7TH STREET
3430,LUBBOCK,WOLFFORTH,33.5342,-101.9917,66TH STREET,ALCOVE AVENUE,4152.0,2541.0,-1611.0,33.5342,-101.9917,LUBBOCK|WOLFFORTH|33.5342|-101.9917|66TH STREET|ALCOVE AVENUE
